X0,X1,X2,X3,X4,X5,X6,X7,X8,X9,X10,X11,X12,X13,X14,X15,X16,X17,X18,X19,X20,X21,X22,X23,X24,X25,X26,X27,X28,X29,X30,X31,X32,X33,X34,X35,X36,X37,X38,X39,X40,X41,X42,X43,X44,X45,X46,X47,X48,X49,X50,X51,X52,X53,X54,X55,X56,X57,X58,X59,X60,X61,X62,X63,X64,X65,X66,X67,X68,X69,X70,X71,X72,X73,X74,X75,X76,X77,X78,X79,y
0.30471707975443135,-1.0399841062404955,0.7504511958064572,0.9405647163912139,-1.9510351886538364,-1.302179506862318,0.12784040316728537,-0.3162425923435822,-0.016801157504288795,-0.85304392757358,0.8793979748628286,0.7777919354289483,0.06603069756121605,1.1272412069680329,0.4675093422520456,-0.8592924628832382,0.36875078408249884,-0.9588826008289989,0.8784503013072725,-0.049925910986252896,-0.18486236354526056,-0.6809295444039414,1.2225413386740303,-0.15452948206880215,-0.4283278221631072,-0.3521335504882296,0.5323091855533487,0.36544406436407834,0.4127326115959884,0.43082100300788273,2.1416476008704612,-0.4064150163846156,-0.5122427290715373,-0.8137727282478777,0.6159794225754956,1.1289722927208916,-0.11394745765487507,-0.840156476962528,-0.8244812156912396,0.6505927878247011,0.7432541712034423,0.543154268305195,-0.6655097072886943,0.23216132306671977,0.11668580914072822,0.21868859672901295,0.8714287779481898,0.22359554877468227,0.6789135630718949,0.06757906948889146,0.28911939868998415,0.6312882258385404,-1.4571558198556664,-0.31967121635730134,-0.4703726542927955,-0.6388778482433419,-0.27514225122668373,1.4949413112343959,-0.8658311156932432,0.9682783545914808,-1.6828697716158048,-0.33488502998577485,0.1627530651050056,0.5862223313592781,0.711226579792855,0.7933472351999252,-0.3487250722484376,-0.46235179266456716,0.8579758812571538,-0.1913043248816149,-1.2756863233379219,-1.1332872140034806,-0.9194522860016113,0.49716074405376404,0.14242573607056525,0.6904853540677682,-0.42725264633653426,0.15853969107671423,0.6255903939673367,-0.3093465397202384,-2.4211571358241506
0.45677523755741145,-0.6619259410666513,-0.3630538465650718,-0.3817378939983291,-1.1958396455890397,0.4869724807855818,-0.46940234020272387,0.01249411872768743,0.48074665890590895,0.4465311760299441,0.6653851089727862,-0.09848548450942361,-0.42329831204415375,-0.07971821090639905,-1.6873344339580298,-1.4471124724230873,-1.3226996123544024,-0.9972468276014818,0.3997742267234366,-0.9054790553600608,-0.3781625540393897,1.2992282977860654,-0.35626397106142593,0.7375155684670865,-0.933617680009877,-0.20543755786763002,-0.9500220549105812,-0.3390330759005625,0.8403081374573955,-1.7273204231923487,0.43442364354585733,0.2377356023322779,-0.5941499556967944,-1.4460578543884546,0.07212950771386951,-0.5294927090638024,0.23267621135470395,0.02185214552344288,1.6017788913209154,-0.23935562747302427,-1.023497492621865,0.17927563495631615,0.21999668397176517,1.3591875752404365,0.8351112459145785,0.35687105914950934,1.4633028912195618,-1.188763054322851,-0.6397515327497477,-0.9265759414055249,-0.38980980315576796,-1.3766861475563088,0.6351509468144043,-0.22222269709877338,-1.4708062945026579,-1.0155790812075416,0.3135138474501953,0.8381265678943811,1.9967308916917865,2.9138624660073296,0.4144094332759964,-0.9895381200318641,-2.132046280731309,0.2677114623438358,-0.812941095310326,-0.41535726017968533,-0.6120967990598081,-0.14079088641638526,1.0659802307876436,0.15704856744534462,-0.1586348370386883,-1.0356537528258116,-1.674682944704357,-0.4863079090733309,-0.05378255081832049,1.767929913579883,0.13027452147288585,0.9827395110230576,-0.49929559853915206,-1.1849437664170246,-0.5558453560658956
-0.9651167622323719,-0.7252260645357532,2.1284697324351645,-0.8213866792243861,0.838489203736345,-0.9029271780870264,0.9315730128742441,0.38495096610586316,-0.1566378976580904,-0.040762526135434025,-0.6547876954293904,0.44607220148208054,-0.45498348034078,-1.2256057637672482,-1.2779375743196193,0.17258791772211948,1.579091256410435,0.15999161357343825,-0.11863832610988256,0.2858261396025429,1.3060017417068248,0.21938250136385634,-0.41092723083373717,1.1062887100598888,0.4287564384616135,1.535755991995992,0.18323443722190613,-1.2244690317205003,-1.368159199245665,1.6509279322312496,1.723665720783297,-0.17951921328260065,-0.38318732113598775,1.4614442922422022,-1.107045682043488,-0.8947270189558264,0.6433267946890444,-0.3946051228595896,-0.005121866720071296,-0.16344289852451258,0.33757454879893356,1.4074818613137168,0.09058490690174555,0.6439387932768579,-2.0501721010310225,-0.04871840193011795,-0.8432302702928711,-1.218813060423628,-0.8781523669287508,-0.33412344070081207,0.9159025423560131,-1.326392717739564,0.030631492594417446,-0.4841694333335785,-0.32767309436196085,1.0027578253046041,0.5381154370039261,1.3373981074427437,-0.15450567924990047,-0.695942611670703,-0.22385881688049952,0.2424967912712216,0.17657335845371103,-1.0843880722333665,0.09048978162787422,0.22822833013890514,2.5174740375339204,1.8768446112816701,-0.8532433505588201,-0.2873833615491761,-1.4634420018370031,-0.5907070139634865,0.3156050035903405,1.2058536208882336,-0.7290838377436085,-0.6541464400677965,-2.147289029738655,-0.16266592054490767,-1.062414411859563,-0.5294394273660737,-0.6950435262764436
-0.8768607781675882,-0.09426255425255699,-1.7577283913566313,-1.4670452453909906,2.129247112028298,-1.287422581274031,-1.0967855784546396,1.836913528321314,2.905067169240407,-1.1715666288253417,-0.36824895678803055,0.34155555094050954,1.7286976444055924,-0.9868570784282374,-0.24527784594210975,0.777337576061744,0.43476607446661863,-0.37615607123009925,-0.13382296451604114,-1.3748958083699818,-0.23817374397466523,-0.2663874900089551,0.23216988962625595,-0.555327218819016,0.471538522545139,1.0127158178198286,0.15542932766846604,0.35175640839920347,0.053155347577867364,8.439309141418043e-05,-0.7215580335428474,0.316494261673308,-0.09728659841348947,2.093168308930595,1.5733549024752425,0.3858465525565008,-0.7630572096947675,-1.112411471983418,1.191142953088865,0.2627492251471385,0.4801434033916108,-1.7445859869741926,0.9274384815581808,0.45442033821436295,-1.110430684414478,-0.47152480744994896,0.2637172043565196,0.05246679835624363,-0.292171185803555,-0.10348826806596086,-0.25197737820688537,0.15256251210246857,1.471491972993157,-2.5666584409312976,-0.23685026450968424,0.17651242137244696,0.2959939896870995,-0.37191458132128985,-1.7567217824785826,0.32799548371410964,1.727350214164185,-1.5338614049161376,0.8638280136981883,-0.3285252231228939,-0.0613243458288473,-1.052898510703949,-0.33445617235587666,1.3000445946989585,0.582655241987707,1.732311605409944,1.1774118889776937,0.4390866789295762,1.743934526167792,0.43899315873829875,0.8279881767970589,-0.29657095353470836,0.06654581585920483,-0.6974238233002769,0.989583934594853,-1.1783036231148656,-1.463506080244307
0.7823503424176613,-0.19065105750515945,1.1712470934673194,0.7508689887312598,1.8206461576468016,0.7307746911386448,-1.5720402556532407,-0.06695317289820084,-1.172007192594816,-0.5182798423662747,1.5112284332767216,0.637533810897696,-0.6989304285787463,-1.013717366440399,0.03278209287626079,-1.2165601493811278,-0.6711402773965811,0.31200947155124387,1.1553120361066962,0.6087614722244398,-2.2912895085981,0.3043667290302598,0.07203357323257792,0.41389028537269307,1.6162096816512073,-2.063238276804743,-0.5911034251911056,0.5909063227933546,-1.5815943994539423,1.475949048053509,0.3683566127006584,0.846583985843404,-0.5709436615217945,0.8137636899662105,1.0684715559890383,0.23287802013716835,0.23440089269869593,0.2703432392817259,-0.8633452647393817,-0.14752868024035293,-0.1525225324523588,0.3833938643534951,0.9998242469102946,-1.0585360819784093,-0.12500903031957764,1.4814555476589732,-0.7435882288125641,-0.8222500172903203,0.20230619183119358,0.8443851904853201,0.01142605556065933,1.3289605904369892,0.8567939825665268,0.8418200668900618,0.5541165013240933,2.327653100346085,-0.2051616888660442,-2.003522292066514,1.604254361517141,-0.45769943095682564,0.10788044434303304,1.309550684860527,-1.6022595410589253,-1.2516472141061394,-1.6012779371188537,-0.7941362900254239,0.43963660601699356,0.524187842812771,0.27627417932855375,-1.4127658838923665,-2.310103436632644,0.054353585390382264,-0.47177603363833576,0.45938577171661177,0.7019536262212701,0.13824143205868192,0.7601330853758538,0.22921137411506842,0.5300647056014667,-0.7046732628698824,2.466324754612573
-0.17961141383145854,0.19677609665695725,0.8205284754174188,-0.3937411722245721,0.5211672557321126,-0.265838791915379,-0.11754216732813036,0.829519042024073,-1.993060371054156,-1.296472328074761,-1.4821853974428207,-2.3336161198483047,-0.6782644401551767,0.7494338997277404,-0.28488406638257474,0.19779008194185213,1.0892174967107926,1.3276861322676916,-0.06913793472613955,1.3535858895693973,0.09212665843410921,-0.8373982238274621,-0.5944003521987352,-1.4805365125650163,-0.8881338537336524,-0.35801668807442916,0.8035850193786016,1.7207698311659838,-1.38218151537704,0.39282746825991893,-1.0405439391575344,0.47469708846320197,-0.1310866506877266,-1.8309058258475304,0.9282969915684843,-0.605000712808731,-0.5339002383735546,-1.06975241128969,-0.6542832766875555,0.4278904406949172,-0.18924434093640552,0.32866200228248105,0.3619218539288437,1.320661655528167,-0.3427861508643793,-1.4768578168457318,1.067222416571983,-0.3314881720972547,1.114592444577377,0.3833771131824704,-0.13113753020334493,0.3487758940462951,1.9510125601262995,2.076980529053753,0.0693811351327787,0.1601905933170753,1.0762401574663856,-0.8456610327673472,0.3330703726182551,-0.0258628479538564,0.3139082114575536,-0.8333688059494058,-1.589567493308969,-2.0729834359912918,-1.1173841129896078,-0.458675284939333,-0.2931915866487618,1.9372311624295169,1.1059933699072981,-0.9620911163416273,0.34770845245095694,-0.4070782363503251,-0.28436383804009513,0.18532564941538202,0.6191711169753933,-0.33925848388401536,1.0638515327343585,-1.141938226142404,0.006339062362268442,2.5976737265958323,0.8677986140896012
0.2230797426252751,1.4332145066061728,0.09152017817320818,0.5807770953297967,-0.056783194392691534,-0.17040758116420443,-0.7794823967254196,0.4303013589575532,-0.8515371891857679,0.6655852363134291,1.08528700444591,0.36653140723722993,-0.28624873355569186,0.4539655793086961,-0.3086730555464126,0.9355471254651493,-1.8314060842151236,-0.3356073681186462,-1.9908119951239978,-1.495060830227205,1.3638622298139094,0.895184981971686,-0.7194802332847904,-1.502503456040897,-2.964528837841651,-0.5434955079326346,2.4204150122474024,0.4348842714636474,-0.5595722860494895,0.46508020950030626,-1.5609583529944429,-0.29732336269763543,0.09947747301573849,-0.08610065182104851,0.7908061216900806,0.34464522623605237,0.668326018107997,-0.6883722822307594,0.8978154084105481,1.6289369476239914,-0.9701495196514126,-0.8876956557145598,1.3357843363202329,-0.19134398669506028,1.403821392066557,-0.4425357118921839,1.4550455762707113,0.13148581680545218,0.2582288233226952,1.5647180216699044,-0.36177047744417123,-0.9411220959249583,-0.44856420802835434,0.4523339506431387,-1.5657590721805144,0.6374709026511215,-0.5387713176177432,1.1478126607335635,-2.3942603049004716,-0.7865657751041687,-1.686468151234102,-0.8262294663639526,0.24766590110894313,-0.1792266254497549,-0.25337756894801494,-0.1591848713800608,0.20338824061994343,-1.0085360419431078,0.7068496408990508,0.6626659703854839,0.385037937656101,0.5565334427512632,0.2964180008086595,2.0350733027310675,-0.0870941710525099,-0.30708321833457675,-0.7535275803573779,-1.0322626705778368,-1.2444717876010754,-0.8887973132309185,1.3337728366687736
-0.07068038165207131,0.3342951284977145,0.051142058552161786,-0.765535277429713,0.9001845640199633,0.7394126723009475,-0.159648307422017,-0.652916144664712,0.5484279208297995,0.18797358748610446,-1.4481272594150476,-0.0679802559844049,0.26203581207438104,-0.8996947864877538,0.189843392837443,-1.4548224852577891,1.3361861000121709,1.2479499850594318,-0.25251733430296475,0.36345433783907316,-2.409921965799875,-1.1563476602653329,-0.2937789201521298,-1.0721330214268592,0.7143964826306588,1.997296530747994,-1.176614719429302,-0.8374634040851927,0.23544836830993032,1.6111161484996208,-1.2223743125399031,0.24903612230694197,1.8212988508131087,-1.6517591481792673,-1.281069206845832,-0.42360660646083825,-0.520588412855411,0.8126012877536446,0.24165971982083806,-1.7749620596421283,0.5154104029008109,-0.5775388873556505,1.274447216941239,-0.6275875364369197,-0.6366152831022357,0.5411316108045314,0.7629264823369366,0.4480993639362036,-1.6855973173848082,0.5380344399282511,-1.034308051674399,0.2352761115882635,-1.4237344353990602,0.44632214754306365,-0.8065989043073726,-1.2826346502605217,0.7138201364823995,0.2416445216767513,-0.6139768013928971,1.4511788490210642,-0.44065242156974244,0.03210767397093466,0.2689134476786009,-0.6196659341286136,0.47113629339992935,-0.5334523471647244,-0.4116383222162092,1.362642639803341,-1.040586052512433,-2.41278033092949,1.6109369950118944,2.549327952607003,-0.40526926544933184,-1.9368380406201853,-0.31048397619594376,-0.2862229498406692,-0.18992384102225704,-1.1133880419218483,0.5795611424764774,0.5245073752860862,2.0992937818808843
-1.4944056198193065,0.6991967316948878,2.052684981945891,0.17196033243705985,-0.33732516206850605,-0.1420032144075213,0.6152567669685612,-1.7306716055072182,0.16439070297730224,-0.3904639494628101,1.8478250129560454,-0.17417273380495787,1.6678876111195198,-1.1037406977820072,0.5872591668027922,0.3194002637912288,-0.8690472478647824,0.17739611463694044,1.2125188368316004,-0.3237917042866007,-1.6919626491697632,-0.01756282647744591,-0.9024230947925126,-0.3423409386638824,-0.08158776968512098,-1.7056522160155172,-1.615658339320678,0.48206683552552526,-0.5227186961696804,-2.564744341820567,0.7848440366081351,0.27236975527423984,-0.713874824036484,-1.3168302110582415,0.8358078963143372,0.3493506225604296,2.3826022826840734,0.42018859872493736,0.3877031412620148,-0.16692793010856513,0.816775867200791,0.6250852012481537,1.251725008565195,-0.5213229186372847,-0.4354074729439623,-0.4791031709119801,0.7908017211789892,1.498374440296732,-0.45884049314930064,-0.42477372779309125,0.3140772238697992,-0.24576150001290142,0.95205365313989,-2.2517772906190467,-0.8267050469168946,-0.7824163339614458,-2.320356012386145,-0.9636384443688041,-0.9151561158459262,-0.20110465451883033,1.1129658916602636,-0.24506065119070236,-1.0308137202711538,-0.056954541213528984,1.0491736214413494,-0.9759588161149049,-0.9105748839214486,0.5585489592742234,-0.22153611573080054,0.6474846907094743,-0.013646791795296761,0.701663648089567,-1.0350781140406409,-0.01208465078826744,-0.21069001436315682,-1.2158909241041307,-1.5634779478686884,0.6857490352746618,-0.3509523822179781,-1.0222802816473295,-0.9543884064744275
-0.09617893692333225,1.1280188573493026,-2.280737845371923,-1.4966386899033264,-0.9228864418952676,1.461178866720329,0.2825869829192965,0.7673172404612268,-1.1401609191262305,-1.1195358752705262,0.4478137167227104,0.05827433093544655,0.5487388188641266,-0.18767099092845213,0.278143726454627,0.15811908490510918,0.7777673890849254,0.8070082819444706,-1.6198719943917699,-2.2472685553408556,1.0017453976515072,1.1877250932619365,-1.0206230195133374,-1.8598354065456286,0.09903482100720092,0.9308382263505294,1.7975945224343146,0.516297572101451,-0.37171669658569495,-0.8931306215848627,0.011451291670654416,-0.2992647038852564,-1.0150679057288161,2.0487556508632867,1.785168402072131,1.1360486835554284,-0.9208503978091276,0.8550193242972788,0.6396264094979018,0.44254562420405297,1.2496652670437771,0.6353711428612774,0.7400142363043355,0.6369062833722101,0.3407914080021059,-1.7836111297141835,0.08362107741055723,-0.5561919588491252,-1.2798409576400205,1.681816619300824,1.7289953408857035,1.359220600295612,0.2552134168558746,1.3506251209526567,0.012053180601825543,0.20279727689777938,-1.093471370461983,0.39699130449884,0.0603859284244171,-1.3026521168344645,-0.051197111816596905,-0.07972956385680847,1.79756116664464,0.8942133285134095,0.011445439091466015,0.248787309801083,0.044212378104198057,-0.20291398479554773,-1.0824271973882869,-0.15105187760692926,-0.7460982566525134,-1.2503155389231464,0.5112218145475347,0.39126465993323495,-1.786707511368078,-0.12268463749512722,0.9957013858999235,1.0592237388963208,1.0258368428852387,0.0389132069014598,1.2851814067681226
-0.8450453279691511,-1.0836988273580606,0.3446049047503575,0.379280034365163,1.2873311116050654,1.0999796503420836,-0.1322286565311721,-1.2442058788608694,-0.31910659701089783,0.21723119481052466,-0.2020832453894041,-0.5778941080776558,0.2528848149698989,-0.5039577414106104,-0.628066083725374,0.31145283430343956,-0.4019925801292048,0.24410438897835213,0.2732040228521227,-1.1394290010915746,-0.4812411238654122,1.4377769399164624,-1.1620795127342871,-2.116654448970531,-1.8618451532425115,0.029109946576669203,0.03091727803269891,-0.11761085542512094,1.2141898289285016,-2.672834433102938,0.3959338744308236,1.5614382018035733,-1.127780764891714,-0.3798065117898951,-0.7528919172286209,-0.8943460460775288,-0.32626200502304,1.4274852836845047,1.8373866754875203,-0.3359392250401477,1.9050602140644701,0.035576476984624864,1.753691026701081,-0.09329864965349177,0.1310578260461443,0.36547447264283456,3.1788536793675353,0.8512855748447891,-0.7072645299514636,0.9689978702758579,-0.3618325370843415,-0.48975018290120914,0.9086013598921112,0.031085587771152785,0.2785759145118061,0.013985221865292462,0.3365831266054347,0.4249658974361492,-1.9369669327054153,0.6665726686095336,-0.9820194198303006,-1.4422991355594112,-0.05841124385868244,0.08398100331445427,-0.6935061645722808,0.8310318576679744,-1.342175166370907,-0.40694374877255896,-0.5848741349330007,-0.04658727033933937,0.2788642846472388,-1.0078929496235447,0.7242826774562282,0.06300236833469973,-1.8919462533119105,-1.958591440397031,-0.012319292929311235,-0.2209673177863541,-0.1034201135746335,-0.02798245653021798,-2.7613340561830237
0.22555983951018072,0.9476496098482997,-1.1111049009175582,-1.1719715929007948,-1.0933238578873825,0.2889166671687069,1.2449473786464456,-0.4313394382395105,-2.5016998441596545,-1.7039928626103755,-0.8330367227960116,-0.5577288874952148,-0.4083886272547264,0.038581122980917065,-0.3117463308224471,1.0493396105434072,-0.6760173056813688,-0.862317959475543,0.4788755385204616,-1.5356420699261193,0.3896917053200022,0.10255318372626686,-0.1474424899181674,1.5882761071492624,-0.6222074452947179,2.0602981705240784,-0.2254314492280993,-1.2770164449702281,0.0699195809948253,-1.0762452003187681,-0.7517558478135002,0.39703330001549114,0.5555820886501248,-0.6221677002542582,0.9874051450464006,1.157507758021134,1.436301756563291,0.5294134071257222,1.3634287120856987,-1.8807984279740577,-0.31790654862846257,-0.8670052563234263,0.11922586112739209,-0.5714492191967373,-0.16615784194973238,1.8821748802040494,-0.1697197964203783,0.4137923171902139,-0.2322693299242352,0.07571328795683367,0.006016680436071459,0.4483240659731595,1.165307535547177,1.6473939976033294,0.30962008190916684,0.5895468860356021,-1.150864509185567,-0.08787674241562057,0.940289464883589,0.8659686384171532,0.21160973279505021,0.8863939595679524,0.49076670899381886,1.2003062582593216,0.2893591569571111,-0.35569831557103465,0.33584125693302364,-2.9305943758527757,0.38288573638504947,-3.6484128252147836,-1.723463407405418,0.45176860094098414,0.47752933726679525,-1.1624287801399305,-0.7121020418789388,1.370540988614132,-0.48403013157267616,2.242920312402985,-0.001919853176346149,0.4080361768812668,1.7563992680435196
1.6168743984986076,0.13102711619341956,-1.0023439806908012,-0.10972745169429012,-0.03561073619009093,-1.3647416522015654,-0.25583207134082336,-0.7421920939974367,0.9243577571874341,0.03461187418525562,-0.28279574914757005,-0.10618193062257626,0.22312201840616613,0.6168141996897798,-0.9997122286693814,-1.0415876326212719,1.10467921540253,-0.4123368722047306,-1.416842092596874,0.44381270938310463,0.4633698060326869,-1.5307152572567064,0.2294817154636063,0.7355830924283736,0.37438645170626306,0.6319814837613953,-1.404269098090749,0.3310401549961956,-0.30261975947044656,-0.4827901587246448,0.8705556094197265,1.47927451067423,1.794370054600359,1.314807871505905,-0.10973418163018368,0.35272016302634307,0.7668228717842437,0.12117794929946196,0.13076418791154437,0.823753131876182,-0.059282646025932216,-0.7292869363736615,-0.4144730658358585,0.6339103777337424,0.002993291199955732,0.34020997686833787,0.6700792422021898,-0.3748414628976096,0.7562481636298061,0.37884260345839443,-1.2348130869114786,1.4423047911862443,-0.5007447437569161,-1.6550953431851838,-1.0450437095863023,-1.021045160678322,0.05217331865753347,-0.2738505055462372,-0.33683196764059287,0.6197019654824789,0.3398753611927038,0.31604787064428624,0.40982845732869266,0.6161346680022383,-2.107953341777443,-0.3644382522644612,-2.180210064489474,0.03605992679779541,-0.00463297222434532,1.0455322747896802,1.1876343927211208,0.20277504825236733,-0.5003610773968998,0.48516111254573785,-0.5279176373243135,-0.001392651443348899,0.9861363169607678,-0.5577713459894236,0.8056786392425009,0.6774013686923024,2.6145864972855217
-0.9547918171308215,0.973894128217401,0.6985663453715051,0.10192588737265744,-0.7623234580276522,-0.85920601857557,-0.5376625769030224,0.54259446329196,-0.9556251674013979,0.4375122486198699,-1.2417555288783926,-0.20406858443884895,0.10964775457400863,2.4451301450589167,-1.3773156555203674,1.4720145664901334,0.14984241398728004,0.41117191801596314,0.11834791338820451,0.444726818195233,-0.15368510436201774,1.4540501814574582,-0.4564711442247224,1.1322345721792477,-0.6443671202130229,-0.06025184640128695,-1.0719625522902192,0.4550237203475199,1.4451259569265338,-0.07735617982085408,-0.19688569870390954,-1.1146169630679268,-0.2292926535523081,-1.5927942597215277,-0.9128779867188273,0.22678604610913541,1.3190131977413961,2.809210861229503,-0.5865850850709007,1.43530015664544,0.2437524804016479,-0.15124764674637586,0.4325944517261522,0.06191648367995918,0.11039572561221853,-0.4083331628266692,-1.3981096597988507,-1.5436252025220816,0.653244883281227,-0.2767000900857134,-0.5960888996561666,0.008505626723153567,0.7949322529156275,0.1803639430263982,-0.6560549366409674,1.2262929556489497,1.579185502981632,0.4945566553228533,0.9736635113440901,1.241959996813811,1.1300993164045137,0.6140991771126236,0.5983470470748828,0.5196605733465026,-1.0973376745470436,0.7007231568595857,-1.355813971126554,-0.7945994551250549,1.3035650678080875,0.8402201626941975,1.4873982896858626,-0.27167438368729224,-1.1522488412767675,-0.24043719707034283,0.1020312972405742,0.07898871634000969,1.1336804787567016,-0.36127042500344553,0.35203447180292424,-0.9886271494346061,-1.7005581042976692
0.450317278043813,0.003108550185636745,-0.7498133382845175,-0.2358293621748528,-0.18417574651522164,-0.2701551293370962,1.7713412422676835,-0.09844600230787963,-0.24389611017733773,-2.0974509576101417,-0.8942073519794773,-0.26307342445635284,-0.6858526761766428,1.381707593377797,-0.16493777539621862,1.2884442493182524,0.061704634050368024,0.037227836421576635,-0.08879644771250095,0.0037962516214591325,1.7187950030498593,-2.3196107267512183,-2.001545744438679,-0.5431708310561139,0.014527881937568883,0.6901044247640123,0.4730871980274752,-0.3842459128805702,1.0190436932417624,1.030195403152731,0.18405783127156553,0.9626575724868413,0.2726452634321288,-0.5614830267828836,0.6978168390000047,0.11061312257867771,0.001339846754486929,1.4729535721895743,-2.4508721285400865,-1.4176841701595697,-1.18707042637437,-0.3632606475688056,-0.2546081697660301,-1.5073256477730475,-0.9851580323108263,-0.8608416785235702,2.457424092075892,1.8017419477471466,-0.4117494176846493,-0.3635832903067989,-1.1492039971882941,-1.9081304132252668,-0.11688018640852403,-0.9978519832440257,-0.08485053166200977,-1.6002058490434774,-0.7619744583102578,0.14862709530283086,0.3662095977839374,0.41747195874201454,-1.3204889841570373,0.8546857301355617,-0.8002116966018503,0.6328579146073064,-0.010638676618193147,-1.3763874990779479,-0.31619770458118795,0.3653637420637676,0.612965380474599,-0.14098789744441861,1.5317788906010528,1.007510770986559,-0.25665411639975283,0.7501218121369445,1.9337934851881868,1.960484600783027,-1.2279998808224974,-0.9265331111571506,1.484918786733851,-1.0582810508376372,-0.119205045871143
-1.322541133291679,-0.4861941306990469,0.42022670947458574,-0.10239670661109637,-0.6505636204055921,-0.674212461724509,-0.7123370644127087,-0.8795096286589426,2.2816328772760617,0.2975110711855549,0.8867590544047386,-0.4890774681189237,-0.18595667718604886,-0.713553981370355,-2.651708334919202,-1.3780092768478662,-1.8106186799803947,-2.2497837779516074,-1.1953589742981028,1.3249556793816308,-0.04443616770435442,1.290563762321174,0.4109825769008753,0.7825588257151592,-0.9008969953045751,0.5239509541926708,0.7287142340743459,-0.5766472922336929,0.5595403706161663,0.5661877585748329,-0.5495526211300829,-1.122768432270995,-1.1841283318982723,0.08650554192146179,0.3270098687893148,-0.7925258304579145,0.02658534132609864,0.5705370361384854,0.6181907146653008,1.5518801201224885,1.2769808321980434,-1.001291432756544,1.6835862095380225,-0.5309765045557148,1.0448728124544275,0.06798662605108885,-0.4121493784569676,-1.8076968597749328,-0.1715645102163482,-1.559383235305609,0.9672992358427723,1.516792657139248,-0.7969109892966902,0.30197074251927114,-0.7253915220079754,-0.6284847301367896,0.7744947038653713,-0.03853826184341251,1.7396480419310116,-0.482232478702921,0.9993363324744892,0.09741341295778198,0.7957780097442332,-0.4471576573299467,-0.04955883755158271,-0.11549887929893475,-0.8360571148457872,0.6620815345817527,0.6502490055783642,0.5935546949055667,1.5369656539176446,1.4493448012363035,-0.37494468984913537,0.37305231843417824,-0.6236006892582127,0.023355316114555456,-0.5997494491188647,1.620070309136051,0.3636981503429628,-0.21802912810442213,-3.3239319285033213
1.193618571856377,-2.1706154097954116,-2.0141025948652898,0.7958386552197739,0.06046844811736806,0.25044630026076065,-1.3263961033185487,-0.023233710850366202,2.003509410401342,0.8241996197958629,0.1697065451428121,-0.43905391010493766,-0.39457285186939384,-2.1291978892000176,0.2576404209211606,0.8454831084818539,-1.5756193271706151,-0.661416892306816,-1.157464632233422,-0.9653511948087635,0.05348162682190022,-2.0844021549884744,0.614270438357064,0.7538550699336822,-0.2511025880369125,-2.4807085099845416,-0.9964186260023896,1.2329019341026966,-2.7779942807285725,-0.34752341219351923,-1.180000778467259,0.8045703015848366,-0.6751139521434614,0.40395402073561154,0.5654604191690931,1.83622583973002,-0.20294194367537022,0.37604436962261134,-1.485055479127436,1.190413563293744,-0.7605088480713647,-0.5607541640877456,-0.022247794849210738,-1.5628843453398495,0.228770028928938,0.9674662729250108,0.2929338234972916,-1.588897564178725,-0.12380929432965958,0.7420289029794906,-1.8779887659659078,-1.074766013817714,0.87654360408152,0.27009543419728654,0.41197158212675383,1.8594948076233115,0.4685527785062026,0.6578880104331793,2.710745527218326,-0.2138045580904907,-0.7978827636184951,0.4277963982471327,0.4389910293888949,-0.5267153919462082,-1.0323970195548475,2.309844422090078,0.3268434703880229,-0.7322853814020757,0.9159303022795986,-0.1091451515613345,-0.25288144631783127,0.5622728719144933,-1.29188226823169,0.3526272039171724,1.9129548077317522,0.46617766219731077,-0.3762121037834645,-0.507105280428242,-0.41033997334510935,-0.25396267804778105,-3.0632079093873332
-0.377806532758272,0.9163114410745667,-1.7332091032089831,0.862000050412134,-0.3796865251425611,0.37694778569537224,-1.1269879102008638,1.328631066849436,1.245634960171873,0.9595905257500736,-1.5147547757935393,0.8291210710660528,0.4048550876357089,-1.6052712471325676,-0.02429738377081549,0.3645344890332625,0.5560752738231508,0.17726136694885572,0.2912314168473797,1.4736113922530956,1.2260339099106798,-2.8670549537827434,-0.317438554837682,-0.16465102754395128,-1.7520985727269711,0.09418305823231217,1.2487577724105066,-1.0865678595905903,0.3364009386898723,-0.9158234772964378,-0.6719120236796768,1.477393634170035,-0.542557820111825,0.46221248901062467,-1.871218116060987,1.8623175613948801,0.602652446306499,-0.18249984265026167,0.5755465099998948,-1.4098194289478103,1.1825307417526572,-0.3239847754964302,-0.2040695150484347,-0.49165561496548443,-0.5806514027455847,0.6946706116284086,0.25590685010422287,0.6517481414030399,-0.008794689485571452,0.513199811077181,-0.41884874392503835,2.2297318414095484,-1.5679304164304986,1.2609373235629844,1.3679074507209708,-0.8521588059655938,2.2292736105559734,0.9954902829453182,0.9711390068229115,0.028022187025876687,-0.21722615821867644,-0.20940882703960811,0.3905305963195172,1.4011862750338961,0.1813142178614196,-0.9114436231372903,0.8244270623849798,0.9211507463947922,0.6546595284477861,0.7454989065249826,-0.2709281301578081,-0.9289891671305796,-0.8681934306407798,-1.635463248457858,0.23694861154594976,-0.08344878322659362,-0.43998770452970876,-2.95561882434507,-1.247317469694169,1.1208406514031668,-2.7143935106493555
-0.664626000063131,0.3605916776568414,-1.3906854299752562,1.4387054823592311,-0.1440276600546764,0.2900403964835352,2.325779791881685,1.5164401005894037,-0.3065656212870578,-0.5932201848703592,-0.3255450115195318,0.5098982484765356,-0.10522413425087113,-0.39524414500347166,1.4671812507090423,-0.11420989177783689,2.2995890930373193,0.09074256375217302,1.7853183942247275,0.3573194227106268,0.9629605732494478,-0.7246110515177244,-0.8537592225874118,0.4597059550149875,0.9885532424653152,0.040256502000462865,-1.2863933350836971,-1.360258366289327,-1.4271364021862412,-1.767622112939381,0.10948535944708751,1.1250439217080253,-0.013415786924808768,-2.2604147573378524,-0.19076046033454871,-0.1627989966326071,2.0959987502254394,-1.4571379129195563,-0.3906776025991957,1.7058526805445642,0.44997834134654807,0.5633130735164247,0.11458443702387822,0.32994353865726456,0.777609530278536,-0.8094863188927663,0.8780585789081998,-1.3730030168855392,0.3283679728315381,0.17874096328632716,-0.6162930881921079,-0.022685275325646737,-0.6225401526655531,-1.0717013268617444,-0.35361474161364437,-1.1039886353716615,0.3227974640932481,-1.1500854941523635,0.7119770229910514,-1.18147906792882,-0.5662949155810063,-0.624603408215179,1.3251467288748389,0.33028994561659186,-0.21173380254439425,0.4987194410697233,-2.107192347329688,-0.043133589640907445,1.9975141778047627,0.13234650640267256,0.0679131691693355,0.5481283796421961,0.8956052433143455,-1.9974666928898597,-1.6823264817910268,0.21029129108614655,-0.7148765618975097,1.3120252622199142,-0.3151743898852239,-1.9345307357131178,-3.438432993938005
-1.268013916843997,-2.7496760196305754,-0.23412553728291255,-0.18838412726438336,-0.42446270978189776,1.0788790390297387,1.1985198365166936,-0.1703884233561112,-2.134693667476856,0.6172815804922585,0.5553602285085755,0.309391570156945,0.9814797493081158,-1.16482809646104,2.008755386185139,-0.959427753141868,0.7492229272008546,-1.6873476944133516,-0.9302646872700508,1.5163686467253361,-0.2608998230008499,0.8399226051327979,0.2369553887192461,-0.10495815600017268,1.3638503249326897,-0.23665882465190033,-1.7807381075634705,-0.8032400919517051,0.5511917287016942,0.39550910636250813,-1.5670582502354382,-0.724342519408201,-0.5817213492022466,-0.365469594114225,-1.3759135886015514,-0.6283711081194786,-0.7286104852595274,0.7715332597619193,0.8091213109902438,-0.145810458088816,-0.3920397958707315,0.1399243120391134,-0.8165751074555749,-1.146832082167441,-0.9402212089257169,-0.6348131639714567,-1.163473799792271,0.16205955906287475,0.7297156737837084,-1.5870983007982418,0.02512871121603335,-0.21993579526633558,0.3415086855368029,-0.012938768103588062,-1.4535992799316308,-1.2623892988571654,0.029423575584972723,1.0287809197455093,-2.214187371043003,0.34572657980157995,1.1896220052876432,-0.1530258762062131,0.5502024960264408,-0.7030690808978022,-0.11936619927687682,-1.6209135183081516,-2.344343308418874,0.9427658012252752,-0.9849949277244419,-0.4555278450034305,-1.3864422532701932,-1.4099697030838758,-0.17383770009461635,-0.7295771941356465,0.37797099799469847,0.4525384189795919,0.32084964632460716,0.2386007909284437,1.5777682049318862,-1.067593769044886,-7.432821564193768
-0.05493486620291775,1.1326898205195888,1.2645398093380364,-1.4217636493445729,-0.3123554416558699,1.3581210958672605,0.5080791051990653,0.19526303147977275,-0.21768469343465674,-0.38380092570774543,0.2882190630903242,-0.25237412498448336,-0.04257862104444418,0.07859870611503737,-0.6780715284934992,0.5321293738814383,2.9142446484154196,-1.7769866393260751,0.3240125241899799,-0.7601900886189056,0.57740257751925,0.04655747332786092,0.7618547740424635,1.1755065765087795,0.19242111776818133,1.1320522884141782,-2.3442978937886774,1.5904522979160232,0.3750621518923401,1.0778433557451819,-1.2198757448415216,-0.8307698816053357,0.14593829414477413,-0.017037889337463016,0.2830685880099896,1.0845151609299661,-1.7652203153028492,0.9738190717173091,0.008281909957927018,-0.20378186112454774,-1.4711152343848903,0.503048668376865,-2.414107851031037,0.6483940112387127,-1.492105835472992,0.053457912617474034,-0.11916883732792043,1.1695381472938837,-0.17865516901389017,-0.6941385611456656,-0.506602695971203,1.2728827687546636,0.5362969691808936,-0.3856299815231613,-0.23644641996451343,-1.567177090585447,0.388474200851541,-1.7598157076954657,0.7517964658354561,0.12862159249126584,2.3869517995739225,-1.1001355537243058,-0.10266209104063294,1.7982877009230627,1.1913896402914144,-0.6962120515798997,0.22396742837344774,0.001999356415087233,0.2819558673941572,-0.6986804359848298,-0.08932040270073452,-1.5980523752767137,0.13512345186808206,0.45002067342183205,-0.227419412643884,-1.6150508905847878,0.9885318628514624,0.3645250379928023,-0.7260150977009768,-0.28060044683806395,3.9836928569054417
-1.5006694027818388,-1.0254101277779044,-0.5378113463571395,1.2284208122801512,-0.6395033908874757,0.6402136593287587,-0.5383162028615798,0.24794756085187486,-0.14139550214380217,0.8730566000927434,-0.5348113382185579,-1.572528250002441,-1.3819490313636327,-0.5318774939427574,-1.2490599706780527,0.4102120156795513,-0.4657681648580778,2.3746065500264315,-1.737714595137132,0.20363317870980122,-1.127953023505669,-0.4934013403826786,0.14141947334054417,-2.325371374874287,0.23682611678802748,1.9029074622741677,-0.45343829836859284,0.2598078568055095,1.0249216931253993,-0.16395350002699655,-0.5809601885314832,-2.2757364037217522,0.6409907193949733,-0.11316840972889723,-1.0126838513881617,0.12659671027769356,-0.5836803568061814,-0.5284261311155256,0.6062911561087082,-1.3383824113238445,1.0473152860737585,-1.3976861631184037,-0.6627014083552638,1.9229461940665773,1.1273547616424222,0.09760399249544019,-0.9405302155012165,-0.5292723066998932,0.0732753145856964,0.03752323233959842,-0.09087092962596285,-0.03083251408418433,-0.2143751097051141,-1.4419787356400129,-0.5165107421608328,0.9146240539868465,-1.3683342975511175,-0.18955551153927852,-0.819753928770844,0.11135042939811132,-0.38863318106681816,1.477393664974669,0.5065831541902538,-1.3118031657772113,0.6712280116136986,-0.774651856262063,-0.5769963713775336,0.3138190201071218,-0.49174741973013475,0.8928558163229553,-0.7745100615133954,-0.6189465525913632,-0.6563708935481088,-0.5656387483550389,1.099191555547813,0.6287962936103031,1.709943954012071,2.2676442038992546,-1.0307170319323398,0.07041912732728889,-6.527575974890047
-1.176200316643433,-0.7776059277482671,-0.6300825102556694,-1.0571548741382744,-1.0518872728984137,-0.14428437852025486,-1.216718418386407,0.8421269591376328,-0.9177535374175142,2.809568970096392,-0.45138445096439517,0.07201764191705222,-1.2953411844660352,1.7060917581276394,1.1195006808029162,0.29691587073611253,-1.3468025487795656,0.21066687772462028,-1.121431046017255,1.4623552634733608,0.8091947318531727,0.09543903848773612,-2.4363756632473224,-0.9834159786590306,0.6877611315998724,1.2128836917231558,1.1091698114921316,-1.5920130022414554,0.30155230681290407,1.0155152164829295,-1.6583355655822452,-0.007904515373236347,0.27384239830845625,-0.3007645848467349,-1.8521618554012016,-0.3256981100737287,-0.327305430255024,-0.1480724045477542,-0.5634714254250696,-0.4430121532414673,-0.0397062823469779,0.4424546049697111,-0.3044267628566672,-0.4096489283680019,0.09235403825445808,-1.9209159258951816,0.4770351272264581,-0.0005630971229588082,0.039693526597561826,0.960734307594464,-1.9528155300482481,-1.9738338698589637,0.27380384532351953,-0.007116855128515773,0.17017694319193222,-0.46212707517244556,0.6643536742399312,0.93263884299112,0.48398229395152703,-0.26082845840458313,-2.107689387614403,0.7692362080371281,1.2217286662175928,0.64455841198398,-0.8796424273675065,0.6737943936677578,0.8605297079614455,1.5588162477990857,-0.8761099242279576,-0.22645458454413847,0.7472720511434552,0.05741007143815779,-1.1173276020512748,0.414616285026703,0.5786616338151667,0.08796289633100199,0.21958492717994416,-0.25870590168573016,1.4782789357160593,-0.9006921837126766,-3.119913494209948
-0.5873207627637789,0.010985513527525621,0.8789540277008926,-1.4973731700945367,-1.3102967497654392,-2.037728507734718,0.03269522525327079,-1.1183058172065439,-0.3845501100179167,0.661378189891708,-0.6415427207828466,0.23128202274336457,-0.29933790775172203,0.6721143150964368,0.4751280673480088,-0.69193369617461,-0.16865175340045263,1.0437433977204944,0.393376870254097,-1.3969620577511315,0.6556180611713827,-1.0846106224362382,1.412513069961006,1.024098839841025,0.2898854759184008,0.1572328434361934,-0.20903225602742,0.6785239514000281,-0.37077816946206166,0.23556987063989387,0.8719343665194511,-0.5618065435255897,-0.6161927399906946,-1.194365480724459,-1.0644727461261723,-1.8283953114415024,0.7298287890155296,1.8089145420827708,1.4253289434703056,-1.6260844886265164,0.7248546715562,1.4221063499235564,-0.456809980738664,0.10144743065004946,-2.0078930508046704,0.2667361679766415,-1.0635597294347174,0.19963501791151453,-1.5612029221888803,0.5428582244775959,1.0245126754266898,-0.7831798617151676,-1.1369225814104345,-2.156023042549981,-0.26641353407517704,-0.5815939342816051,-1.5510194123480547,0.45301875631217164,-0.44997038186464916,-1.0757359586452324,-0.5545724056404471,1.0713045389296156,0.6029369437552222,-0.13002606149848983,0.6191050184648526,-1.160911956386739,0.03237010072703053,0.14732233048647056,-0.4698365084987269,0.43545833595741784,-0.7804334546444512,0.5098207077761179,0.5518587715312919,-2.917159880697066,1.1903057035101177,-3.047632565352754,-0.6160490255561253,1.025348034257755,-0.31728672525244067,-1.466185982469542,0.9206362272300215
-1.0937370617166706,1.0269057463206197,-1.9215045305486382,1.1289911009620173,-0.05510209904228934,-1.1923953304424335,-0.5831150723026911,-1.0172243411016413,0.8662252008585286,0.7324278097628383,-1.7191611338760466,-0.4035921185193341,-0.8631856623442771,1.2935099684593703,-1.350099118126421,1.604229104685014,-0.033294739516937566,-1.1619344063800876,-0.6772741840092779,-0.8016188407684506,-1.274618402015506,0.09482685973037566,-1.2279155506918433,-2.1803662087381888,-0.3796764708481731,-1.8028561964178826,-0.7521608680675204,-0.9091028886033559,-0.8712160720258142,2.0009631015901537,0.05641156716957076,0.24537100899533215,-1.7763982963422946,-0.6539631336369219,0.21530262994151197,-1.0245289129130064,0.9080628435179854,-1.2026965859010301,-0.2863661358651756,-0.5860516399755586,0.16432065938191598,-0.640490071855426,-0.27089362707093734,-0.23613009177798555,-0.734387757391301,0.48509386849711267,0.23838837483742528,-0.0886139452531673,-0.4304583334619581,0.796544030519997,-0.23583424381418136,-0.3066972878259372,0.10469002988812601,1.6965866829708507,-1.340356208021204,0.7698568930553547,-1.893171161238105,0.21727315822862395,1.5750828276087308,0.48866852446730713,0.1706250785397928,-0.5604494688030756,0.03104720048855424,-0.2520628154033563,-0.7859766079313554,-0.28987561547486984,0.19838116062643954,-0.7672170685306403,-0.8062818206846841,-1.3602434375921744,0.3907250260888961,0.5453232619670604,0.23166044423651747,0.9651704927286658,0.08786763708072752,0.3920109373657567,0.30383742563756283,-0.09154001941820787,-0.5308218281296473,2.214152615791911,-3.11136632923747
-0.4519509798535085,-0.6658777111204364,0.43400982345010697,0.25185441529500513,-1.4047915476103274,1.1226782545637386,-0.09419457535083331,-1.1109310952157205,1.188784114353874,0.625675571596154,-1.2645419919479142,1.7771828402577243,0.6587973683661927,-0.010196115625046132,1.5902188056217794,0.15929778382964058,-0.02808307510403198,-0.660300116021989,0.5818504393070786,0.4766029673239799,0.014680139889711287,-0.789986353867603,0.12992985416607386,-0.06979878576213788,-1.333474318734201,-1.4718123513241856,0.5651533788097695,-2.601888315051689,0.20541052696125997,-0.4780830577538245,1.3082466068799101,-0.49346820915387574,0.659484214251896,-0.3969138412377916,0.11374815348614345,0.7368365309200512,-0.46255571632458015,0.996554884498404,-0.9936978771064832,0.2945928425583791,0.9226397227878528,0.6600374917903349,1.9164448767354103,-0.7634393173106605,-1.379149251348588,-0.9943351084951194,0.660442566548437,0.4979229342693786,0.10225665964741577,-1.12295704910713,0.7668672933290608,-1.2247047776505404,1.1589495823768998,2.857438423139865,0.3664511465715505,0.5831081356577431,-0.4928597688955594,-1.8102133210868163,-0.6027193630302223,-1.0928952410987494,-1.4470045764150157,1.7223599419956492,0.272862518025773,0.37968758061398367,-0.30902236519624954,-0.17287108244343635,0.9645506822393334,-0.03233711869521544,0.5306939380247327,-0.19600429784501586,-0.3421528907320472,-1.406914165601862,-1.977749062367128,-0.2615619010664018,0.05649669199323269,-1.286130036708791,-0.03447486503463288,0.053752562990502024,-2.156008006059379,-0.9151246594795012,-2.0795640622424676
0.4072638937354685,0.3870587293957439,-1.1536749163997606,0.15844805049973495,1.0224072253604721,0.7770729589908982,-0.09528578701393456,-0.4679763133242924,-0.6293444843345044,0.4678197829096571,0.19510397314288802,0.6294040061022004,0.13187381312115198,0.8187639503474419,0.09459253295770016,0.7846887161316864,0.8708227703666389,-0.8045266302248135,-1.808144046870746,1.5434928560145533,0.2566587307122617,-1.7144858954961215,-0.7138194972187111,0.7718742923698284,-0.279676831132893,-0.5120614193191271,1.4008818603129667,-1.0472871463838105,-0.7981533577548339,0.21138647504826755,0.39045493205388226,0.4963430343407315,0.9112380445689469,0.19857862068151685,0.48938393893840915,-0.2592092593150832,0.06269830323671424,0.10753418005363442,0.21509813581903608,0.7725398075827608,0.555145681944831,0.0442170029001831,-0.8091259849410398,0.06767125806270954,-0.028017784895743934,0.19318157981319836,2.206525307140402,-0.5237727785412354,0.42228901912535954,1.0684620672442982,0.09800191409938289,2.337845119172165,-0.3780392917314767,0.32408922232004705,-0.798805744892982,-0.35152473514329313,0.2489339103966579,0.8463040623077297,0.3190948340235742,1.259114849334736,-0.09496531059267174,-0.33216852983900536,2.7039851072793866,0.39423764944203077,-0.7194815459785476,-0.6942637622480688,-0.9426799145313405,0.9365693558567879,-0.36437729289324183,0.12736247565648562,-0.06350867443826871,0.7314924079409346,-0.8467440928840201,-1.0755722861430155,0.22429730718159427,0.600959284699897,0.33253231309764075,-0.8094537290973276,0.6774848420913938,-0.7438609270956342,0.6497602726633261
-0.5215386447863833,-0.9439535247220022,1.3011583486520308,0.6334215410273492,0.6049933756788733,1.2472114211424503,2.8126492482387233,-1.7092261039101555,-0.7383765808771081,-0.6161750841745238,-0.8508196223826928,-1.0775832476037126,-0.2996530640553656,-1.216603715289405,0.3350423675374132,0.051698321428614635,0.4810286647636553,0.5077284516382525,0.6030068534266765,-0.3734089368238823,2.1211434026336673,0.23443111648209775,-1.862484752624795,-1.0023757457662175,-1.7405029890278156,0.01733462915130733,-0.12180522405333363,-0.4684256978994578,2.010926112400514,0.5489828740769108,0.7260983614463344,-0.9310734879421032,-0.9991448913310123,0.03680549909695475,0.17300713965222583,-1.856311567114457,-0.18030702284953407,0.014072082873504806,-0.21514916577112894,-0.8133904123466764,-0.53953518192114,-0.17685919357279603,0.09080002361004777,0.604791582550568,1.0808562049508712,-0.2943477235272498,-0.45615619611535785,0.43765567353430623,0.6108449164108543,-0.4342004332588856,0.7903934769661722,0.9795853411559731,1.291686465658673,1.7783209067198225,-0.8664161386594389,0.01389820933251119,0.011277696618660139,-0.0980735685325076,-0.6492629196101362,-1.4855620032310715,0.0926794460290038,-0.7683556595479125,0.085993480747625,-0.7940435416988534,-1.0996583458443414,0.2342983603768977,0.15092152680649595,0.579281971320933,2.1858637664176253,0.2772895312108468,0.4850817670641296,-1.0775613288673254,-1.2869074405363745,1.5828294467733337,-0.9234797799333037,-1.043944071468642,-0.03909892121655298,-0.09019241337738836,-0.9025065064432917,-0.3049732187131,-0.337447045288485
1.2293757176501043,-0.8059936088317976,-1.3936724843661716,0.9425936208997923,0.4922969119380367,-0.6205186206486616,-1.582167016126918,-0.7446233564385631,-0.05470443684927131,1.165672089883819,-1.036581974869657,-0.08451988151147344,0.675144659894898,-2.3812673401219207,1.0337861679388998,-1.1824505722064373,0.3319954934569346,0.24668314961074406,1.084586391463845,0.5509243808935403,-2.377290491729981,-0.7847792471559913,0.13820512935328008,-0.19497988611978695,0.47761072975677044,0.7893665556697054,0.6084517364296791,-0.21427494255446522,-1.8463370111204804,-0.4554812488548173,0.4163681481389552,-1.0904472525504776,0.6312747301215763,0.9083932972673044,0.12686697629584257,-3.063779866312396,-1.2780883627118034,1.8861891585560817,-0.546537793028378,-1.984143223128996,1.2352473883102724,0.013355591543672855,1.1049404889577255,0.2769586752193653,0.4585591362121688,0.3630092477145166,0.697488311921,2.2774304485560983,0.9710063359591881,-1.580339317845535,0.4466615152789034,1.1414807681032177,1.202700806536146,-0.42660498305909955,1.1649444451881277,0.9277423995512052,2.57251743696973,-0.7500017362485115,-0.5074005764004252,-0.3061190484599539,-0.4902221500387753,-0.890020749763603,-2.762675505673743,-0.4346994737231341,0.36935805969990443,-0.4932218455059107,1.9353811835291097,0.013375812715862578,1.2910290551841355,0.26142041272996835,0.826407309893258,0.27924155393356226,1.3687846319035628,0.05593935013240072,0.4961207080887857,0.3663329336500437,-0.2882854581273188,0.4049823189246768,2.234386246197682,-0.270396942095442,-1.1710316786186397
0.4194648928532483,1.2577789508694428,1.1402532809442802,0.011716417719365251,-2.3833887029573617,0.5167028186484662,-2.2194742586230527,1.469937230941231,0.16947387119326057,0.999674019871989,-0.9021111381810512,-1.5525074733000543,0.2607543841411672,-0.03360343995614198,-0.4915408261571657,0.08466128073276377,2.76743589203226,0.8345255473690577,1.049498605863319,0.8439368915533556,1.4794621438521929,-0.1900716729007449,-2.0547613076752937,-0.1885861330060098,0.8117357099965018,-0.9698003951150737,-0.17636595048933035,-0.6917697430023131,1.5020292518431304,0.7494570154065637,0.651540620643959,0.6216013131209713,-0.037249252552126945,0.1975562825275035,-1.1851845805323176,-2.1864419787505676,0.15008113034502407,0.3239902562721444,1.2092645684253776,1.5713358160823676,1.5699984849989468,-0.9980235932938778,-0.3522650349497693,0.48033429588137955,2.5319046777421774,1.480099203713916,1.1193971619983802,-0.3877879555492906,-0.8831996311551246,0.7889078833832395,-1.10066126423436,-0.23843635098030264,-0.11477794900192263,1.592912089122808,-0.35469730295967755,-2.4392496385726155,0.5044446476624683,-0.6990218531039264,0.042631024437746814,-0.08670470084212364,-0.2737039958177683,0.7903405817847039,-1.5328648783527072,-0.5170142249543602,0.6840379131173813,-0.6140847753443682,-1.6088067092699718,0.6685553432567358,1.123094630441539,-0.04499520764300634,-1.9608455984695325,0.7059697466988162,-1.659887881419688,0.3087992768481657,-0.8874638247421598,-1.1598392857669653,-0.4419100170796902,-0.18329755642725984,-0.6442082503864482,0.5887032782151507,2.1705121786133783
-0.44606937845883377,0.980190871671822,0.28117316564347944,-0.697557206596308,-0.8659398838322859,-1.6474962990474387,0.2907331778668224,-0.3545875472513581,-2.3721955280635143,-0.5357148727694001,-0.901034029254952,1.5756775921706603,-1.7027786118933097,-1.4413507997340538,1.1099696431056998,1.3567631574639631,-0.7449829387256415,-0.6320858228089109,0.6162353965533128,-2.32709979694531,-1.8611936845055561,-0.28073340085071186,1.549890566129126,-0.4357300881667396,0.10093679173515462,1.133789272564012,2.106884733278146,-0.5768484731483126,-0.016836723733426057,1.8220552213428425,-1.5221992751914284,1.0275810705538218,-1.0183155323612583,0.10247236710315673,-0.24261904740027426,-0.9580116007012293,-0.9831019276582751,0.2764143642537545,0.9955393281626821,-0.1297362031885032,0.07011315873321637,0.5711740662910472,-0.9716187730129598,0.739692508412923,0.819343097059747,2.60362629875041,-0.3761041905595823,-0.4580818016681276,0.7689658715737455,0.8191041689121383,-0.535087153376712,-0.40316267693004887,0.5411308382180404,-0.8275842407346614,-0.4105339880150149,0.08959276736843465,0.9959386848222581,-0.6045986161795408,-1.842384462030672,-1.916597467518211,-1.2594130667061334,-1.3131677181999373,-0.15461075861990903,-1.188880153597605,-0.7027549598212041,-0.7740858849820498,-0.4405078608479934,1.3225043315231224,0.6619475894305167,0.016129415276003874,-0.4610262805808381,-0.4332326566230212,0.3277464699519495,0.5841690733522902,-0.9076175061006004,0.03648075561423148,-2.031619568663027,0.21171378417059702,0.762149241958686,-0.2800686268808754,1.51835263915846
1.8165269961401054,-0.8812384474360504,0.21744041530326128,-0.035824746665955476,-0.10029766744340833,-0.11432216800474763,0.10710503000947168,0.8479587434636998,1.3777362362747443,-0.0022502445041573905,0.8153160721716332,-0.7017669462667825,0.765955452726233,-0.7619915238269903,1.0906599360881322,2.2106408773932396,-0.12208388797139179,-2.1925434908074086,-0.548072933244823,1.2318751342893033,0.5530767870252449,0.24891359867502955,1.008668355954839,0.484453439248422,1.2177251874511363,0.9194236766469855,1.5217004527369589,0.35879608390625434,0.9052594014939547,-0.3071270730857854,-0.6014608115590059,1.7067676404189733,0.21620467632268803,0.804880565862379,0.12374001441139017,-0.5865156509199643,0.010982892582401323,1.4359940177677142,0.555240074279424,-1.711473159730459,-0.2152444565761547,1.782293792704712,-0.21379686184995605,-1.8004786917341806,1.8930488854225436,0.6823925098127926,-0.0700128588128004,-0.37141773608206863,1.0823519297917354,-0.5419834002261925,1.1482564245159883,0.542195285724256,0.24468192548734993,0.14551480533559535,-0.17496803671417813,1.0456401202092658,-0.8653428321018342,-1.6219251268302093,0.6144401228924746,0.6312383280671477,0.4802411525117667,0.4077283696180388,-0.32054037833754784,0.7874827043855253,-0.04555812675454088,-0.4871135608151781,-0.3118913122553999,2.020639698775832,-1.7349760820454327,0.49978810429579884,-1.6791104276237172,-0.10823333832297323,-0.4336274851541877,-2.085028296679878,0.389037590433763,-0.3800380621921959,-2.099206342561244,0.8395680907742521,1.435006177988935,1.490124342296572,2.847185218743492
0.35895644065147114,0.04605813857711549,1.328156620895797,1.6823835853400984,1.133568702875625,-0.9415376022298011,0.2013448532149219,0.4395161442914286,-1.8096169689172292,0.4693606596207741,2.272991825979389,0.6399361658007914,1.4734130814417563,0.18291473012870507,-0.07321832398382148,0.3812713900809755,-0.8158266479844326,-0.9637751872343886,1.2663045571693656,1.3723423428665182,-0.9911063155873504,0.9679988045538644,-0.08695997560602091,0.33980857449043056,0.4602186394350634,0.9943504681243184,0.08271820186318887,1.410161995301936,0.30941283975992473,0.6241842724695326,-0.8332625915372465,2.158659010704834,0.4698249232049664,0.7129974253450992,-1.6081858112115415,-0.822702023079101,1.2378836879187305,0.2868911182926047,-1.913779734828926,1.038289928983819,-0.5437828043527234,1.411316985876712,-0.08783567860369966,0.20470668602052994,1.1789545785916484,-0.8974929708546623,-0.9928468078339396,-0.19649842039810733,0.8271727996212221,-1.3308772526134907,-1.6680345998890966,0.8237209270437923,-0.6029783125670037,-0.3922260129202831,-1.8568104019401659,-0.6789793143519821,-0.007567296631150636,0.9303778576228922,-0.7712301662346388,1.6573761202324966,-0.6845560241798007,-0.6830918015851747,1.5373575518978022,0.21146015236391716,-0.5520247290115766,-0.15513313118059344,1.3530735775420593,1.4662028196256818,-0.816793179270256,-0.042433810079108215,0.09015682766757308,-0.9862401105165975,-0.05568505264999431,0.005322860451700487,1.1402094789367356,1.207425028311201,-0.32920939835900803,-0.21395314386081168,0.6642923020556356,-0.5851884489270115,0.9776206615541414
0.5886401517374027,-0.08790648736921473,-0.9693985777386207,-0.9568367128796466,1.447058696031102,-0.1564214791432986,1.640354093898311,-0.5136362607149101,0.2912052011314934,2.3926767230182415,-1.0573867446632792,-1.8978144998997766,1.2865901312872332,-0.8268091053930736,-0.020706364106233777,-0.5859182104515849,0.2681627809553161,-0.9505362071857422,-0.1799400878833061,0.4498153265565342,-1.008308886274262,-0.7000840296458889,-0.3473828335985318,-1.4288154342262782,-0.4225609827987464,0.11879653990290184,-0.39954894158842846,-0.27137649293172456,-0.019901670906585355,-0.655743462432314,0.6910625658668772,1.4359781248017758,-0.46438039219544847,0.4851982314777071,-0.23961715543464693,0.3654873450385047,1.5657795312032543,0.5086595430180988,-1.7734145388096807,0.4539956314469589,1.2328637433090093,-0.2215961699981027,0.9956348061178324,-0.690115541151946,-1.4855391595222738,0.14116901883264016,-1.7564767207463141,-0.23977101289359176,1.286842262645503,-1.9097629057462808,-1.2794967959138979,-1.0320322451615775,-0.06331985971095996,-0.36571678564620924,1.3991363816960873,0.9543483290916974,0.49527294606859795,0.14563031434388482,0.3932297769848273,-0.861982355313375,0.8572103535566122,-1.112044254359201,0.8353769939022309,1.186142502118831,0.2108646020880872,-0.17621305896197587,0.4003099083096733,-2.861518370100673,0.30225821848546125,-0.11335399783980703,-0.05062811305699102,0.7065325128978275,-0.07476892156472781,-1.140206856651158,-0.14140267082537805,0.06755548408082447,0.11493391158101274,0.16191936728506806,1.0393690449185533,-1.0860345530341475,2.287927100121838
0.17570045616484992,1.289929698618241,-1.7346114969371953,0.17964668078005355,-0.5853785019730434,-0.37071038447310495,-0.904807503214422,-0.16955071570044408,1.8412556144269043,-1.2644303611772136,-1.1696100024788274,-1.3019345701635046,1.727418286628101,-0.46233970552128695,-0.025639060347674214,-0.4027829411062397,-0.9444228784030915,-0.2351506466144354,2.45824360573656,1.392070920974255,-0.8529378177922723,0.6475741030616857,-0.8315227726663764,-1.7763676388462208,1.0195109176646295,1.1600928466435507,1.0460522510478993,-0.46986524921957273,-0.16677573400198623,0.7497655536581233,0.3914960373481072,-0.3936374712970443,-1.6190718201181646,0.11387519414201226,1.0790096392361133,-1.1975882890341571,0.638759381675977,0.33154169513369264,0.7501482632323336,0.8719754997190072,-0.694465241925353,-1.616959400164946,-0.5335195256828793,0.8891273175270074,-0.542003903525971,-0.6940433238576419,-1.8213503419246384,1.752647554550939,0.8257136414253099,0.7698959812747644,0.9677253867794737,0.5767083615434017,-0.24432885517952907,-0.16376410412220166,-0.4275643645921248,2.634740754415,0.5559120312994426,-0.46380044135143456,0.4654967741662798,-1.0108689178563175,1.504506718589227,-0.6610690958071401,0.5010854326224657,1.0659776297431345,0.3847685442049928,0.09446999181963821,0.010802084856015158,-0.056441096887107134,-0.5766984889275022,-0.44948342976970423,1.479590373650935,-0.10853663268515668,-0.7857962693827731,-0.5162975968615086,1.100370680697223,0.6756066331644784,0.5603291782322569,-0.25752119890979147,0.5733624701729451,-0.643561124950648,-0.6155082463622907
-0.25961403134577454,0.9698044873917454,0.8742776789190644,-0.9819098459508032,-0.8555264529085758,0.10870215281340967,1.7261323746695099,-1.9155651644689942,0.27833293957050426,-1.3760433315731482,-0.6343309935255456,-0.3644284180642414,-0.4205083434368909,-0.5337959396592085,0.007207060376370152,-0.5352555666305784,-1.4624573848541527,0.7798696125227764,0.7528721671488805,0.843174310022669,-1.5407344962640819,0.29891815258415083,0.6759788558069234,-1.031202068439585,0.009173248182129144,-0.11626664531036575,1.8421506585682637,1.924496037012573,-1.6643563933302008,2.4939270057279894,-0.9152257211533239,0.9806732943274258,0.9704979808637308,-0.9956902268418067,0.493267793839099,-0.10753374426606396,0.5543300046323907,0.2306723023806257,1.196339485370247,0.07539954314606226,-0.16787406942631122,1.0960642330571804,0.5803959648586033,0.7318133943208879,-0.6645866722585968,-1.045262781398474,-0.5677221432527015,-0.6208213856805886,0.7861992686529143,0.9759840502940518,-0.15513028953240038,1.4309190188243524,1.3684693937651298,0.24339891640053923,-0.82189177154304,1.5753766494355401,-0.06101735102840823,0.1261651964309746,-0.33960502560656863,-0.8897903262971976,-1.4686394303152919,0.6328683235572881,-0.7834010538966204,3.0595312289968235,-1.086073582612479,-1.25738247498137,0.5101387156134412,1.5293134789672953,0.06458965694322165,0.5722424201872743,-1.8435474174587096,-0.6775115456917667,-1.073615729137567,-1.895045849947881,0.11698023402388695,-2.2428276216104335,-1.3221959660874487,-0.537193794013418,-0.8312858359510763,0.3964085022070677,2.9836967782967534
0.30558019190248,0.8937987459354568,0.7523837327126781,1.1408127893613809,-0.0019184000090541567,0.3034669008166697,0.5115137019191913,0.1416566973910257,-0.3971943099170739,-0.3324425343397702,-0.8175583983299655,0.4216168299098296,-0.09401517408515554,-0.6631737506367649,-0.6622448193245927,-1.2103987277827886,0.9788413412371997,0.07861766953178756,-0.8628000195732701,0.8085477496020183,-0.560448809794373,-1.4065006270122327,1.021222289219133,-0.5370969895661131,-0.4088990902087895,0.04118002034917748,1.1425892227901149,0.020037290866311695,-1.1991171261452302,0.5438770041121802,-0.48498972426172404,1.8879239715294662,-0.0011197219978901704,-2.235035497898666,0.357364972155674,1.9445977922602284,1.5759202885453896,1.8309542887565653,-1.0197601853814635,0.9121523959767788,-0.7219945397367117,0.2242893994169245,-1.2729524287397325,-0.6444557648827163,-0.6762466973636153,0.8985552801426162,0.8007191216696554,0.2768197293308208,-1.3504214180553855,-0.31163943394972,-0.746116482942726,0.869675756694491,1.1781848528171845,1.056385586030883,-0.7552194194170205,-2.739533122289479,-1.7669618981300543,1.4216269780822084,-0.4012549393198239,-0.7507246182651125,1.642660293436234,1.2651599454883269,0.02444872191978665,-0.2934030910639739,-0.13210121281312523,0.22716279838746606,1.600047281319608,0.4224674242372267,0.7260290330391413,1.1692701090701714,-1.169676001024419,0.7548618924740429,-0.29456875466161137,-2.516095195772766,-2.128169541985812,-1.0181176115186856,0.5312232285925814,0.11379956534029644,0.184366707175664,1.950943482686692,1.3100480200790723
-1.2690896148598123,-0.027433354183723595,0.3044355228138156,-0.7362731165383355,0.028326745082940964,-1.599949334084345,1.4099062172750279,-0.6816145525304338,2.031400164778503,-0.03247432391745505,1.0280535653991831,-0.05330286899115438,-0.03074383226052982,-0.5840293332220078,0.11912392936627762,0.31799869441404743,-0.7842585089151799,-0.1250444158598842,-0.6100988660571137,2.2996640696148387,-0.08973076991161853,1.5452321516965593,-0.19562233080768832,0.25928764153490796,-1.3213640716452693,-0.44707259186786463,0.21053467078924676,1.5860038309598667,0.22198277767627117,1.3837203611929991,0.6407291102029202,1.6274013394646858,-0.059042217305055426,2.390222710651804,-0.485396202914123,-0.766461834197669,-1.2100528496890341,2.3310246715580702,0.8194475726178976,-0.33412073338030845,1.249022696873495,0.687692185117782,1.9661274713755903,-1.5478328327399113,-0.26536010831425455,-0.46252138394282544,-1.9736826764086015,1.060327204779694,-0.2703965558033584,0.7396312049865622,2.3597719343296117,-0.3532436918276083,-0.4211529826571552,0.11866416972399602,0.9872473529834096,-0.5667130253101499,-0.6309615971321306,1.0571892702413659,0.37863932383803556,-2.0447282630048207,-1.2253917994691081,1.5012358638272103,0.4019282830788125,-0.762195931037249,-0.17040965723498214,0.013236672801670204,0.7357333602801638,-1.3582633948587894,-0.8409491386704581,0.27295575486338886,-0.09983458049545033,0.5718591826367099,-1.2295073973595978,0.3571286762713211,1.0915836193774722,0.4868185471492834,0.13911173976159188,-0.09588360256597088,-0.8348511527715018,-0.07199859243978847,-0.9623972625289255
1.259705852880406,-0.11902850660012523,-0.8898039893484101,-0.4922470887653863,0.20085029727593015,-0.37351399718084694,0.4853032830631407,0.5228437607490304,0.8889831804046482,1.4235594722650329,0.9958587243723608,-0.9342390641479599,-0.9035344465762722,-0.07577147645982442,-0.4511753572394145,-1.1383267269609427,-0.44169179417299426,-0.474512933619039,-0.6718477397612058,-0.3157894861550056,1.178450850318331,0.19923804124923924,2.4718090760554694,0.17050818601964934,-0.29006577393725175,0.004132882654866092,0.25649197844354,0.43525395717106363,2.0767113258590237,-0.8453204649775686,0.8590460581777356,0.20775059761412384,-1.5710977425706176,0.7706987820947633,1.2676235608039048,-0.8571764037774298,-0.008933867891970693,-1.7253542620077036,-1.2588064596843365,1.0480295776172526,-0.4664165060074345,-1.1088029749380393,0.22946036445842968,-0.5224124314310232,-0.4708216577755361,0.7393260256749032,-1.1617333589343466,-0.9053652126818322,0.15407999214886864,0.9694097907482053,1.2381603014898497,-0.665061720361623,0.9373769669196479,-0.7841422934704089,1.8262093469068,-1.1337710254197284,1.328478810791731,-0.6564861068187239,2.0132464547946003,0.5913207288524843,-1.016016529408222,-0.5222384795425068,0.7811812052237417,1.0526444176155614,-0.07071559172446261,0.044658280963466405,0.7583530326440655,0.13179842701081995,-1.2935048593383758,-0.8129740246401806,0.23511994315166507,1.2154824164976936,1.6159824241620477,0.7795294207714503,0.28729076103636375,0.748813885982477,-0.6667508502068556,-0.15323096025821417,-0.8241307213394766,-1.2487426107077115,1.2049347023012695
0.33354901163620493,0.1855133065847436,0.6876524845090128,0.5461118308924472,0.24264427132386202,0.5566166656775543,-0.04268309622747663,0.4128913952224006,-0.7261444026863596,0.3697059256391301,0.6684176852860094,-0.6696814280722031,0.05183209899284673,-0.6236025096293596,-0.5265066965161149,-1.1249293551021546,1.2657749251665555,1.0656851747200478,0.5374338542273371,1.972195951943814,-0.18924569656839169,3.0317624151106344,-0.22752941536322038,0.25519335175601643,-0.39777791394020817,0.372325560060305,0.8356149278862445,-0.11391639305308393,1.7767198471176207,0.23914928463346072,0.2704853861101991,-0.9089976945137175,0.4184990745503845,-0.1340272208093656,-0.6082397293372869,-0.7764744081483639,2.671763379756685,-0.2634772501790354,-1.4569854207812678,-0.6982214597325725,-0.051567839476213594,0.546667032616485,0.5547965217253135,0.6766145517765254,-0.6448603066373296,0.34044044350154545,-0.8760594641105784,-0.6196429830140117,-0.9177089745002595,-1.1883888545982695,1.0642094888580087,0.6886117009788877,0.9766653699781299,0.03931306602429631,0.7768076988651466,-1.761289404642545,0.8630875180453551,0.1771198300050302,0.6271096001491656,0.38002329904861315,-0.9870551545368866,-1.4980397753910466,-0.7120541661829632,0.5649172812729122,0.6900914151753954,-1.3679422773818628,-0.9810993674682146,-0.7232356859408393,-0.3573050602668157,-1.3620508308526522,-1.4220517661401326,-0.8218352964075539,0.08625383622500567,-1.1805943397534906,-0.11580350997176611,1.0585528161418154,-1.30177973741351,-0.20644575841053947,1.0247567337507726,-0.4182683903638093,1.198984527266815
-0.5736696908584189,1.1634958143064738,-0.30620207897154783,1.1044950252055679,0.4289653911271988,-0.34284465290983673,0.47969053059753036,0.3204495138460378,1.020882821002474,-0.5483455378650185,0.041206066781619685,-0.061515679604637406,0.7041481416397848,-1.0251791944441757,1.016977048237856,0.4663287721704166,-1.3169250736329463,1.2082628254805003,2.2340930807977313,1.0018339695494078,1.4269847672264693,0.0853713816025881,-1.66150491973851,-1.8441204511675249,0.25508204386775846,-0.59197880772998,-0.9145762783273513,-0.06274668396867535,0.6155852878612882,-1.4527575467621472,-0.4488776202803848,1.5098706831203152,-1.0752883802213746,0.8697611871649563,-0.4847307615489939,0.5457937598499527,1.0973275072028672,0.7412817669850216,0.9091596022138765,-1.1515935334079561,1.1136597067412988,-0.8526931146348199,0.2595417655715384,0.2582461869972269,0.48512255886958094,0.33695667606019053,-0.8438099785247232,-1.3498674122957162,0.8723486799617686,0.18583457751891555,1.1493768409578178,-0.04473293418786798,-1.4051643606769604,0.9661296810041061,-0.370370609661107,0.3420034574210212,-0.6474594284795192,1.6443017102336905,-0.8765648241831969,-0.33742975410617465,0.10744870269731638,-1.0921823270869582,0.33051952858759515,1.6119104774674902,-0.49046216069371046,0.3951428190317255,-2.7494353860385554,-0.03892920048484066,-0.31304228592620537,-0.8184976024103849,1.081450469628532,-0.32624368162382816,-0.17747748709358746,-0.37719287478907115,-1.9168158717650765,-1.131986440076961,0.9610934861202163,-2.109950646879972,-0.7663153496157056,-0.3997200562897638,-0.8188207926487583
1.7436218672915653,0.768603765496369,-0.5571705270530996,1.304513697115551,-0.7405158205011196,1.0090998037340055,-1.3588772459230156,1.0732578317891572,-0.4061336454709856,-1.0285042409412697,-0.21714361307631405,0.27734417972021486,-0.49474843052571216,0.5539535059953238,-0.5829938836640675,0.6203723939313579,0.44222206203659953,-0.06092305470793503,-0.4413823123659498,0.15154079576526616,0.5502537430336992,2.0617991527316084,0.939420421798181,0.9759899498158413,3.0885121948602836,0.5159584767678441,0.4846435113117023,0.7040150743216541,-1.0089659775882531,-0.4439016364187562,-0.506169266692334,0.6476139772195617,-0.17417456222119868,0.1382234254743028,1.0874546201484645,0.8631507387041388,-0.16172100304124704,-0.6699950968782225,1.1352747316531886,0.7738911809098658,-1.6062568182953822,-0.3131539389082808,0.1655154620167624,0.7788297171210313,0.9101014949397712,0.2839060011754735,0.585247531358856,0.06413680237815363,-0.6738516881805606,-0.261264391041254,0.018991186640108272,-0.034679250018589874,-1.8855729044434706,-0.3974833349294312,0.05620565308915186,-0.281369991905701,-0.24682379551158573,0.4879913708045874,-1.0789571870486339,-1.6280422139512112,-0.3481697908366748,0.7641144055017897,1.6875530394866385,0.78212823909474,-1.4682637598688473,-0.23236723937677117,0.2566343810815294,0.1775911169235922,0.539304552942874,-0.9170489464607607,0.06494308755074261,0.420322829776129,0.8256709533036595,-0.805718166612792,-0.345156867242898,-2.7038176800733402,-0.6214619675777742,-0.524414892971043,-1.019584508167443,0.1656121502326517,2.8057014296097447
-0.05594543204526823,-2.2592138775776114,0.21550796930175647,-0.9283241307890274,0.48568895919051513,-1.2818512477286654,0.03000653853094012,-0.2831633288865059,0.30310188495033036,0.12469727765134685,-0.25516417502145444,-1.5362723140442447,-1.4772079634610316,-0.583886939092219,-0.00827988392958697,-0.608247947199117,0.6252119305794656,-0.2792209192116837,-0.9650127247795103,-0.27809629298790933,0.22585983631655238,0.3248847188245844,1.8783791319931293,-0.6689093400034194,-0.07347866159040038,0.4261239468194264,-0.023422959200815323,-0.5006181459886532,-1.5492571763442435,-0.5108345590530156,-1.073702412717801,-1.7266066811237784,-0.7956788416705864,-1.0470917207664545,0.5837865452929482,0.6010918374142937,-0.9038792895808748,-0.2602286305631211,-1.8582426621125354,-0.4943399501826941,0.3989819007023456,0.8249378896141027,-0.7130470816913138,1.0518548605275198,-1.5156919215134717,-1.2476277991437925,0.7096618656378763,1.6711212285632473,0.4934319881836954,-0.040342386534012425,-2.1951837465222086,-2.0224470560434793,0.12940953689586895,-0.35806266957117455,-1.105835182152118,0.06553258083005072,0.11513136750780958,0.9444158685402726,0.13660228301270078,1.2283943683343845,0.007994029548813363,-0.11533499480733611,1.0643121862471823,-0.9784408800414345,2.8144474532661614,0.3752574781667358,0.3808292528376731,0.5250959739725976,1.8771364753316424,0.7925074116726066,-1.6050559790039236,1.4034703847675043,-0.3408965794450173,0.10715507283932346,-1.2792539721752665,0.5262020181238957,-0.6513742900675522,0.10016963799347375,-0.284099005360783,1.9250128017358519,-1.9986014683968403
1.9822603001455896,0.046513170214741384,0.06397771136885474,-0.37344296634951507,1.1060062915027862,-0.32891987033337716,-0.4213372746456993,0.9785928636649645,-0.5382990953166494,-0.03775503444853058,-1.5813107815109928,0.7041903451231669,1.9408669391818687,0.7212253727997919,1.461799167547305,-0.8461021361773309,0.2363242820282007,-0.9431599243693896,-0.22776554558134285,0.7722114773525048,0.10182061310329862,-1.4126410226012216,-1.3150291055377534,-1.3811639314907738,0.4914525899395903,2.0638945356566682,1.3624582440002129,-1.8959851991460643,1.421075938069784,0.9364004170146472,-1.5452999455287577,-0.3032016167104975,1.0955224114958095,0.5504335109347853,-1.3090950523879856,0.6107421557961942,-2.1375005960805877,-0.22282217575721136,1.1379567694000488,0.018394215571319834,-0.4989375499619459,0.8893462537723492,0.9747518150865815,1.3100396928669502,0.8743424284463873,1.0813747939371465,0.7329085574375346,0.26552864911647195,0.08950899976381409,-0.237259719097402,-1.2123682930597257,-0.9553115088198088,-0.28201448193520967,0.2414521596024293,1.4408125980042632,-0.04179722787551253,1.003476290877664,1.0793156564321207,-0.231446797688791,0.5946902113701839,-0.2435280417248615,1.3221358940784769,0.6358433382659322,-1.1904837546883553,0.16152465215384673,1.6481121618238797,-0.18123103454670117,0.44771503009506813,0.5458788377391453,-1.0366228991646005,0.5107079492135139,-1.3938351520346257,-0.6256241064013961,1.075722967494192,0.356756290308358,-0.304477807746527,0.44646102124518744,-0.060092247755131445,0.012578502351833248,0.6568185267201376,5.194942535558872
-0.7273677406591319,0.040336405554690695,-0.3122681946066529,-1.5856033746002556,-0.9204557562492998,1.5682064470638322,0.38472331458523407,-1.3235883014013892,-1.5403543758484106,-0.11216390011058394,1.5611865331764823,-0.18675813480435263,1.306999553404016,0.3519307708186574,0.47125045784589364,-1.3357205093045694,0.9375229217497576,-0.3349320372736072,0.8630924536109083,-0.814169981986113,0.1770493475099125,0.3520029539376315,-0.15403331657586652,0.4045451930861567,-0.26639707519250877,-0.6490597530412794,1.6054833827939645,1.0489528663614422,-0.7608647450481768,0.5684443055946129,-0.742678854701153,-1.1846846436623242,1.0338094413989762,-1.7040996256474057,0.9268559135765412,-0.2527223125730585,-0.21154660308052864,0.4097512196232897,0.5811988119942524,-0.8263431768289082,0.7177256087500634,0.1133705380252234,-1.2560547928680381,-0.1698744835797392,1.3812790155589258,1.6765947982456966,0.7173484576086773,-1.19034348816837,0.4906069024558882,0.8508609038591928,0.7257079833187221,0.7849542886879182,0.3632630792475308,-0.0724123388305437,-0.6083674959040184,-1.8979355185014963,0.33964176671335083,0.18605284365218855,0.5575758428248162,-1.3375436932928941,0.6450166893150603,2.054545094620777,0.07845013077791134,-0.06166531920654083,0.309002356085701,2.032337024710338,-1.023647761699891,0.20320693339390494,-0.7996574222976441,-0.547004720844995,-0.04959030788193934,1.3473232416135588,1.8009906006887368,0.4481421446267063,-0.3765947230234853,2.4927388666385184,-0.4275544813295202,-0.5711359143597373,-1.7749430445787269,1.3960915692447435,-1.0481407763116901
0.968245592371294,2.417805536116446,-1.3895233522181258,1.4581708074791095,0.07013551836612739,0.8061002168001363,-1.647777141104471,1.4680818226652972,0.7865167513318304,-0.038910034786217525,0.6451126876611214,-0.7654953010422492,-0.5794400855816993,-0.46344461362539624,-1.852727861690278,0.8617584942033671,1.1915936141825663,-0.7013441497638416,0.3482030159448188,-0.2655404746292363,0.3282739620810305,-0.6275772412110292,-0.8834251560876358,1.0520748860237426,-0.06387058512449259,2.0221089508534758,0.046309964794139964,-0.9260780403504922,1.2269408764359389,0.6308001641460198,0.7268728636964236,1.1906006788679186,-0.6527962938457945,-0.12725330898528756,-0.17144983148779322,-1.2907465369156184,-0.2635901501582435,1.3363794578768242,0.237338103793847,-1.3460613278449878,-1.555839411664935,1.6647760587482714,-0.09031901025512999,-0.6474102057016173,-0.2739917648970031,-1.477307754317332,1.4230951495116198,-0.3930529375860296,1.367401527738422,0.05165171444731515,1.4295319745684398,0.2566944990430854,0.853232662869076,0.7190930460883368,0.6232910662519707,0.3479344771827106,-0.2328507161155849,1.9154346915728602,-0.9069369850959007,0.004307642343159692,0.01488587520759545,0.4024407533435215,-0.4294726458945011,0.31474630558958777,-0.16884258520296613,-1.5819525174378992,0.009552286256846456,-1.1005653330301517,-1.734385762448901,0.13687332068938496,0.48788334201956646,0.5266980421045764,0.5671707070196942,-1.9325890209406105,-1.3610169279074695,1.9735214368136709,-1.0472087600770361,0.6108410311366891,-0.686937621665846,0.07967273926756446,2.999993198437405
-0.6332542022735941,0.5615411546196448,0.13677411731669906,-0.4482897736442336,-1.0501721196807103,0.2677741974925111,-1.21271879904259,0.4274810421208385,2.6264849090369,1.350170051262012,0.7183478868941628,-0.08560729774114767,-1.9387526270035254,-1.3222863959001843,1.2827928561027135,-0.7897560801247798,-0.6992520981640467,-0.16565047568402144,-1.0620462588465547,-1.2267687345516363,-0.050474072781421825,-0.8915294546720363,-0.7410185797788948,-0.781191026147006,0.5223602138344686,-0.23212569049535728,-0.17857196789385368,0.5969458973088833,-0.14203960823294015,-0.27825376845717287,0.47045035557017084,0.668197843557631,-0.14707349950860418,0.0806077756205216,-0.781790229733328,-0.8606830431645255,0.7691475019668077,0.4449420625446217,0.4552984384165761,0.28085434872552223,0.04620327581495357,0.6964118908227692,0.9351087610227838,0.9112280051906476,-0.10077791594598683,1.386992729908838,0.22846068173232117,0.6323761925657985,0.28208789083487973,0.2470067074841741,-0.7357519902503197,0.701350838344826,2.845294394907639,-0.3747950747900833,0.07099471542494816,-0.4462052643472624,-0.48801990156193453,1.5444494781186728,-0.6729710177274647,-0.4740804733663613,-1.5874928237313013,-0.7576117245422473,-1.7083998929533477,0.6318046992119288,2.7996972218373095,-0.36667879365052214,-1.6667579329902373,0.8999996644297332,-0.7269249589301569,1.2993469305535403,-0.2820290477899447,-0.6318156890827807,-0.17795755574568647,0.7577767609361872,-0.22742063075565644,-0.49672470279370545,-0.1988316029788718,-1.271855184500885,0.39703160229398016,-1.7867265938449102,-0.4816571889251538
-0.44412145436551537,0.7593852088307432,0.3030482829327168,0.5903205729863903,-0.06504567271880911,1.1697461809855167,0.924699196769792,0.44614100424767456,0.927545777313543,0.7504235544035768,-0.43946351334689027,-1.3438989116913336,0.42036212584262383,0.5460892308314287,1.0904719911385654,-0.9363212750452935,-0.9064310592771633,0.45990026630777037,-0.07116698885308664,-1.8857616105711281,0.37510816375419076,-1.8524229149889546,-0.9452565518733762,1.3516813728601071,1.8248790178071153,-1.2156563684719617,-0.3293915374126943,0.04262252307870598,1.781226927581568,-0.49286894782440155,-0.4768840230332781,1.5487255584628619,-0.374789152718258,0.7222017089664575,-1.4771429651124275,-0.17123274409232622,-1.6595968383264046,-1.0554337809557044,0.8392013551522634,-0.04990539108671263,-0.31910574055297464,-0.7487496239809176,-0.22065607324128275,0.30111316710069364,0.9829162064617618,-2.6251466840968023,-0.8317611742628097,0.15909624218900573,-0.09886311596228586,0.403376242526725,0.26754028612655384,-0.30486786299340723,-0.5268531959871771,-0.2455014897355009,1.1487423498227427,-0.7320079329057144,-0.06280672314395548,0.18334221399842102,1.560350929874458,-0.30030825823631324,0.9588066560109609,1.2319794032650222,-0.06375426499064825,-0.2107189790767625,-0.3290536720482161,-0.25582313424258235,0.8542398605768328,0.2310099772555139,0.2352897091698694,-1.125223510379835,-0.9674900773752345,2.14344682477698,-0.1778257252886896,-0.7747719955783602,1.4310991655892973,0.2818085486835521,0.5781549168645216,-0.1380470752815336,-0.31867309057680415,-0.16958637249729036,0.11808514236917889
-1.3827381702986268,-0.08792740941989748,0.29603307704261733,1.8504632338437539,0.0859990650052155,-2.334177042210305,-0.09398543278462142,2.739504133108306,0.8663662349850397,-0.8108889438085887,0.5911065144305567,-0.7420134248897403,-1.3538075195468575,-0.3483693632340722,0.09152643923886121,-1.8721555024333958,-1.1491592905386359,0.010335563182354726,-0.40817317598895414,0.39481127114609077,-1.2146683273085614,0.7141137485533007,-1.183759097060195,1.64273430193763,-1.7157582843783166,-1.0925542703834126,0.4173708030318292,1.6642332514976381,0.31504303611617074,0.5628579201823911,0.01753690167305848,-1.0263984541151934,-0.4901383482393793,-1.2119097199812767,-1.2787099677768716,0.40174891931974643,-1.1231779820879617,0.3195540067233614,-1.3018227522210977,0.29638302011675466,-0.4886825689629625,1.4066155336506445,0.32371889557906497,1.2357828929941415,-0.7556467164251925,0.056143340244167284,-0.9810871581162783,-0.4136052427444181,-0.2621042227446291,-0.7258582206871392,-1.215502858845695,-1.4135173236526528,-2.339748115707397,-1.0563464635034578,0.6274938966718445,-1.598498532013283,-1.368122846253305,1.790898571232915,-0.636496049848254,0.3210460091648358,0.6423171465004947,0.6625261297812802,-1.5223142306080597,-0.23105967989949022,-1.6182272695183921,2.4463178589103234,-1.5948752640156,-1.0478402188698202,-1.0406008548415047,-1.4966604767228804,1.3525939097565454,2.422447901083496,-0.4757491193126174,-1.32042314684441,-2.236925498726021,-0.24410871852210148,-0.31636542316144384,-0.6512961263601446,0.2213752539762284,0.3951731428154863,-3.9733561967174182
0.32308325793790066,-0.3161248719684872,-1.101621829574262,0.6658330978067158,0.012513759421530454,0.8883575248346502,0.7900755494722314,-1.4217620690471156,-1.4342222074576032,-0.7555407187405284,-1.056265408290668,0.7552517759761007,0.35130967598791774,1.0991839937853107,0.3964868174109183,0.20864958187336902,1.1997297803441704,0.4697273397350485,0.0681009634377188,1.4804530339306854,0.11518088315279006,-0.30434060491792164,-0.8378232587776496,0.7030254590454112,1.2370505418424689,-0.05058740143343007,1.3079156237798386,-1.970015031971576,-0.0554533748079148,-0.04009491210443619,-0.726994372407347,2.383861037981873,-0.06619263268876116,-0.4077307716044333,0.02596211343350502,-2.0028137385258296,-0.7598679253449151,0.9832399694454041,-0.6289453549327747,-0.8288751628002715,1.3095256365144003,1.340254400951829,0.5169904721611418,-0.4551173340386673,-0.23947106511632352,-0.804149961574959,-0.9947731190286448,-1.0444164883084324,-0.6180544067852075,-1.034720990684745,-1.563705118543149,0.21940266975390574,0.23459558089343707,1.7007927584283167,-0.6683383683547026,0.29610058962327057,0.31271257927480167,-0.2538375611255331,0.7443335887496761,0.7752291868507144,0.32741109519753997,-0.25563970504779554,-0.35753010855453504,-1.3677538987970592,-0.8059177786176916,-0.6220075239016879,-1.123971762429434,0.43992396668766426,1.19662786898701,-0.9080624323291501,0.28344143574463715,-1.0341111395297102,-0.30492217093916213,-0.6903295791777758,0.6018956486064415,-0.6787881738421783,1.0116604137066467,-0.24572077366219902,-0.6496037095948308,-1.253305262345163,-1.2936565128279824
0.2532045102953498,0.8952184022261802,0.2733212565368742,2.238831666414424,1.4297874524704182,-0.3075277647170156,-0.31802743380706927,0.4696967194853532,-0.8380191804256851,1.1662883065324867,0.3616005218435837,0.2564589108585328,0.6869536677708163,1.722829883369059,0.17095535218750518,-0.11304037087138435,1.5087196233225784,0.9675504159911353,-0.3209798403837223,0.005186448659020086,0.19538091593879858,0.36181294460498287,-1.356599850939114,-1.5424846078015602,-0.8873900220024538,-0.9647384430113423,-0.6438240139725026,0.6347106420900043,-0.16892915632473834,0.19639460501018827,-1.2243034100422616,-0.46164220292094515,0.5872576617448404,0.5949524581768018,-0.7245738281879079,0.1616623863795536,2.198847853482332,-0.017597929255638137,-0.6931869461424454,-0.17376238936216024,0.09217710752683304,-0.1511683806905494,-0.03135470067650179,-1.4434467969368396,-0.9626304750859512,-0.14933523707149754,-0.1652679700224367,-0.5661892748600006,-0.17701358607643694,0.06101485541420536,0.8894134565245253,-0.09921173522605088,0.3991032052982532,-0.541600301433921,0.5720957235984819,0.3757302976123567,0.8658170031798195,0.7134604624444878,0.5887356228811461,-0.09841740865778026,0.24493922704446816,1.0635089284515264,-0.6520745694027944,-0.6284077786968656,0.18143139795036198,0.41527969026545347,-0.8241064992640045,-0.07476256341330836,-0.09399877422878479,-2.2152801156034707,-0.21959398925875973,-0.1573178328484663,-0.16029294282301915,1.4159142745772682,-1.2157982985088753,-0.8246225712046127,-2.612195798319334,-0.4809166661741407,-0.39564355412600094,-0.5099771763342562,-0.09413045521404473
1.10767733948376,0.8606175223369632,0.07785672426730414,-0.37061305353986224,1.0261896681068639,-0.01975785983585163,-0.8182700389184578,-1.7162486774845516,-0.44131449389568267,0.7546436171726086,2.2765386895430897,0.06161034618947592,-0.7653555151203043,-1.184965208284214,0.5519548963055988,-1.7646160523842684,0.5503451014048882,0.8177116062629123,0.43627945323286405,-0.21966167193855743,0.5649406535468146,0.17093837112829996,-0.7781238418605918,1.8504123223750257,-0.3516793796105163,0.7757523004499094,-2.4186142826957147,1.276470882780929,1.4687637446545818,0.029833787126638218,0.5587710347377585,0.5585151816075627,-0.6427835696407243,0.5471223054393403,-0.8086304698725554,-0.6087569236453261,1.1269431432122987,0.9746576907002027,-0.7063755021157926,-0.7335763435010406,-0.6455966024576721,0.7326395664654908,-0.9999847808103971,0.3567126390359526,0.7468468106342946,-0.08824545029310012,1.0100636968649277,-0.30431016948979245,-0.2138556009939144,-0.9772462311318565,1.0171773476202053,-0.7665204469788703,0.3497718177150592,-0.07131606712593476,-1.0527830631116626,-0.6091031438233208,1.382872239040734,0.20165754263448052,-1.009150341366842,0.30532828734869183,-0.1461140315945451,3.4540464022441815,0.2851238413422724,-0.3806248470663645,1.4200279177871042,-1.8410361672928455,0.09432015638109745,1.9944284946810726,-0.11619928435975406,-1.7333010446480788,-0.39591796441059773,1.4545180409590368,0.37606959632077114,-0.8388561095125178,-0.685242807179024,-0.5597002711498134,0.36119788405399617,1.3381961329386531,1.052423012799171,0.45601218210912847,4.506063634263485
-1.3316447600574832,-1.3279325139934413,0.5332520212137634,-1.3454710979328943,-0.22556702106860427,0.304150446186177,-1.1375939953626888,-1.0242623343588635,-0.09412106456781866,0.5036502875240538,1.0615187704137568,0.6070534347705518,0.07365659499219453,-0.7461947535570493,-1.0709069958445192,-0.5108770883291476,0.40993558498056715,0.33662370662734287,-2.0999019857251224,-0.785677028267503,1.2045075516061559,0.07921504780413943,-1.417008913102986,2.3558211815981513,-0.028941732314764643,0.38433395931340797,0.3995247560451345,-0.36759546616018607,-0.7275736818213943,2.1216749850659404,1.0032058696177506,0.8219372011086765,0.5762891917182107,-1.0033173903616845,1.2775301917402737,-0.8431326580117493,0.2832867981506457,-1.6393899054645689,-2.0408588506475196,0.3182912026531147,-0.8090992671949081,-1.9891675712972732,0.5406095029470755,2.120080771050789,1.3895602585800617,-0.2573178852656725,0.00884530669694572,0.8877062567839132,1.1221280198349068,-0.3435357188256987,0.034177715724574294,0.30061480676453645,0.5538763202788318,-0.13307644201126692,-0.12008524506874427,1.3798323297543882,1.2095207024428862,0.4774105734360883,1.7191090700229286,-0.386445762226417,1.6229734486293805,0.5425154435355505,3.2710261222145895,-1.1924819267824778,-0.6893452522173416,0.4187978282005477,0.3972340529789919,1.9501389841750185,-0.6683746832995339,0.9049185186938843,1.1624630046819957,0.7046478322206475,-0.96099634192432,1.407758805254198,1.2293249313154138,0.5995845197903774,0.20434768720895413,0.22610801004437128,-0.07873579223937772,0.6407851342526418,-1.6903609725308948
0.031134852944977556,-0.8485249753526413,-1.048591644827592,-0.7520362536522921,0.22213224254945177,-0.026955836435207322,0.21534379328874922,0.500813133546111,-0.6273209259168789,1.4656601683453478,-0.2677108270474744,-0.433426984781509,0.4823862373324524,-1.8365102023750728,-0.7905344497229193,0.981072798691833,-1.7374219290621107,1.1175741969331559,1.5111365663591347,-0.36945533782374834,0.29181276742631007,1.1190870848510266,-0.4667891880435197,0.8677755205261815,-0.6711487951306716,-0.47760229333317933,-0.7993364643249737,0.3426471991948034,1.1579690525655495,-0.18411293211716429,-1.2712491599124032,-1.0827068222868157,0.3945994213705404,1.8441164133942693,0.39372499931439753,-0.38689655065125267,0.7661839668502841,-0.23949863558674636,-0.3782852173642064,-0.9584591056952636,1.4084488442463559,-2.5392079174956637,0.7978592002792693,-0.4637449377975369,-0.4103407314516127,1.6923151561178125,-0.7141310922000513,-0.6800691540284102,-0.13039423891953036,0.41384738581223823,-0.4418557822928694,-1.5738589305358854,-0.8656981808817654,1.2813338564645194,0.07477678913551145,0.45108728370382206,-0.2614212071730376,-0.6594976961732696,1.677569449875411,-0.18819185705108066,-0.44336987952712686,1.0961423663553396,-0.7223603588673853,-0.5947273437739967,0.010246684016898003,0.00027010408817970173,0.2596113479032144,2.091669089395488,0.33624824635237044,-2.3780539627508004,0.3262989434315609,0.03787999448959883,0.04345002435145766,0.2459473093961707,-0.028678287674799376,-0.052612093055389005,0.6130442097707861,-0.542080797194501,-0.9476863356391756,3.023781452622391,-0.3632860345801696
-0.7158574437812334,0.10014291246007646,-1.4956602508753674,0.11646841505142191,-0.9332255506893351,-0.44247294285001093,1.0450646657711238,0.47200956837807373,0.5684095245748191,-1.7712048383918628,1.8368951698290128,-1.191881310941875,1.528560814293865,1.0215438659814862,0.5773327417846801,-0.8549847809083815,0.15158984481952292,-0.4709214106448598,0.029039571505291815,-0.24987225908555988,-2.0386105065724083,1.121784150984588,-0.08110715654936117,-0.484800399502237,-0.5603272328297677,0.3584595763667682,-0.8937563382944722,-2.2551755584740434,0.40712980320827613,0.5191029979568217,-0.1996318246776329,-1.1479028751900089,0.08893554088928533,-1.4645323683135887,-1.0272305966876594,-0.7506979365041612,0.8439390708915561,-0.3626109504369171,-0.4478664117764606,1.9546925154112462,0.3524624971887139,0.33899451047482604,-0.3697007452087749,-0.5963716676367777,-2.1864064400171506,0.9687405319235582,0.44830970575637913,-0.17916599321341334,-0.13722670183625574,0.7361442622610551,-1.554710073079853,-0.5898813315538055,-1.1363028628925305,1.7715092824867462,0.8756555318533007,-2.2026926411353642,-1.5137616266399756,-0.1323456733574863,-0.4724402120724247,-1.3243822080768883,1.9447622376504894,0.3125399139825792,0.4748163228630915,-0.6920149492322138,0.7222741471780024,-0.3804327609820118,-0.2833431737074994,0.6110019598252598,-1.6289975650602997,1.5970278598509826,0.1823892147238758,1.2809442087804244,-1.0754197566188184,-0.9231651240281931,-1.1619002215998122,0.2502976726648389,0.06598330191824608,-0.4644118192311805,-1.0140691928852794,-1.2665962697308424,-4.548309691347585
-0.04848390047065598,-0.4655867795886001,-0.6856069923582623,1.5470894861316096,-0.08232567819273391,1.2700429339269252,-0.5332521826826966,0.24477628379865687,-0.055476016256334894,-1.6976223095181227,1.4283383062639128,-0.13515360703241588,0.7464182196329605,-0.7520287224615594,-0.16484438157976464,-0.8668523599233547,1.2359984827633934,0.3114093474506757,0.36705352668088814,1.358184147104979,1.156341296899023,0.7653425361362853,-1.4217273470374627,-0.6956791195166836,-1.0038881360113527,0.7275336936257992,0.1706519417500514,-1.3905124336305947,-0.18874421301122754,-1.4941123357187784,-0.05315648806975988,-1.6553725039871847,0.5288274933846129,0.37796262603407355,1.9079484933468815,0.8478732894973424,-0.42291425582250275,0.818070093274486,-1.3976638809451785,-0.9624726036810854,0.33314253207511,-2.1582496627479273,-0.037160784933883036,-1.0202632921184207,0.10130705515326355,-1.0777363580472634,0.42424813745518875,0.01932742366738962,1.4003659168813305,0.006734534101622121,-0.7686428049614663,-0.2468858558272829,-1.3442363970167315,0.40613725470544,0.5898502463152723,2.469196036692818,-0.6218359906044048,-0.2677945736751827,-0.5757585244382156,0.21211370113122407,0.38169053447961365,-0.05337484442851077,1.0863259168730321,-0.6169795037547775,0.9861740478907121,0.5384978536410825,-0.012029919898946523,-0.31493664075714545,2.4266677587313694,-0.8170086507420794,0.29793317696841465,-0.7502190702421325,1.7856207486213058,0.8868263287992036,-0.6783498788411441,0.5125949934312284,0.2576957212765554,-0.5166247619747387,0.7581642172281733,0.38930539110441015,-2.900414312591376
0.21569871388595227,-0.04191971124232876,0.43105449259965123,0.22938766149245945,0.05909333302501734,-0.6410159159875635,1.6937662407624925,-1.050419943348547,0.427636218879745,-0.3202407423014329,1.7595472694492997,-0.9034825372238406,-0.7352632617603321,-0.9698180632618253,0.3234650509506103,-1.3730506595686418,-0.47852849475776627,-2.152365822854285,0.24042135412809051,-0.5002148587562626,-1.488056743931853,1.0856094029740586,-1.3076668983849393,0.7969436900282153,-0.7010408239878044,1.601571377895426,0.7495505389261462,-1.0080478708740281,-0.9170825522103063,0.60552520522431,-0.2623781307101668,-0.16934250702136555,1.2722388617720979,-0.7486888733699565,0.09129377217545448,0.954627793652306,0.8091174883856003,-0.1596126675206725,-0.2889058808526582,-1.7388154625209316,-1.0562449926651958,0.3183592265747336,-0.1378821889422362,0.07492707856622638,1.0392536096340605,-1.1873231090622745,-0.23618030223264996,0.1887109634112177,-0.704159937574516,1.431477113927417,0.9085868016131475,0.2901333270887555,1.7942317793285865,-1.4988952796101422,-0.007726281105681772,0.36633696893406104,-0.9145550467939221,0.30071454181772833,-1.106582493787878,0.6905573182742532,1.0578347681289066,0.2723334011283283,-1.8527978150649458,-0.9667935211660346,0.5647100032131608,0.021198643512365802,-2.694002617692488,1.2428303838682404,0.13665650625383235,-0.819074664000045,0.9949555975666642,-0.6775400129068989,-0.6884521176042147,0.3583526510140362,1.7810384592422948,1.6235871779728863,0.35971149890410664,0.46238565885031974,0.791498932084825,-1.256983675369349,0.9795802226358536
0.6441483371519825,-0.7340734681435281,0.3184780667965807,-0.22746762760733732,0.5012083271142144,0.1181034650064601,-3.0730302708212998,0.17889171170518062,0.6421529522992627,0.4459283483384537,-0.10258594620857964,1.642161691930406,0.3113731291216611,0.4376733001931063,1.0444918940505687,0.3625929996965988,-0.8980177534142035,-2.4383374137796223,-0.47712090201808144,0.7609455258811165,-0.35309633141780583,0.8011783722817295,0.148728175920273,1.2880660702621847,-0.2952167071206611,0.46761482656768805,0.5058850645353592,1.501601872631193,-1.706637306334278,-0.4584082745531576,0.8485161053885039,1.545896479778648,0.24007151264208035,-0.29270416442148695,0.7571183686744447,0.868702675231683,-0.3596616786673072,0.3303073121775462,1.1805272624119694,1.8904589932744518,0.7426049592352919,0.044138896665593126,-0.05407517603790821,0.5573965571936229,-0.11567284247945017,0.18964049902238825,-1.0578762645308748,1.297057196491159,-1.1401847271486785,-0.4321117604530126,0.09759326085181382,1.9909868798886388,-0.42268298485232736,-0.6660158139603963,-0.5508169173337938,1.6588971676113125,-2.8123469935060212,-1.002738012148587,2.7312887091595517,0.5908820734916369,-1.10598494933922,-0.04191798217477153,0.06745456606786167,0.8461252459056059,1.8395020028225635,0.38855168127921547,-0.5397883030129608,0.7870844420982043,-0.6982526968628611,-1.0333374959890294,-1.759908871956445,-1.5651283945004009,-0.8964451561242719,-1.177789767700871,0.31323652737471736,-1.1994018258240353,-3.143666302024744,-1.0439117745894657,-0.47185964772141936,-0.6054494878719654,0.828877210406392
1.5195246793091843,-0.6135425592891501,0.8809234631991979,-0.01898259968086171,-0.042304725672598735,-0.835380288848037,-0.058782651580767155,-0.7650961268974169,0.1700243142545705,-0.2362496326236882,-0.9446279331916002,0.9918943397005953,0.42684048002142533,-0.44806273414224823,0.14549304703531002,-0.08382252150196365,-0.8675909372632739,0.07049622902116384,-0.6210117548073745,-0.9449338356200992,-1.6227673302665249,-0.3586073535386307,0.5669706595837234,-0.6946593533788596,2.5207086921579696,0.8856856536527323,1.3043301326604781,0.7952430120737586,1.8528649749385728,-0.7870019834725421,-2.5607373856586215,-0.44612560835288306,0.5582185755475376,0.15151697174797846,0.2754726109677837,1.3209100026698724,0.3820575744624996,0.7989129275910215,-0.9395627418527589,-1.0953936892160367,1.6141139230244876,0.10090153514706786,-0.6232291834461349,-0.6213944935471182,-0.6491231216382576,-0.7089590210458417,-1.2831478026036598,-1.5004204022205085,-0.19500437765441916,-0.5929258703203995,1.1071592854432952,0.29307665326691656,0.2653176800779831,-0.7431204075544506,-0.1210284157799757,0.36100110363144033,0.7161957397126754,-0.09389182651836551,1.079123779324209,0.007989308907942713,0.7928471185176799,-0.4898522085891503,-1.8125883665686418,0.26835898801852265,0.7253240631466256,0.5753473318075695,0.42218666143744,-0.3485869659549873,-0.8067462514455923,0.5517282690437805,0.42644741619827503,-0.5608990908438263,1.1094241891920569,-0.8828655145476005,-0.5835233787910404,1.636425212341665,0.8685819377339127,-0.3580093058910226,0.2873807096435505,0.15479224452383833,2.591259067016622
-2.7456138649773782,-0.9064739494733817,-0.050846617109281525,-0.3566114765593062,0.24710256483042056,1.12948231294792,-0.32153578465392746,-1.0576547961228648,0.32485165851104525,-0.3266233335678035,-0.15606350082190265,-0.29177371915307865,2.2418378000109858,-2.240704260997945,-0.38833390313264615,-0.0036890256483920517,-0.7811424922827788,0.899825832128283,0.8132576787196394,-0.04775461848854061,-0.27067375534369414,-0.111956834231647,-0.10478665364781072,-0.07837302812576266,-0.1879991015167995,0.2524493145923928,0.7532120648278651,-1.2302601475985768,-1.050663899233149,-1.7485180294835236,0.8663974003575995,0.25032329319046315,0.5052675159327706,-1.4294982383634685,1.7849481228801383,-0.6088509081453577,0.16820580711125588,0.8543846606783719,-0.9869797557960719,-0.5463243585126668,0.17917177460087425,2.857473075464706,0.3011247428520243,1.6063611506307183,1.2056731451919556,0.36801003649451874,-0.9891957716306787,1.059753610818235,-1.498110341648047,1.600875123677092,0.2000053082182553,-2.650223547298176,-0.34050609503183893,0.6539478209229405,-0.2370238730397667,0.7150058109935733,-0.8500241677122955,-1.3059823727876074,-0.07144540304760538,0.031565667289914785,-0.3483843510623214,1.2272911466421925,-0.8502073751390576,0.31316560733234944,0.06796997116362523,-1.5567159521360834,-1.3190301836685123,0.011911016248631409,1.981199998686964,0.579269811898811,-1.7256348251446327,-3.1104880651193376,0.7330535930043798,-0.09621348292819902,1.1412659695103695,-0.8807179207114415,0.3502124978585262,0.8461734630278627,-0.44746363820648183,-0.4260855702310654,-6.544935296419482
0.025262831098390486,0.5426763465603288,-0.014334004511910938,0.9739963377594865,-0.46193518926703,-1.3283952054631096,1.9769753681131799,-0.6046337365424463,-0.5684420837177473,-0.06580332107218435,0.06718110965398118,-0.38668364248828285,-0.01743389694900904,-0.03976223142817396,0.17481932702080696,-2.357487458987316,1.8808763070078494,-0.14728831353455754,0.5806226194469853,-1.3781013415340242,-0.4710002612492502,-0.6723158663204145,1.4697237645085452,-0.5858136068358828,0.7580799869400913,-0.6504204526731951,-0.45261893965394406,-0.24555016520068595,1.2838451268293003,-1.8898526590301186,-1.3156635552744327,-1.9473051656898168,-1.0875021197614503,-0.8116000511921072,-1.614481254090389,-0.734147746614669,-2.014714480933415,-1.0179887237676812,1.2004203999102006,0.40358807028110283,0.18746767217252772,-1.0027785562791145,-1.536084959044724,-1.1391560755342807,-0.043209826896014984,0.8681767797266683,0.9023674171353204,0.630612362483333,-0.7375568640679442,0.024549832403988035,-0.3213425300372459,-0.20118976349475026,2.037127896959813,-1.7620002370036125,-0.23467681592226086,1.2117489071961567,-1.4658914950335382,-0.6437474252662504,-0.5290384975676395,-0.2232897220539845,-1.5959571596062172,0.5952860603380394,0.6662872825131441,0.5083753250179477,-0.8703736742910814,0.08651079078729512,-0.8994402395690875,-0.3325966607715127,2.153467927170878,0.09569537759625597,-1.1875265759871734,0.18033534066391385,-1.3517959260633097,-1.1990103925150117,-1.041123135948791,-0.4443094521956835,0.9369689955892015,0.5783981980168391,0.5229953282473283,-1.0989245655905424,-0.0757962112479299
-0.5413143554356487,0.27200110688318835,-0.6283199853884129,-0.2783664403010984,0.4413586925299495,-0.348772681201302,0.22605958910202525,1.5927284560195685,-0.17185879898699755,1.1793378097192062,0.5593700673073582,-1.4672419934867666,-1.1021370292635242,-0.8335958830698964,-0.8548349169327834,-0.0902897461068142,0.6146440480818223,1.2551584167047227,0.30817508872508226,-0.4456795560532098,-2.0822412436298743,0.07058957541733794,0.025770193694991287,0.18292875353895768,2.1062402977033328,1.2405965461930721,0.7850609182499858,-0.9620771300715998,-0.5129947491967435,-0.09484460692850216,-0.7754071240103536,0.5004645249851181,0.35690884921570454,-1.0883077930546925,1.1968167090961244,0.1023103338088603,-1.7290711467422513,-0.051342858344969454,0.28120645592290483,0.9727923614357405,-0.3374764031266163,0.8279382674472072,0.1871419867702157,-1.3150546090375794,-1.4151667734825137,1.1225598701493487,1.195984178381769,0.32290923040472297,1.4957067211800286,1.0566098490416067,0.6836287294797211,-0.9113114887336718,1.7314287510323434,0.536301432208273,-0.38583877461162164,-0.668270005305298,0.2567837815138569,-1.6710590848384548,0.6996732753528626,-0.9535708146940268,0.37060810882428674,-0.5216203373581595,-0.26441871272470363,-0.7569098727650648,-0.16122943118080152,1.889379546017354,1.3850596270486406,0.3544789549954567,-0.025294265564952366,0.844201190692885,1.1299703941075565,-0.8298183822075292,-0.0774388676322022,-1.8219582295680803,1.123102110260895,2.0650242577008555,0.0800826246230855,-2.1250101249030164,0.6088905165770311,-0.9040891661490803,-1.2524722394786765
-0.66334944166446,0.6265763897910038,0.2545541255127244,-0.4881087753386017,-0.6496056326016644,0.12583605522083274,-0.4094655525123675,-1.1092371336030074,-0.33256318147836006,0.33959262325518413,-0.17810346681963335,-1.4135085982481852,0.9890646213755394,-2.7388114369433336,-0.4463651550284352,-0.6201984545539159,0.14817887787141484,0.5616618078027354,1.1267648082610353,-0.7124048733521602,0.5865823373334818,0.1958183878814611,-1.7115393751832233,1.9005402554341098,-1.4387751272401994,0.41949727230971495,0.3899599441977477,0.2756367823290771,-0.4945768821616075,0.8272526511405023,-1.5603674739430955,-0.06582878867392292,-0.5638746765524585,-0.6772979420670315,0.42874778745354575,1.0774785427196831,-0.34325576183686607,0.7806810899257774,0.04974066544459848,-0.8927322092380086,-0.25795209324106383,-0.2994858907916149,-0.6966599125054466,0.42848292865583376,0.23464618770475926,-1.590649698269418,-1.6515259952393577,0.4246844532057544,-0.8152864287945346,0.302041155100324,0.7809315781091883,-1.2709528374055592,-1.411537254576185,1.6744316823952952,0.351570782962459,-0.41924065667327093,-0.9339404526462636,-0.5104408489072796,-1.1905723361133103,0.8834121740905903,-0.7767511536063209,1.093534588216267,-0.40062891977001125,-1.0433501836173147,-0.4263015880138014,-2.624166777501417,-0.12076857667400692,-0.17011919113015858,0.8247427465479676,-1.8863049279833795,1.1618663608635478,0.820599294997656,1.2520435636986627,-0.05272137600413741,1.0138968341027554,-1.4712440349069051,0.713047565204533,-0.7711627620999453,-1.6514018324229363,-1.1241405181643607,0.5744592866102202
0.005531138629270573,-0.8242992082176034,0.37607353169579993,-1.8082375550040173,-2.1270975436158617,1.372387434143576,0.9038001294014344,-1.0492968359138075,-0.002999643470539514,1.0195070602013239,0.41920060829060546,0.1482230961834784,1.095154081312597,-0.7307124752012204,0.0311784486646287,-0.017848638292391635,-0.27276204767104256,-0.3898055114207521,0.07286823782849074,0.03440749598552754,-1.0484276425345258,0.8017959099004475,-0.9763852077662583,-0.2182334445471739,-0.2952804727200515,0.35810361265921586,-2.119103940217333,0.8909098149294582,-0.6769903476121641,1.2199632947770542,-0.4781649245161544,-0.04884358573401051,1.9137860400684237,-0.27733820879366844,1.2388498846734588,0.03904508556456009,0.4154188302934896,0.0699585894113745,0.8478516263001241,-0.6855316128530513,-0.9840485230191854,-0.6385761903770217,0.09971037632409105,-0.22081878555032944,0.7102748764711765,1.30473169982152,-0.9758383372350086,-0.7339487916139326,-1.436239418312854,2.030372990759104,0.30466949912182684,0.47980232005157775,-1.3402083850310482,-0.0011699890068746332,0.5092479844130853,-0.252757690534425,1.0757056248263945,2.3118311256428297,-0.9470628270939518,-1.0220872459766968,-0.8777560655285767,1.6061991600164907,1.0423553170296844,-0.13552781779364848,0.03655966440087428,-0.8165436261967214,0.8900271577431841,-0.3799018241085537,-0.2600765394549993,0.6087897715292568,-0.18799493808322118,-0.2349659934978464,0.010575205529075074,0.7953554137930766,1.6464930754838332,0.585486232246082,0.803314223624267,-0.19985406210112439,-0.707797863168717,0.6539862322351151,-0.20783542236417202
0.17124082460057136,-1.4226286487497493,-0.32806962342559803,-0.08289702348155359,-0.5104578670284787,1.4817355945421273,0.47983903690221674,1.3731749178886479,0.26342526165215957,0.08138783642507771,-0.9365978176102492,0.01192953319656672,0.013053925675440194,-1.3671138840342332,-0.5395274697703949,-0.3232825985163624,0.41347954405572146,0.46135011198570613,-0.5813184819652049,0.46886960254188487,-0.182078929348517,-2.8696200248549566,-0.4847020319515423,1.0789886401423785,-1.6818057566276796,0.11269120041554022,1.585261214185287,-0.7606129530104807,0.002149080427685861,-1.3040162572279212,1.627231141663572,-0.08333262699661428,0.04662684279401815,1.3543004655056223,0.6614783946454811,-0.8756287324967398,-0.6472779240873159,0.49493130452329864,-0.62412105506294,-2.117243312120527,-0.05324079863907779,-1.4802126611248094,1.616281753563726,0.1767876377631527,-0.9051750567435755,-0.6986324146624537,-1.8893975878739204,-1.0994618867805037,1.0163232025406992,2.2317861454923915,0.7263965131989585,-0.09204253862102917,-0.4319593756539166,-0.9564958135763623,2.0597658993397405,-0.1887487018643749,2.1156298300625043,1.393519509610061,-1.7407964313462736,-0.6659523957592918,-0.6690451241738223,-0.07984636410573946,-0.060314253113753484,2.996239095398143,-1.0772278744747588,0.22896993566438997,0.6165077424678032,-0.0015720044691961827,0.11018057778135802,-1.0448088943065872,0.10648619460268177,0.5113989961743719,0.3276005842711286,0.5702009039120914,1.412607900636232,0.9369665419143417,0.07129461349743696,-1.171758351883278,-0.6000052747111194,-0.21963115191741533,-2.69376106975242
0.25234583134144734,-0.4783327614993951,-0.9357331991843516,-1.188198689120337,-1.651177759055531,-0.23495070377456886,-1.469665442070305,-1.0005256841573922,-0.3939018728443025,-1.3359173093914338,0.37975218849869696,0.7402230636056872,-0.5494270197753985,-0.43702730761000175,0.5374297701390774,-0.713995097234679,-0.7827339115972951,1.1964984781862904,0.8841877387127871,0.6015500023439195,0.9256446213940929,-1.977278725367363,1.3538355467931074,0.3920621165837422,1.010781384005735,0.3871617791163626,0.048924824680156194,-0.2753092123620546,0.36714437688620544,-0.3117479089045521,0.8678761000651124,-1.5864566445522004,-0.5415758617942777,2.0448232484766464,-0.6260804635723924,-0.23868372306347801,-0.8825809333500763,0.3358456728858239,-0.7362648901421949,-0.1856109348070501,0.8488665360350706,-0.6987634188148159,0.7886111192652209,0.8222293155603565,1.0549560947192937,0.14054099491804029,3.2412590769767857,1.054533696542082,0.32487762440682655,-0.8759244140817352,-0.09705912587414098,1.426326976900034,1.7095346156262687,1.4783291004402292,0.7851923067296196,-1.255660206295572,0.4871618178256701,-1.2414023780529977,-1.4874711933807585,0.23915868457723857,0.5231994472697504,0.9033770984808047,0.49713624038609394,0.5315859857427483,-0.9846525849923764,-0.10497668468466637,-1.5071167856344878,-2.0033691294001956,0.7406427098430741,-0.7531243937909587,0.8724985021430535,1.1083475778800387,-0.6193173246231977,0.5903110945552991,-0.6611567286136416,-1.845878874626824,0.1233094044424584,-0.4708738797157607,-0.44008901058713173,1.9753431178455254,-0.0366091486217599
-1.5258569827326718,0.38287113537147105,-0.9948072371447515,0.9082614092673243,0.2984312361750658,0.3793443491806136,-0.9448896176022599,-0.7655879132883234,0.9272505073458861,1.7707977217275628,0.48030781722418714,-0.8974207207714328,0.33893852246206824,2.4274720443376094,0.1024228107189117,1.4618408593935994,-0.740329365838712,-0.04208605163638678,0.6195652061255426,0.3973283082628641,-0.7663886801111608,-0.8095174571305996,0.9882844031026585,1.191550812650145,1.51214355812192,1.8039304832528678,0.13461943632259646,-0.3111992442315934,1.3509909387784689,0.7130692818515867,-0.9824552586675914,-1.0336356655189114,0.4919302013563091,-0.17727466148399962,-0.02642995474069754,1.0725333647101947,0.7590371449850357,1.3298732484184317,-1.9315361063733665,0.2533979172212008,0.6946885223972068,-1.526585856687684,-0.6548956413099721,-0.840485162328919,0.021698171059916185,1.6278539686940638,2.0225894046649007,-0.8142875530732823,0.5265572504935742,0.5587978521423151,0.38762577151474775,0.39897963473923403,0.30374250245132806,1.6875701208064198,1.1024665143680576,-1.0601538975982672,0.7957210808805493,0.8923733745114522,0.3149672871517889,1.1314243705027294,0.18807403429903718,0.20046772107625074,0.1212405446770433,-2.018244085799669,-0.080398393905874,-0.6682505744545707,-1.1864479781925572,1.4340182847395226,0.5042075185344578,-0.029831080944547807,-0.5648033511024263,0.2961695846287402,0.9914360933175131,-0.8269658435469408,-0.0048283722766100075,0.8680664988511725,-1.93600112908413,-0.05756976240540404,-0.4292913705475386,-0.13382985775503398,-4.80486429585955
-0.501628556371903,0.1376246052072956,1.923627220422718,-0.323922473928551,0.29171100909410663,1.9947464184091128,-0.5500155783725553,1.814675348928969,0.005323006627107235,1.7818962258649262,0.7502011249463191,0.3071083625824217,-0.06563068188658654,-0.6240414398792106,0.07579154996435276,0.8973614590200242,-0.013111430996670575,-0.3166228050618577,-0.2507825341777729,0.9924766135830533,1.2251614550998557,-0.6671505137683704,-0.6685878574474897,0.3793589196671123,1.5275320647572548,1.14599030831256,-1.2518522121799116,-0.2640759699918621,-0.9306035546895123,-0.26751252191525826,1.6044099960353544,-1.4226006487830172,-1.6188652932801901,-0.8285541534336024,0.2873106025759928,0.6207548206407568,0.4374484348615332,1.1756854032310164,-1.7630855942339292,1.188336538358937,-0.3120953200462915,0.7314943098048676,-1.3234254267632044,0.004956697009070176,0.23627077058901358,1.1557510374984181,-1.5852546226077653,0.03075254853490416,-1.085235291142143,0.5054960442082751,0.7772165364561262,1.2871702425080878,-0.5350294543083745,0.9272264856887904,1.3609015874770531,-1.6432469698554668,0.6123449200984505,0.958511253780106,-0.2587263863874374,-1.2107735775251085,0.9429557561096632,-1.1995088275577568,-0.17835143451090235,-0.040124057803329026,0.7155380517039994,-0.6266315595125326,-0.684583688827855,0.09891547876311091,1.0063904776197492,2.287450000653147,-1.5074811997787745,0.3153420177865781,-1.0865350262342919,1.0188112432067427,-0.938544547309233,-0.6746482181823238,-0.5892708590639962,-0.07619893871980389,0.32319759685870747,0.4837013936085136,0.9342545013801244
-0.0057675461827832435,-1.3298910224405813,0.7277861503101892,-0.05295866366302793,1.1617347900146988,-0.7077387794799367,-1.6022747273509945,-0.03402600268307527,1.295952688284265,0.1609421366160508,-0.19966979917285654,-0.8703470176574332,1.7577664666808224,-1.0296025948847793,-0.72539425762824,0.5700341960840228,-1.8560206898867897,1.2745906653813397,0.6241931142173556,0.8992310718111097,0.5581170119496541,-0.16112351745637007,-1.063148710155423,-0.14007544122496063,-0.9752363117526348,0.4861553100763835,0.8067798305481017,1.4768086311982076,0.3717676405528632,0.9245753565951862,-0.2971447372301422,-0.47827713800819477,0.47367189081680144,-0.3864728727169088,0.2691857888276577,-1.061192189335421,-0.8816276824763011,0.6354093010182902,0.8866900754060961,-0.9856561689666805,0.6706143105064207,-0.5327356730352747,0.016505176200309918,1.416944415790647,0.8074872340229485,0.7958719880221928,1.9087903584569665,-0.7038793410497978,-0.9858749749925457,-0.7221222702285907,-0.25450105340661505,-2.3545506142918935,-0.20742823669681038,-0.5445707318949119,0.783759767397799,0.35241937901004006,-0.600696627769337,0.5899608453629039,0.7232630598237696,-0.7685457897914107,-0.49302425538241845,-2.2253631870979826,-1.0906599743692849,-0.7424695604235784,0.07416617660602177,-0.9453826793598152,-0.513451987049109,-1.225330681582599,0.17111389853127063,0.4257145945849076,0.40236534841982236,0.01236113190525933,-1.5410729965013943,-0.6199536638928509,-0.4073066723184845,-0.4032953129206253,0.07498121798983637,1.4255413723710189,0.8120962126845997,-0.9875177798486946,-1.0761541797504919
0.6784028752966336,0.6403023676657362,-0.8060674729515649,0.848865922635439,-0.16037663594526336,-1.4099534900144448,0.45520272463714184,0.2169618236145243,-0.22767762918582773,-0.03745308498329951,-0.719085478888462,0.6101305037971094,-0.04345063450892596,0.16644884394822793,0.3571419244288725,-1.154585614426325,-0.894283021882052,-2.2099444596162092,0.564742258490407,-1.2122100237467663,0.1325697098956523,0.3709882249395528,0.6023528388925202,-1.2040169138360592,-0.06516161814069105,1.670280420787749,1.7143146799843163,0.9873230940269508,0.3374931388188395,-1.0051063888453775,0.718621625391053,-0.15802122874684088,0.5605282752728444,-0.6328434548521167,-0.17293311283992888,0.16414736007642475,0.2462780914938584,0.4937227144602481,-0.5791949845248994,-1.3432844521102028,1.6247850398997947,2.489254169023358,0.44742071120237864,-1.3239920947301105,-0.7731951168428768,0.509117569050969,1.341115611681286,-1.2128906345418562,-0.12433282084890122,0.19593206444396905,0.8645784512858746,-0.34360109440037934,-1.5638146913219246,0.6211975594529023,1.124795965171238,-0.08259146174516069,0.40524009130643124,-0.47449122942707067,-0.8457727947258943,1.0264256805472187,0.38749584781446095,0.49036859940188254,1.502115147994613,-1.054842334318573,-0.5520262681594221,0.15793334883469554,-0.5643132377612419,0.7831365352724501,-0.18739922090398406,-0.9925328074971896,0.06577167518766158,0.17033877080678794,0.9346820628963304,0.39314090314742434,0.46114639135983565,0.3202916840072248,-0.18822252129193043,-0.7162191151112647,0.288838351659376,-0.33312476588364065,1.8153220522406142
1.6898226204410154,1.3421822947732187,0.6328391323516083,0.3784669392929856,-0.08795905098117711,-1.261123731347135,-0.2161722233219656,0.10140003340525669,0.2294564744446623,0.4695363670158261,0.9213301978776851,-0.6921540716928671,-0.6830756072090113,1.4508566797431588,0.7709815891931486,-0.3907709421333212,-0.10721116895223676,-0.10271394667489854,0.03157412228138299,0.47268309223861316,2.534992746099831,0.18975656116265244,0.6625981504252507,-1.6864767061901427,-0.484899992778835,1.2288150027166052,0.40231539135661587,-4.389114584864837,0.6740232023161967,1.918164394628769,-1.9959075861197932,1.5193876756455122,-2.771955630625928,0.9379989450534133,-0.008648626012240201,-2.3499712152446164,0.4461378272397865,1.1508397491520586,0.36388700382157313,0.584827637059613,-0.41167611233906165,-1.861389755221022,0.6918640223370642,1.7497539194462957,1.129580854227459,-1.9878758296013461,-1.5148944072109338,-0.8459677417973405,-1.5929754512801433,0.044189919556039105,0.3934158051805228,-1.4302532832423676,0.7771284592755282,0.601103944020014,-0.5481591248437031,-0.17252198598398413,-1.9498011756530316,-0.3322621562870741,0.007384974130325764,0.16874759522818958,0.37887691202017393,0.24424174323057224,-0.26434369726567053,0.2861949425543167,1.002031993310248,-0.09549807330964437,0.31759489083167675,-0.18617106266411843,-0.6467589164795713,0.5228796669176042,-0.5552259441702052,0.38614690099219057,0.02825537151004551,-0.3039346765201432,-0.3281428321466607,-0.5081209924156869,-1.6458011720890138,0.38289509516169207,0.2315468252783205,0.8496702524484937,5.13423313981985
-0.5314569023067949,1.8953836254766674,-0.3797359478496331,-0.8751096421946959,-0.9936849198426648,-1.7339224032296623,1.5326278923931278,1.371067390768662,0.600745162884758,-0.8960888077757798,1.8112676815591198,-0.35171916152165594,-0.26902583122665236,1.437259080436076,0.6589105844808723,2.2011031387545934,0.24872226031901956,-0.3970307995787248,-0.6118048834597958,-1.846996177190627,-0.27859577280620446,1.1445933388273806,0.5988341726560692,0.020308006560405812,-0.9949344438163292,0.22687301801273724,1.0128137051953732,0.4307192564699845,0.16673516963335916,-0.796957653281206,0.8671818141120127,-3.131904818744181,0.382845708865145,2.5703219809445987,-1.508373387331847,-0.241369454701366,-0.00791099012472641,-0.4625828140565771,1.0363742425589795,0.472451014355301,0.1523003725473193,0.7972725611692801,0.0167507090717422,3.179864488823514,0.15134693365674112,0.19528209848970435,-1.7104680495732754,-0.5434503273034238,1.1473776817998096,-1.3354568503598725,-2.157557174301955,0.03231547118757482,1.370744507474978,0.042381228696125636,-0.3361246026263436,-1.85848793774098,0.45225412270219334,0.6612751088830449,-1.7817324991011003,1.1345324486972188,0.7656955258921091,1.1323159425473455,0.5835250918333419,0.6536827088113185,0.5207208987017389,0.8684723215011957,-1.8187577691239185,-1.5010594336215146,-0.7360079001897717,-0.12982017167255325,0.3881369233081794,0.32468165322885006,1.1171058114560313,1.148495298580351,-0.8723851082937929,0.23857611005047125,-0.8478315477218382,-0.18824703835356665,0.32179136904849476,-3.4087120764716907,0.7771574473450156
2.4112440396396844,0.5664086773974751,-0.595703275413406,1.927369755230228,-0.3474311704861944,0.13251938582805775,-0.48711581039762725,1.6519918374433393,-0.10498470630588037,0.14948410073950924,1.2037821530254462,0.5851394574610765,-0.054348065134071935,1.110390972357463,2.538483229427952,0.3174104487994213,0.11676008787256639,0.17062708361908155,1.3104295008315177,-0.5991977350329224,-0.278317559711661,-1.5374429491266413,-1.1838678626399737,-0.5178000026979704,-0.05593699406042271,1.7690833257701195,0.5359928049252244,-0.9120785101897938,-0.7279804853641153,1.3747486832306544,1.1266103486291923,0.028149910224203063,-0.44252646553883224,1.1249328357046429,-0.9933271267246865,0.39203039805752304,2.2726589908933312,0.20535568225145748,-0.7756094792616043,0.4103687026715378,-0.4700087190153476,-1.3941158437534145,0.7010360268721068,1.1178344005497223,-0.31090667207257267,-0.37723567409627334,-0.9615653911218296,-0.1499356004675666,-0.5623683829231909,-1.0110326867032555,1.892168830399606,0.4664928167495073,0.5723951080293523,0.8833995689324271,0.7710362167598054,-0.4131099527967148,0.2725526229714672,-0.2690304842606603,0.43846362477666,0.3416908859581642,-0.3826602608642019,-1.3292987229217992,0.14623705696550768,-0.20426948780729892,-1.8903722477087583,0.5076617688887175,0.9653421122427754,2.5283564752089505,-0.39119750332066106,-0.5387118965490677,-1.1094210304392413,0.2086419064870071,0.2023181805583551,-0.8112963347867491,-0.1749298820038401,-1.9786656668893567,0.9263767478332465,-0.7706792596721668,-0.03465635141297929,-1.426693421297779,2.8035455769319606
-0.5823535994615734,-0.2795911535175272,-0.011290846960830136,0.4797325155225118,1.4390750834862203,0.7327109427693562,0.9621645431462449,1.4461041099431382,0.5697078815226975,-0.03670719561899534,1.0091119062550553,1.0730092859616567,0.6485658379660353,-1.454627597036103,-0.8414601530946475,-0.274854104030484,0.7796210207358992,-0.021346419070559747,1.1368686334505633,1.3152366287442812,1.1991704686772062,1.2055405644802868,-1.0369939046587182,0.4826354994557758,-0.6075290409554163,-1.6490663313591984,-0.2874711320558362,1.3247369656272514,0.4607420101184635,2.017809371605892,0.17723014526811154,2.4478027535929074,0.17752122551705124,0.022480296153736364,-1.2793900879214963,1.1105627402927678,-0.5021251289404789,-0.647047639408727,1.281230563762572,1.1582226687959571,1.132051367210679,-0.36219113405498116,-0.05097586530525164,-0.059854397695851456,0.7825181806723981,1.55356466849423,0.36814655519840694,1.9748910853573585,0.8971944180330614,-0.23479939411441825,0.8287114061289749,1.7059402787087732,1.9982889833413344,1.1868913445990807,0.025674453657999224,-0.21669325405592046,0.5760695035613909,1.6739744952710462,0.4337691222144516,0.4545318718688109,0.05139785431709231,-0.3278910626312124,-0.1621345066439178,0.13542598524553,1.7180999962398222,-0.23971377853080178,0.05261207591138063,-0.8653776604065087,0.7166310664731552,1.3666791787182826,1.6244978459567558,0.20336452469571042,0.5743542832792355,-0.15355032217003803,0.5280186796945225,0.3139651524992144,0.05826438725148733,0.13775369227712947,0.45192228339364876,-0.29415243484556425,-1.1255464068451144
-0.2424967920780333,1.7073620136715535,2.710546768846383,-1.2043669485340438,-1.2594712043760588,-0.9571528278081498,-0.10328841503855507,0.895780511037257,0.591252942048272,0.17203113678046833,0.5289355469578989,-0.6920861566283695,-0.2441227717526189,-0.020094548375796818,-1.5842163388718526,-1.161310204722596,-1.121566061277659,0.7641082236837743,0.24535494857241638,0.611061200073943,-1.8396549898024643,-1.4835666860516032,0.6632154402564954,-2.778669641666051,1.2246293575998046,-1.82331714352279,0.8433448919249784,-0.8885846247569626,1.0489037151715825,3.208160913916495,-2.2731776301211255,0.6953771478606484,-1.8081627135937397,0.4267689222175041,-0.20677216355189393,0.1297823224618433,-0.911686276328237,0.7805411094965004,-1.448357837970381,1.2416372628987402,-0.40925030661018263,-1.4026906774030896,1.5949368233406982,-0.06734265280915312,1.9076359704420263,1.2213561293133421,-0.798145704786435,-0.0849898009367489,0.12103793966357433,1.5263031999864394,0.437517713367115,0.17629262109645927,-0.1998795870983077,-0.0505570358546391,1.3045920856783244,0.0037053507974743488,-0.3949972712981747,-0.5645071656136869,-0.553765153836162,-1.402095996042765,-0.750375308326479,1.498420275650323,-0.20659926056749658,0.7044116685560984,-2.4787565179008344,0.5683113089658791,-0.16135270436911373,-0.48144002289050875,0.18095995742113172,-0.4958252538120278,-2.123874919888356,0.9222479411719373,0.24301756134819305,-0.3139424547478518,-0.9661853720724374,-1.469857516107135,0.2238927070680576,1.613440960225359,0.2031664767410382,-1.382761606092826,5.2111604710661865
0.22511672703840255,-0.053342962246727924,0.8640436260742304,0.6067331774117265,-2.9858225341099236,0.5452422044284568,-1.0034794095040838,-1.421728741448699,-0.18847341037356372,0.41097110903001155,-1.6407346102868243,0.7045764170575515,0.7633388475315999,0.046976196299497744,-0.8676236302270486,-0.979378004189292,1.0259321315802274,-1.5112226864959049,1.0644704608191784,-0.1651991591304367,-0.09583449964285712,-1.708087705413325,-0.1467166301285866,0.6135855160113759,-1.3364100878519811,0.4986358672518455,0.08901225367902267,-0.6437556138323068,0.8546730864913044,-2.202256768978556,0.346680748743709,1.6194351580732922,1.4399431391006616,0.3898067205385225,-0.3016807761308459,-0.6358025565476308,-0.30292579390564206,0.5438072479179061,-0.8072438054594162,0.757423818050381,2.133160518003324,-0.061883235127395034,-1.3443948032833053,-1.3447447463164128,0.7765655517115755,-0.05974617896044361,0.876830896064053,-0.5336342491593495,0.8306235475398316,-0.15829917344972547,-0.7325040553239491,-0.4009984788023845,-1.1970543554232365,1.9893595585816115,-0.09638181355848706,0.644514088682196,-0.5368691328707993,-1.0519278219798232,-0.23388051091793519,1.1011925333791985,-0.5207317913982836,-0.8705319727294154,0.1554642443691435,0.4990226007177441,1.642848168853183,0.35375047837249485,0.643992678531235,0.7192752369203216,-1.1530153819326303,-0.9633320704695443,-1.0838962896056503,-1.3321457556916456,0.7954598748704036,0.29005009166375534,0.07949606309144953,-2.5927165154022687,2.0554768586186185,-0.8942720041535557,2.0518127559389576,-1.449241480651316,0.10007931382079538
-0.8124011585565369,-2.20284938250963,0.3621249759426975,-1.1012568208112323,-1.0730001540983543,-1.3725142171743974,0.777355062737863,0.7114636515675471,1.8120338910787854,-0.6857066210729733,0.21881937104680035,-1.2893351974019516,-0.33503902273531805,-0.5188453132811776,0.46444995749542084,1.017021806418191,0.9910666908314999,-0.8428122722176108,0.9984679046229995,-0.044085137107797066,-0.32459689589701496,-0.7085114868189184,-0.559935794361552,1.7423138461962333,0.30741076649402355,0.17461184750120493,-0.26224685853694674,2.4459786114380284,1.3050104888464247,-0.7210621147987927,-0.2736150547046242,-0.21424454337091037,0.14587197828259946,-0.7012259926314353,0.43881652336169663,1.4520881320393144,-1.3136281090041633,-1.128146737092067,-0.48315855529730695,-0.43679556010782966,1.9984658747459307,1.0017092200148388,0.9443223521182641,-0.2643656935134005,-0.2863134067868141,-1.4517054137653986,0.7817402280478173,0.49105460480878543,1.2859973646782836,-0.2108297133561673,-0.1417791462003969,0.17004552856063573,0.8918975755070955,-1.470215622097479,0.7360561337383746,-0.020495562172830533,-1.0586372679536964,-2.0846057526540664,-0.1364737118783534,1.44771298327407,1.674684666741395,0.3553762106700964,1.9620056638422476,-0.04294108295674488,0.9533035516427811,-0.45123088890642726,-0.5145988392841486,-0.6775091168806363,-2.0605289471243124,1.2870922599469117,-0.6416324391380163,-0.8014387797551964,-1.1799716816126755,-0.20435943653628302,1.7634923105597426,2.0937788508227175,-1.6608668758020833,-0.35444799597628235,-1.0343577700936986,0.9883377412115197,-3.3711708808683643
0.2865935472939267,-0.636569327379835,0.072573080591019,-0.4774186214077085,1.6142460943748966,0.5469595150160383,0.669823420916438,-2.6669174780328975,-0.06678867882881083,2.083210959059034,1.3261290700366843,-1.8470895859203031,-0.3134258326835941,-1.2015194659187214,1.7111015603628703,0.2442782822759085,-0.767795559731436,0.03415794354078901,-2.607365529068484,-1.0849613034565766,0.03644372582630957,0.8456753684533224,-1.9413141205973408,-0.38115530770242934,1.0096857385188218,-1.4514533243732721,0.2291828347841731,0.06597450310600346,1.7143803203566024,-0.23013619311163766,-0.17160059837507027,0.8549597531646885,-1.3263486680493446,-0.22088320655085864,-0.45572501084051054,-0.13891181270510022,0.848406448962838,0.5541614850821731,-0.7486823085286762,0.13669920332721244,1.4904416141005241,-0.8313656987973053,0.1451667803970126,-0.19316067693862857,-0.06300501583677695,-1.6306576222494007,1.4107628543122044,-0.7743519008881833,1.0260719701535328,-0.6213766080475112,-0.6255046518957602,1.2131232504654668,0.9938846034779243,0.20866589896398288,0.7611505498063198,-0.28855278025639997,-0.008367627718889919,-0.6616243924638191,0.9040649493002597,-0.6934133311673524,1.4851563449378529,-0.31583416831982436,0.020508564016334337,0.7587280206543343,0.023864421189582014,-0.2979083142853102,-0.03002344780847147,0.8938183535575839,-0.6628522221367055,-0.12623700727326478,0.010286727337475357,0.8645851955276563,-0.09984537387143656,1.808299094493722,-0.1565385777150951,-0.23768363840527992,-0.17103212161773174,-1.3166414286580101,-1.036726846758685,-0.5306668897390933,1.0548945335436493
1.1358298488501297,-0.03312605936201012,-0.48464418961570654,1.2265347456065954,1.5511771328922608,1.2553824609077604,-0.8530899972351577,-0.49524862019365573,1.813736070314719,0.24113969200002205,-0.26762706489607857,0.7183479613308372,1.0072990673581124,-0.5714495709282644,0.21943995861993149,0.9265600692170585,-1.1602871459598532,0.012345457426139817,-1.1143896530507154,-0.9835804969268109,-0.5631000774803041,0.47711953787947037,-0.32202262863813463,-0.6484181249684061,0.051554563324959245,-1.1469627282664296,0.4288032178339101,1.13138676195831,-0.07920404098801156,-0.2026489933002083,0.3734403532155694,-2.028469418831545,0.5368174565978674,3.1018858037448633,-0.12267622111472039,-0.11912503371633071,0.7436070000996834,1.645332668197962,0.974967844434135,-2.1556068785835505,0.5633988376627469,2.5719301452416747,0.6224410467594651,-1.1546019132717495,0.281829624418614,-1.280687251341067,1.2328036892688596,-0.9558825880279255,0.07424363469202304,-0.8577800019918477,-0.546448057547991,1.486150645860495,0.1034571648936973,-0.5592024737257201,-1.1452279708867228,-1.8717014863994363,-1.2512806335226867,0.11195924144437792,0.9802337687226637,-0.5603514924222011,1.5705436007190146,-0.7175004222282269,-0.2380117228798793,-1.079576720337252,0.9907617345678559,2.097510614044568,-1.7618169609361978,-0.3461620686346983,1.264779847050035,-1.4469455214256013,0.5666839069710864,1.2214722002075706,0.07822881435683716,0.5502630709401326,1.7609023861276074,1.9484265541011465,-0.06196721303448301,-0.5323778492992332,-0.9199801110736965,0.9769641504287125,0.9376013440168252
-1.3717755577909683,-0.25257403799120237,0.10268977095446595,-0.5030025127187545,0.2798202650191239,2.564513318292758,-0.12159859034654243,-0.43540562742738964,1.0153318243818528,0.23958364414552194,1.4393357712113763,0.1646876198197184,-0.2484232079710333,-1.7837248880945553,-1.61973469381174,-1.8356986904271027,0.37933916628423964,-1.3622494798674596,1.255577365919383,0.030246564855953728,-0.24418691910166884,-0.8438550752043381,0.6222587482702062,-0.8044978195424114,-0.9853780040698807,1.1883499206053487,0.3546211607750226,-0.23492942824827223,0.6414329847337166,0.008931873110698613,0.38301315045168366,-0.816847902375455,2.0703986089106223,-0.579619967676225,1.5560163269499772,-0.18886884930447648,0.8070971156549623,0.7342234990261364,1.1468517551500457,-0.8406237071641448,1.075635401278862,1.8464398509114404,-0.2586929792418571,0.034706067142122404,-0.5234466424801542,-0.34643625218509994,1.7114227989324904,-1.0042345261302041,-0.942118821850772,1.610900936414377,0.6245484258883623,2.1203702490425242,-0.45043863782585325,0.12628113723756937,-0.6606769437718044,0.14330116864769596,-1.7740966972843037,0.6849545566550082,0.3234740834923381,-0.057554662465918886,-0.39036432459966475,-0.8947539873680995,0.7277129120327611,-1.1710899857034065,0.5118959120492431,2.0744513948094574,1.4855214886442982,-1.5051279426706532,-0.5367380603433028,0.4214507405553377,-0.07028192201435018,-1.399405718282421,0.3853159514734912,-0.010016895116299348,1.9143254086037818,-0.2532287026174467,1.168003385326591,-1.2670884031299756,-1.0280092978965083,0.72166195980949,-1.5853339949031713
1.0837307806073746,-0.9573927260743923,0.02407740648391172,-1.3815791735290779,-0.1812198263054794,0.8369227856241259,-0.4349584991361448,-0.2490347059438028,-1.1297953982960518,-0.6483584136249257,1.7581109162143385,0.07292489171713287,-1.0023077666505982,-0.3147719499179916,-1.5974276211665621,-1.0141596921402123,1.3603397390464533,-0.14248242438660505,1.890730176101206,-0.09534783849605591,-0.035978696191495935,0.6408941585421234,-2.672587582219401,0.20493932365357484,-0.04898648806095168,1.4860388935151474,0.9646793941636173,-1.1336916855468007,1.2421386186275805,-0.26231452558099516,-0.9044532262960451,0.1971032508712023,-0.2027693556638182,1.5384653140285238,0.3406220284912099,0.2056589208860058,0.9006470828554398,1.092871618092712,0.7836050942972992,1.4194634728149536,0.6086824129137884,0.1676514647267018,1.2391720620880293,-0.09089614008213873,0.033246516344661574,1.7215769172969146,1.6219241279552312,-0.008175806923322827,-0.45355157730561674,1.4631735002084985,0.8004183579152141,0.315581254197363,-0.32187271018994457,0.3316965787145939,-0.02170845988770261,-0.6643381795729958,0.12904232858723516,0.2654240456396075,-0.375395066920231,0.9038256886095176,1.288832392310989,0.9698976936554127,-0.27624838521399475,0.7558215041883719,0.07796139746004017,-1.2357459785659517,0.6727293784977457,0.14613164095694817,2.5935480020693076,1.45727086327856,0.7111501569345241,0.24917050128817964,0.16372225505801816,-1.0036894036331077,-1.7389872271999107,-0.8725591090815651,-0.047717018170430385,-2.105539278208984,-0.5443217922727491,-0.24761303312442595,1.8573218825035123
-0.21542655348545797,-0.6617235981881447,-0.3415138143814004,1.7238938281238618,0.662145281490603,-0.5603007768981497,-0.06834778836196333,-0.0283133356522669,-0.7679554337401511,-0.7691302177438546,1.010524020326713,-0.419784377516816,-1.0946963870308715,-0.04314034406944269,0.1180097531291236,-1.9727042241938353,-0.04074635781719302,0.8679799343482604,0.45122938552183306,2.229795115194971,1.251109482312179,1.4489340247508535,2.8000859359143266,0.7581562617745978,0.16307020793270105,0.973740293431332,-0.5592364333949937,0.10768631949496932,-0.6477276430783137,0.39798455756288165,-0.6519090880198202,-0.6869284998617177,0.4134732931055044,-0.13771144078056718,-1.927521135716747,-1.4555569213120896,-1.1472664914614634,-0.8829719061139744,0.4144233294786382,0.21893884707163588,1.065279371699199,0.7528018229417711,1.0719029561826579,0.6083961914591229,0.20967930909148969,1.0993517422876555,0.9194127917400996,0.3760953675539912,1.2710718708601423,-2.3457882425033967,-0.29046317414044986,-0.305790465651731,1.1526828774815703,1.5713949969507695,-1.4501793702102626,1.411167174149276,-1.171445186026269,-1.1412152455608227,-0.2342857023273647,-0.3182064721325846,-1.5584172797168765,0.6498779734925669,0.6794024247266021,1.0540415961636707,-0.43345532977786516,-0.039582714972448675,-0.030427164902642686,1.6879954414684644,-2.834244782633218,-0.9569443489891034,0.005540842791797656,-1.085570234915503,-0.2583203572711174,-0.12607553636990937,-0.6576861087924688,0.06446892610267248,0.6281492777578134,-0.23626644503100197,-0.45319473396873566,-0.16576491665387216,-3.418549361244116
-0.007436346645589392,-1.740319565334422,0.46155391796127865,-0.4510012294467944,1.2615350748110512,0.5910534756424747,1.1700664042196551,-1.0110037937149083,-0.37138664118742654,-1.2424584874574092,-0.7051912089293261,1.2521054245085916,1.4874905779224952,-1.1481332948044598,-0.45827766831728356,-0.07619567202394918,0.5856056418097813,-1.7598102635364925,-1.6030000815284384,0.4896261438724024,-1.9490385689179244,-0.44679740613887026,0.16209180855884073,0.4156659699331173,-0.14171809554383202,-0.3657567190475306,0.8445708597164794,0.28520592636575753,-0.6470166219514599,0.037722896682238334,0.3831690226561928,1.7182372414513813,0.7863236682915793,1.2145568559539437,-0.61060739629963,-0.5241829062550026,-0.2353799928129901,-0.143572646638164,-1.0080249578028904,1.2659336265568182,0.883351637758792,-0.3056778613015072,0.6417106490138536,0.2228991630038379,0.7198279809313747,-1.34430712352563,-0.14566107319743485,-0.05803852790579535,0.6236420996116513,-0.6284376011821333,-2.4999307240823962,-1.0816997176829206,-0.06104798571090735,0.06388422550333159,1.6837481226249844,0.582746440658099,0.08153027923148934,-0.032391276781437675,1.104183382169693,-0.5901104521574382,-0.14028378774059883,-1.0892581201383016,1.418906048695304,0.3924989370016137,-0.7075232960039459,-0.11445501031830795,0.5096507632062802,-0.2507189127222754,-0.5344706217126008,-0.6542736859843314,0.3389618992411148,-0.3580542792106851,-0.45375773476274617,-1.3360617550554057,0.07764057652716963,-0.1812234387919082,-0.3216483486419647,0.19877067748871843,0.7480022627358979,0.7015654719404685,-1.3828770411485036
0.5527285008997627,-0.24067027863572127,-0.5669983359412419,-1.0439156413224373,-0.593156507338082,0.019650095136569568,-0.7862861216524827,0.09605713911744292,-0.9654566779118643,-1.660991889007022,0.819406120864795,-0.47441459536584457,-0.8370336532238911,-1.0938471412974384,0.42303597473040044,1.3749077114679673,-0.4030738610061444,-0.21556337466258174,1.0716318398890723,-1.8104457043583122,1.966868642912667,2.4441003023263694,-2.706337529420083,-0.097503228916757,-0.7189470318695635,-0.26477177090473386,-0.4183850696159234,0.8117590984793583,-0.1125699069679908,-0.9109072141999566,-0.17218516129512423,0.5147842369624097,-1.1837213277652818,-1.6462336889699805,1.99274280083532,-0.6424266797084363,-0.13735298691952277,-0.39779540582557266,0.548087704082142,1.7727899230910438,0.5799338417292843,-1.518365147539991,-1.3841234270085299,-0.3989647753269165,-0.2682331995332666,-1.7219512695466006,0.8193409201744406,-1.0863205578814785,1.4933015621257555,1.8206325972057207,-0.24825353263217734,0.4389726404181848,-1.2319472220842016,0.6236763264791144,-0.49819242343437004,-1.0872353215883535,-0.2893349882529842,-0.46574800840536296,-0.32515940300375434,0.949679902816359,-0.7853075926357327,1.735022999773876,-1.3250596328253537,1.6154302731785954,-1.0165106219066937,-0.0010132325366156636,-0.4901961134780198,-0.34372867153785464,0.8013572363555488,1.4998267972288106,1.190524704955642,-0.40485633234184776,0.18425522240455336,-0.7820778736683621,-0.9915503125746948,-1.1463009057286688,-0.4375733069841293,0.24960563101494201,-1.9118151597515047,-0.046353702580765745,0.4120461832979414
1.5160251245495246,1.1219110690741252,-0.5851840765266658,-1.396872909282786,0.4598303064648266,-2.3174282502075,1.1101541158826773,-0.2135874578832405,1.8313003205774008,-1.7269654855764658,0.9181462252078333,-0.10050883681419848,-0.33105053147208047,-1.3698434652121445,0.5957479067117164,0.6761373847768578,1.7851278019658896,1.0080502628605923,-0.593895328955735,-1.0038625836175148,-1.3684914335223863,1.4732243456394702,-0.778174284277866,1.4802298689713072,0.5250720408620666,0.3299028815939605,-0.3068683125602983,0.6606729130022508,-0.015470762836802118,-0.36921329146881043,0.6960047866482002,-0.14397210922113055,-0.7983347787388269,0.5998267754606512,-0.06398565562856524,0.4889100117578045,-0.45385985835418646,-1.209121304680956,1.7350739625142755,1.5466114107635742,0.8837849612619612,-0.3878106853742732,-0.3003179731610725,1.3823274458964647,-0.3538300375674132,-0.6325560363472975,1.8722346756364532,-0.04767768161387231,1.7684253285138456,-1.398391910690002,0.5181848827845018,2.071082599216615,0.029750744658861888,-0.2640044922677962,-1.1677519175984197,1.0823430544352473,-0.7701280826406874,-0.09480855938998854,-1.2345022797926115,1.5568946000974326,1.1548853107256827,-0.031584749213130925,-1.154148935586928,1.535907049242632,-0.36593172704714716,-1.1052048408175186,-1.762118012472544,-0.6459651318937749,-1.4546381225299396,-0.6228208365228246,0.7444087336977152,-0.3754001639752333,0.3556933821137109,-0.7233346595322319,0.06516906636423135,1.920900822086021,-0.3484860780268965,0.38442943761965875,-1.5655272274684384,1.5201061224168706,5.641047608418616
-0.47720662894486526,1.050533649906501,-0.12318029575890527,0.6115793650208063,0.6710124272110006,-0.452440339512717,1.091906435761852,-0.7589848639930996,0.7779342200275429,-0.390205294166531,0.3495579486320601,-0.46199300235426094,0.04997597470659558,-1.074693701691767,0.24755698468879414,0.044187834959585996,-0.5401535540724726,-0.05502796639029617,0.1340044761679099,-0.6163570532651123,-0.12875857572966917,-1.005551940894921,2.3457330389610074,1.059118660208185,0.2730941056315511,1.172112927476695,-1.9792524766837778,-2.557679737834006,-0.3992910617499062,-1.378564143602109,-0.23660552444832925,0.20565664059489883,0.9204144983406113,-1.1382639842752136,0.3996306861600717,0.014389693152232522,0.34750930993308465,-0.5197719507535998,1.38313513986212,-0.10350864842972622,1.7741822235037688,-0.7903886536822237,0.7428273399555535,-0.05966848056052859,-0.32774241666676374,0.6323153404675466,-0.29917347918958953,-2.661965337157328,-3.0628681231743076,1.272422160284049,1.2302584578796958,1.8873409462559467,-0.017528248282177424,-1.2926348019978913,-0.41958384265100146,0.011424515361312802,-1.0070382242851093,1.6485747229738668,2.239502879643737,0.47828070073017764,-0.010863746698195903,-1.2949669784744322,1.5464338961560513,0.07630681084904649,-0.28916439841061226,0.48117408867453765,-0.5857115289891855,0.14687517312181853,-1.44246685084566,1.087087189252434,-0.1044110411356732,1.1588008606340119,-0.2011361778416194,-0.13619970878397838,-1.2123174282919575,0.7597569730181432,-0.8758399540230916,-0.4864223731992286,0.001047186082536809,0.12122418368935654,0.1302156639583832
-1.706096940217759,-0.23080586548801652,0.7952302186437133,-0.3783380345239026,-0.2247317542133216,0.16240605084272658,-0.12596043254699904,-1.0305155023876045,-0.03634612366690454,0.9940731700058961,-1.0511759472670905,-0.374481889485818,-1.3816313239350773,0.941381950490345,-0.09235820683787886,-0.8501996336058633,0.09226560014317738,-1.2036002148954528,-1.0334955314604064,-1.4601335298517806,-1.0667792375574,1.3573375839998063,-0.733118331282596,0.4662251226514788,-0.8363014199559217,0.7595337457632192,-1.0260820009313156,0.03922792776175646,0.05285130986894881,2.3278053364265916,0.6304252879801651,-0.5929040143292734,0.6850489636505139,2.138174470485208,-1.629636090484295,-0.8424820425687267,-0.23689755911329374,-0.41708822714195104,-0.3327566983298747,-1.304232265593243,1.4039560535500122,-1.4226085984766192,-0.20021280962249907,1.0458305917606978,-0.03018485714585262,-0.979394166902769,-1.3486756563739577,-0.22999919602778213,-0.7570295658504664,0.20523109170297799,-1.4014511477241796,0.8130357368876219,0.11554952316446464,0.189836394352477,1.441076778240017,-0.43779549837186593,-0.725816694733224,-0.5477636283468732,-0.19252656952325795,-0.09096489479132862,-0.8306977366017732,-2.023085253033059,-0.5609290008790382,0.35982566628688983,0.13625830625349225,1.199554469825827,1.9554865439637885,0.7593337714584683,1.382520642408226,0.76677429226312,1.7098992559273836,1.8508536342912676,0.9511651707789268,0.7063801464245854,-0.20523217193736742,-0.041337280963909824,-0.3378373313502621,0.6212516108950558,-0.7203480373593485,-0.19110620977990994,-2.490918043429271
-2.3551698851783,1.7230898947725095,-0.2204745825863184,0.4555804373365769,1.4577866947114024,0.3002934374411798,1.4443437020934313,-1.241737812151367,2.397376589597702,1.0871101984887657,0.20920249248664097,1.4250793326254454,-1.168634885989372,-0.2886148787694938,1.4442503964023794,-1.8670601808949647,0.5604577749588049,0.5321761598451539,1.9692258168221626,-1.5829554197222364,1.6096310570316332,-0.5594707431489028,-0.4470094599118548,-1.2220043869597932,-1.0878520374669252,0.4035223474539224,-1.1123319147813555,0.7402843336529155,-0.6629660469697535,-1.2130338058486476,-0.5278091463598945,0.3367071917563058,-0.2773532619310194,0.03421011833279838,0.696207461836084,1.0824214516169486,-0.31009530858943096,-1.0442220155761586,0.07609447892251621,0.47064958610407176,-1.4607253059719505,-0.890608297007585,-0.7191868959629409,-0.20782218872037653,-0.7610339036267858,0.7070407250968996,-1.6051332014584174,-1.5797186971944246,-0.3338888115114624,-0.17565280413985668,-1.4546438728581037,-0.6067488426475648,-0.4010438174190893,-0.3932979470221456,0.15188148328929144,-0.6615788844235619,1.4778363000082735,0.48820463973357225,-0.8071135206413219,0.09451149336757297,0.12401531860560501,1.214721474497781,-0.6003824289163511,0.7673386977205734,0.041854475782477606,1.4915665164487661,1.290891452639408,0.19697930459260035,-0.26228262101606054,0.5066059096794557,-0.18045002712716604,1.680307105978335,0.07847007817701199,-0.4056426325128372,-0.45961508607392565,-1.2130355851987074,0.5565591280933229,-0.8200112026395026,1.098148252187747,-1.2929350540015732,-2.2228158517982752
0.12724144897325032,1.1502237584974535,-2.1522470646236362,2.018265543792186,-0.4252851971981094,0.1410953821621393,0.5714492255163438,0.7261290561155536,0.27388393825968216,0.9973845837063676,0.5190707129218126,1.7608811400323037,0.5223275428545973,1.9646355198830872,0.9010788402376559,-1.8057501257682627,2.6111026783878413,-0.5743441084772188,1.4955440152017352,0.026793443119438404,1.0610902576025796,-0.688478910865794,0.6257445430895879,-0.25319054539440544,1.5790031115898886,0.43866816741700937,0.9359426413015662,-2.1640768714730703,-0.08557267978862526,0.4105516350582958,0.2236149064397072,0.9611572137178506,-0.3659042451374545,0.04878710503463059,1.1812267644149919,-2.278689003445357,0.5893505016383412,-0.3338848259935533,-0.9123181245536214,0.3365442242759801,1.2274512968086555,1.039143831484181,-0.13511303090662863,0.8757409637609486,0.8680678984458442,-0.08737127049316686,-0.693080551988208,-0.6352340311223299,0.837853348868137,-0.042146813712690696,-1.0461822197305883,-1.6848628355091249,0.8318314520963794,-0.5467784222642238,0.3303877556559817,1.2397069070691236,-1.3089244768534851,-0.04513738051284493,-0.1706941462188697,0.3797428756279606,1.2391599984204347,-1.329451814662408,0.5697979487057669,1.0315237749937014,-0.18637706395678272,-0.13744699289312357,0.4184493689849223,0.3448170778897882,0.5823526073671226,0.5612805264012167,-0.9819723056156512,0.9902664977049435,1.1667831621902383,0.1860828936902982,-1.4941553065496669,-0.11474570600009057,0.19440587694056835,-1.1446002377868172,-0.36013806357701345,-1.4093693875585418,-2.6066168793167264
0.607292224986444,0.1659553149020513,-1.6457831648142445,0.3514648615819806,-0.05650894739029124,0.5164142827544048,-0.3915324337554278,-0.8014794007430242,-0.7708446264578068,-0.5381702165484047,0.018825096581047043,0.14795846542479205,-0.19071987780810284,-0.42331954899651913,-0.3514032680054818,2.507724785506933,-0.7707251514982087,-0.5579720085461926,3.2938541083681483,0.4210133024605525,-1.3799806659036957,0.8426872039772633,-0.9100388892011476,0.9090615078050971,-0.21096227937068143,-0.43979584948940736,1.6091649688275829,0.5664013526592448,0.9729894374492074,0.43491967951994637,-0.4444445237930985,0.6113544202582081,1.2092153926844607,0.1347380435175534,1.8016426043465061,0.8504872032019086,0.2119825497716119,0.25148653101781787,0.13723712896762474,-1.2512387855949916,-0.09007219580860511,0.22118648534116717,-0.41608512126652875,0.33767701870469485,0.021307490355111102,0.7736918910987685,0.6631123810657311,0.16715328758484124,-1.3672128913019983,1.7907227386811706,-0.14189099857114323,-0.08088645369513175,-0.3425208486993877,-0.4884116560655365,1.544058048000524,1.3860443203860797,0.4443934035776708,-0.10750015443072543,0.6191179850137531,0.07379698176937273,-0.19022291832309887,0.3381059215063302,-0.44115774694544485,0.2522642640034325,0.20422092562163552,0.6029360212579244,-0.6191369574756088,0.7101363528765408,-0.9063114929505052,-0.5725666516212387,-0.5289250591457441,-1.0720517723736782,1.0156622833856628,-0.9690524761897973,-0.6989163374066718,1.2554077104866421,-0.5705827018536505,-0.18814268513809665,-1.0120290009165358,0.8329512076226846,-1.034714522430907
0.8467362441910651,0.7389459041234467,0.5375298281939437,0.07358911101947667,-0.5243766669379845,-0.814969306666021,1.2899055267616704,0.7648042717265899,-0.6933042272004243,0.039831768223134466,-0.30011509298501327,-1.1282107057057502,0.1776513766213024,-0.4154926642391958,-0.9525366662956856,-1.479132554141762,-1.5638035002056712,-0.3714261276946395,-0.08509497042491564,-0.8753008101623161,0.6507394276572277,-0.06554654178296233,0.5768853105986501,-0.18291079018770778,-0.7871176352071059,0.11411757113861393,-1.2626745120183225,0.5394385206366479,-0.9371492065131337,0.9182325265334489,-0.3384557462419147,1.062533516309917,-1.1226231885883153,-0.6777697007288204,0.3809349468485706,1.1704970934267551,1.6666089083149223,0.04136616368087278,1.837745630786756,-0.28966454982543055,1.0987676223629725,-0.9421809969593052,0.4202005068632542,-2.3416930408564456,-1.1215910116531238,0.46667679808076484,-1.3124388522005235,0.42694961078918464,0.9064581208123634,-0.5013201927182781,-0.968952955674198,-0.4741866158547388,-0.9658123191841855,-0.10121355801591768,0.10209062488808177,-0.30601012309680875,1.6743592401868217,-0.7194038196869753,1.3914331792553123,-1.0412392363121137,0.07277756994154895,1.1831054085480694,1.131357152253318,-0.4202578977002351,0.555069720071345,0.4211790836642261,-0.5399391785927399,0.6159499371480742,1.8624921720523726,0.47170066506263064,0.5663563790706708,0.6721549782007075,-1.4609766073551405,0.46022467320628885,-1.0167595748385274,-0.5898869406977998,2.161941781188503,-0.25326160965881,-0.7401741042942273,1.1525825789013922,3.000922636395545
-0.9476770028423769,-0.44741914418967715,1.2490521679861668,0.04276756530795937,-1.5615970451265293,0.543989614322619,-0.3964658820465088,1.539851486530245,-0.6061869476341336,1.0512259737259262,1.775698032365714,-0.8509432238115706,-0.1932130207581928,0.3886252741444505,-0.8573457525541744,0.27029494670783055,-0.2249202875059923,-0.2450675715933652,0.0489383927081116,0.07126471557856422,0.16388076907604027,-0.5988263454567843,-0.5551717243497534,-0.11858758882483045,-0.04475764123579518,-0.43884933994661673,0.3239396420860183,-1.8147617486751968,-0.7304662589089517,-0.27992782620285456,-0.856115187030605,1.6291980148088911,0.01886184672495171,0.1767696782259033,-0.48323070796546075,-0.015778920372960952,-1.215253464302734,-0.16981703609507345,-0.9370084285957558,-0.2774035847561625,-2.559916566302497,-1.1280032084435256,1.4639264045143334,0.8303977491075424,1.3190393359152313,1.3877212696709238,0.6729874241644773,-0.452868685379135,-1.0372509462656228,1.1467446054496968,0.06456797438739051,2.4940228163819067,-0.36509797601075417,1.97289585478048,-0.15679179069575525,1.3360485972587004,1.6966917372324548,-1.0229499281807124,-0.48499807829086855,-1.0329792256985308,-1.2299444882582236,0.66706685052495,-0.19662837024902155,0.05236632319013622,0.55623913497328,-1.8573868337149146,1.2867660039570548,-0.34909416333991755,0.5324013062378574,0.620712839228547,1.3707965607638406,-0.10485738778303354,-2.1236374590429308,0.057127613453560856,0.20070685816160114,-1.0342608591401172,0.14749065443293866,-0.3610184347262918,-1.3427539492825105,0.6714848950092839,-2.3544941487169475
-0.5637251508977961,-0.4063792147370691,-0.46257884728708454,1.2354785974641467,-0.0409161617733923,0.0790998205458215,-0.440636154386397,0.4628668222549053,1.3493180484506717,0.6478608174865064,0.6868669613348561,0.6062302058843455,-1.3802426433111632,-0.8761188316991384,-0.20498739359912627,-0.7258640424932256,-1.064537024755998,-1.872175740870574,-1.346529213134141,-0.25652555734260035,-0.06942636681888449,-0.7930537761305755,0.07892521268322598,-0.4338336409083763,1.0905735873738482,-0.16162576402483733,0.6963308814017153,0.20321376229469254,-1.402071039244055,-0.09065817573717544,-1.2356240993286836,-0.10812083821692123,-0.7451308172306892,0.3819630334848083,-1.3423543374662013,0.014701825279437203,0.5724155825631939,0.9075955693089953,-0.7641677578842229,0.017750972207175114,0.18414697291157353,1.547126279542768,-1.481330060750137,-0.9111025450710489,2.80446249273608,-0.27309728395597477,-1.8909938099032746,-0.582550143348166,-2.768873221464362,0.24092071245615312,0.8097847602782187,-0.9116623761687532,-0.47072392225150683,0.9236541553689125,-1.7502154648460704,-1.3215712121995455,-0.22811518171563971,-0.7523348374668184,-0.2938668974735878,-1.2637503194065218,0.2143134859215077,-0.1492330851799887,0.5491904942330328,0.20039950048029245,0.2066900724960235,-1.4463073545301137,0.49259155164487217,-0.3308664018044421,-0.1665983076496178,1.0482643763908097,-0.7194355565168952,1.3511843284590006,1.4444752993730932,0.752784437364372,-0.9806208107674219,-2.1862932456269317,1.078834914259941,0.11138506133107968,-0.7451974708214624,1.1735623437556026,-3.6401752356882904
-0.8615588808778094,-0.4241552582309427,0.5248903643169941,-1.1136028316148774,-0.10948090960706738,1.0891371839133615,0.21111074362112997,1.2474263368236806,1.133602358005998,0.0077383344216193865,-2.3367413763573883,-1.1057722952153066,0.7633341123844894,-1.550251420285287,-0.32669258858695,0.3384806136890324,1.4695706957615102,-0.5750196964544141,-0.6434877090831294,-0.05244576649550049,0.3509129698101024,-0.15424682739609405,1.0492683488858106,-0.7991438330284719,0.12016093337904353,0.44521271024701903,-0.40023280990585663,0.8397099365599667,0.14895854124234953,0.7888457131522739,0.19410410804883196,0.376404571487228,-0.6323917568493553,-0.6307717051912234,1.2243964799287768,0.6355104445203323,-1.0229651662224017,0.18086342465483146,-2.3737760535354258,-0.5739401636994166,0.9610276766199058,-0.12514558871115952,0.11791266966603123,-3.0163812465202113,-0.3922536181361517,0.3382722238272125,0.4652898753983397,0.9623557113343643,-0.21025775177342823,-0.16565581262414916,-1.3321174294098623,-0.20452153917319804,-1.2615750623977986,-1.8478701198054168,-1.0851793701105783,1.5086849078039715,-0.27056120151327656,0.21987736302336577,-0.5134962511980561,-1.7905510194518974,0.9361131249297073,-2.1721981398555887,-0.5547926767916584,-0.05461488085006111,0.23048964342985517,-0.7264696045288699,-1.8379614830549744,-0.8010932923354382,-0.7487579876196624,-0.7730934951550803,0.9700585902076034,-1.2136027781391423,0.30097927443815886,0.15829703721791577,0.96045507747167,-0.13313187173693122,0.7911309671975586,-0.17222013809409803,0.4343925265848003,-1.5029410872472406,-1.1143042110831294
-2.6382780762911087,0.3775468535658534,0.43118312603922965,0.4755023331518825,-0.5249325147546792,1.4897222522103726,-0.45987781573702197,0.4208790196723695,0.5946362250040785,1.7187401597491105,-0.31702961978983357,-0.6531929062291528,-1.4981453844153232,1.552367006662473,0.42141090704854006,0.4530611058943021,3.11670424132392,0.3250447411862994,-1.3023214051000322,-0.19590357499297611,-0.9747824088486532,-0.3958683945827724,-0.40258960275460726,-0.5870243910670495,-1.393282505355397,1.5925016336722961,0.2988480444383938,-0.22547203470023827,0.757637829515743,0.471067274849391,0.27569073274204753,0.6849980727668268,0.13393474375865663,0.6702214569915914,0.7531123008777751,0.16271873503280307,-0.22039449349611565,1.5303978014539088,-0.4779015397734336,0.3913136004273458,0.41390841073906653,-0.6095578522636356,-0.8078223853114933,-0.353852020869851,-0.4922168531756078,-1.4581305616388653,-0.6514950825192756,0.26622298463456223,1.2659435841485986,0.5543913351736333,-2.599534498370238,0.6413037147573276,-0.5581517858957178,0.453080074687763,-0.014135259210628073,-0.19268762608682777,-0.10223572796214128,-0.02242430826978004,1.3444049720902438,-0.019660187085087422,1.0855361331812003,0.9399058658456572,0.667045547583653,-1.7866188201296775,1.1166326561616067,-0.45790129413558806,0.7157272810747723,-0.9725328332404135,-1.1850740433032558,1.9763887368311992,-0.9569830668381143,1.1461066390517474,0.11842032143652105,-0.4201200583601715,-0.04482888433020653,-1.3010944965313112,-0.013754379609230549,-1.0827403138959595,-0.39544379431398563,0.925299563969576,-4.909014495531691
0.2541906765576573,-1.4821704988805215,0.8514881269138698,-0.007099761909142564,-0.5421852684093387,0.746676303908931,-0.16720683697700237,-1.1656613399057127,1.8478097114496044,-0.017287442890987742,-0.08138520448221714,-0.40510517173058996,1.1799657394575893,-0.5248785081420402,-1.5449798588116046,-0.6786776618959786,1.3267746004547925,0.8321321614571173,-0.25501565265986115,1.3732551416404741,0.7479422288218825,-0.2665893636346067,-0.16590985510107972,0.3293177319454342,-0.8318869496638158,0.004505065509350931,0.3085133646132903,-1.6869662386085398,-0.18932032256789785,-0.3030561853656883,1.0280680199603225,-1.844496993811034,-0.38150601970371084,-0.4817546473645869,0.9600709639216006,-0.04354656936489266,1.7960946456523694,0.6622133819063865,-0.410222994189519,0.23965869655895883,-0.3540688093694581,0.8593960904904201,-1.332197713291012,-0.8236959765713334,0.45568991855492125,1.225756448723621,-2.201968596139199,1.3744712159904158,-0.14013512842800616,-1.883874961937163,-3.0017278418893385,-1.5293860658082796,-0.019704855845401752,-0.06589803780888462,0.6332004347093099,-0.5494871775609635,-1.108040546446171,-0.413086387660893,0.033610286911577296,0.23077279495527736,-0.7891646992724058,0.9014467003353596,-0.6213967717240335,-0.8697173623249038,-0.5423915094682898,1.0748401757026071,-0.13279645294065934,-0.6945135030697719,0.9261077504485437,2.1427485399487463,0.2096826343089477,1.2338424608654335,1.0360779505747895,-0.605639751658333,0.02663418047623251,-1.2825446297039873,-0.20494226636163507,-0.626190369125724,-0.40288595717563497,-0.7498950313803366,-0.6024036391252248
-0.28709680819556727,0.5322326862649144,-0.11949191043999567,-1.8643731977553857,-0.7461205648984861,-1.5193993525582523,0.24406022598176774,0.5033173640541875,0.25654822185416504,-0.7874043932993874,0.2468539291312162,-0.47011425576887506,-1.1382254497502524,0.7419299197089303,0.8180277537237719,0.948895481083506,-0.6083486000324562,1.1793623126930788,-0.4935822513280676,0.653501321538513,-0.5109126617666753,-0.22398216374577085,-2.4211778573891896,-0.30191321441691565,0.09108996678502743,-0.41004961736383877,1.7561880680851394,-1.1624660853252764,-0.5635812371039258,-0.9048726099858533,-0.5637769789954712,1.031413062940705,1.4780317943269636,-0.7007926109189417,-0.7230075427232033,-1.157128648593915,1.3062853865193034,1.1210044069163025,-0.10598179998878679,-1.39609919630688,-1.306662565456252,0.1706294503845932,0.5493379184464988,-2.0661448050211484,-0.3213099105378827,1.6182958895573838,-0.21750920663028547,1.489638090790624,0.6490461289556837,-1.0842796008353577,-0.292671293351856,-0.1286942385447029,-0.9525115680935066,-0.9698680228109412,1.5067685921185607,-0.9773606196929516,1.0784360764086802,-0.4364844783650164,-0.025639329883172433,0.5618444182385726,-0.5985586729046787,0.5679043134945333,-2.046429699548382,0.43970738841463686,-2.468530124571636,-0.2268467266984575,0.8542429853184914,0.6222953060583759,-1.298410478961941,-1.169664396093517,-0.6886720403226348,0.18621586235813473,-2.0319331900437034,-0.013223575848558187,0.31142937380006447,-0.2830371808709837,0.5253209680530518,0.22372415832620401,-0.5416542593988953,-1.9361893602594902,1.2298025078883894
0.13341308157082288,-0.9530753652299778,-0.5783426248615452,0.47912421796308585,1.4173333834343511,-0.038060123442009,0.5540648364458706,-1.4444793411528907,0.2455235809950345,-0.059905937677162444,1.2292275806261819,-0.5404584760287566,-0.24163761716237078,1.0588144671327948,-0.09203379239464947,-1.1088413812872686,2.551633273290123,-1.0785927633367334,-0.06470008154952371,0.3466881560256132,0.26761750903111453,-0.18974370400639878,-0.18476037052630803,-0.23493186628795537,-1.115933858591372,2.150219214422729,-0.219990917713377,0.5969309928230956,-0.3346528576816054,-0.3547636723554835,-0.4554436626696503,-1.5498457879892507,-0.16062114012076936,-0.4070076543194302,1.171524509184777,-1.1967001175845153,-0.577147177554855,-0.8984404667540822,1.4425303940118088,-0.8694084448546713,0.5622998447261367,0.97016147340598,-0.1461229114154082,-1.3768110009404684,-1.3641538587636903,0.8597640647960797,-1.2605940187998574,0.3920266110599123,0.11434910982059632,0.3771324843110272,0.4715848078458876,-0.9336707844179017,-0.9755281790147413,0.7149271341004025,-0.6293446105643965,-2.7501484920051484,0.6487552978838649,-1.0362612880687683,0.4671358779052533,1.3928218493169693,0.016762457261947625,0.9957658316635309,0.15379768053620216,1.5874293281411473,-1.0621071087571061,-0.00821498041648976,0.6731616050414675,-0.19041175701004545,1.1522189966526697,-0.4320395395107805,2.0693711516288884,2.122197504272245,0.28207199622729967,0.5526011803546168,1.1916714356246376,-1.1871973989673668,-1.3120000145777906,1.2564189138576347,0.2739884728729994,-0.22650524597978958,-1.3514670927307513
0.011123302881161038,-2.3860414723640693,-0.19056231445700128,-0.7530467391932236,0.9180716336150824,0.9950307783840061,0.5766802341299105,0.39545864879914155,-1.4973467487202679,0.5906430799968742,0.6293979455233839,1.2451926537687301,2.118209812430197,-1.6925606735716086,-0.38847682561821334,-0.7422666371576447,0.17250718838507423,0.013401858218038697,-0.23408207308014561,1.0276043614011736,-1.1014142111807836,-1.0411214673926061,-1.0242252710980422,-0.3603275874259869,-1.2285902159118463,-0.048571488799270555,-0.1654901946308669,-0.78651511399908,0.8737662540561958,-0.059500528286736874,1.0626473640318037,-0.19504985120443202,-0.02419488823135469,-0.5627824046817108,-0.007046540535484532,0.7122313061320464,-0.41133423227029803,0.5184119625346643,-0.8127469610457412,0.7590505655222095,-0.5799058273119273,0.8516798732290504,0.06097654243366502,1.5209537333910634,-1.154067726254209,-1.4761767733118683,-0.6162172459755669,-1.3846109480343132,-1.3827348944282776,0.6215507604598759,-0.004178793412658349,-0.47968097670425885,-0.3869625973054321,-0.5972376643263394,1.6503691678190437,-0.7355057076430367,-1.3221338980832993,0.7960506174863278,-0.2157556233478209,2.0387736888178853,-0.5262056387941353,0.845984179756792,1.0821973305993051,-0.5213358322020036,-0.7429207679090358,0.7413665309309047,0.5748919179139307,-1.4106101007109266,-1.1284356363047208,-2.5364300049480053,0.5953868539788023,-0.2618271931357455,-0.162150420975282,-1.6914440977018532,-1.0981023530893264,-0.4779589125675662,-0.672325600147821,0.11783607551763121,0.5834681266318139,2.269612569285197,-2.0180476963459557
-0.020017030030925434,1.1154026630969456,-0.8299727769797747,-1.6749463149753558,-0.35230164671012465,-1.5977217178742416,0.014673167169103205,-0.7804541245086651,-1.9542713867545856,1.7360251458601772,-0.5375617131053801,-1.6376193029441979,0.8981717905072897,-0.7286143625392852,1.090166033690662,-0.7333943346780494,-0.5408976902627972,0.3448317094770465,0.5932193807041102,0.7684837373405985,-0.08974113872932903,0.5286167215545834,0.7456286069234205,0.20056913856684971,-0.14265811326429617,-1.4452949482311301,0.5991741567799889,0.04217369914115087,-0.41361585235070747,1.27776636359166,-1.4278336329133157,1.6440363153648863,-0.022273278634465647,0.3175181785028984,-0.39504411453027083,-1.6670729125233301,-0.1396098984657797,0.33474490689279257,0.6762254464025941,-0.1980331984389014,-2.192539841204418,-1.5416613445826255,2.052019623763294,-1.0925359837721156,1.4270494582392084,-0.9340867374175955,-0.18245590972786754,0.625208259599904,-0.8201944465808737,1.5922151357590542,0.07572835806841098,0.4608508462996698,-0.2676070080191258,0.6587202870170907,1.5787927398498625,-0.13128593762321436,1.7297127907492362,-0.6115958083791179,0.76409603935171,0.4891143362430499,-1.0685820726823694,0.2138097046373318,0.0073659378503727856,-0.8531921762768451,0.3580024341941265,0.14628954610851758,-0.07258694730721668,-0.06857746905868485,-0.09001025892361937,-0.3676996212463275,0.13983409501498167,-0.6439142123637804,2.6568094914699993,-1.4093332454653158,-0.584736077234459,-0.5057421045769407,2.0404934143245375,-1.3201346499774993,0.4259222979861098,0.24839406504653988,2.079830059521416
0.33360230467454804,1.2363431626109402,1.2158293597470884,-0.4509568265201174,0.1940174494939909,-1.864102032152144,0.09909300852192908,-0.7939894278319191,-0.1863824259605165,-1.6853718648166949,0.4048722867190754,-1.6965686955756079,0.14828460679158642,-1.2265055930225495,-0.8496410351358846,1.1547321025451627,0.587917945913622,1.149203137670543,1.5597271325012902,-0.7728387071397649,1.4989716624408718,-1.4655056561789015,0.7461003345449032,-0.4933377145999715,-0.9303001426393164,0.6144698673044425,0.9449515251692131,0.9152683866465448,0.21485988889479202,0.13195730132923905,0.5268665856999025,0.30376407551719103,0.5413558395859803,0.20399946111071426,0.8427838245063638,-1.6272078065504278,-0.13127347508638623,-1.3838464938455861,0.27670201760488466,1.6419301758536977,-0.47408478194696846,0.12725203029721524,0.7564867149216389,-2.0677229317665247,-0.5221104821441878,0.36451565927285023,-2.896994725657275,-0.9768084930749713,1.1008579733812893,1.0029969004507249,0.37431822737010023,0.8821976399431775,0.2151042344214637,0.5553949074423146,-0.31565370884061383,0.11581268292209276,-0.6323703864158223,1.2634833441823135,1.5215594095022018,1.3799128006970733,-0.4081087616778623,-0.9537740393650874,1.2769736607501632,0.5439072025914127,0.32858434152364246,-0.6336320849451457,0.4256638126367649,-1.085278059661935,0.6340623560790319,1.3788866996062104,1.6310455439079523,0.708524054109816,-1.3820215496211217,0.19733013094602156,2.139681744057713,-0.8686115904422842,-0.05918157291021701,1.4135243518009772,0.6171339220735854,2.4801563244851046,4.034532335048637
-0.7328693832285884,-0.9897557857408219,1.2241254358351739,-1.195878628271536,-0.1967679888175363,-0.06564654485957652,1.035989473385922,0.6142679680252469,0.45706491417686257,-0.40243087790166676,1.215004019081943,4.0258240427272645,0.6912820989229157,0.09967220754683649,-1.2978629709921605,-0.6374814493171534,-0.21371023394730407,-0.5346002402671326,-0.01607783452684818,1.7780160768072877,1.2471669173692341,-0.15883271646825428,-1.2082799446658605,1.337367642902413,-0.049054273461364435,-1.726500425602355,0.7124301184930362,1.0256866842334653,-2.425908404934669,-0.8245546421329034,-0.11045401130771397,0.7345109113086175,-0.5157465846241712,-0.8321419019739364,0.7271692496802824,-0.4683223733141591,0.5420546505486971,-1.1115156549745906,-1.3523330192363985,0.755269157570397,0.2525199103172139,0.9224557332362071,-0.5325930009214418,-0.7951053024797451,1.3607188875409106,-1.5229587639944702,1.2514607091806247,1.3205047074823832,0.8600895142660753,-0.6878075170104481,-0.8165238367253593,-0.21005577299819952,-1.2950396768313994,-0.9616939987535967,0.644734291509046,0.6493491142241571,-1.0495748265349563,0.6761219353000746,0.4543033057398061,1.5098862545771035,0.5691364418675215,1.058581053734378,0.47707759093021124,0.9799291096971879,-1.287117156567775,-0.1217444571109134,-0.038982768227529795,-0.2437499469352824,0.4438866303167256,0.634379654495751,0.3922570770711484,-0.17694388122133783,-0.735730079845125,1.097186074156234,0.34973281661383504,-1.0186138583994084,-0.19368754164962376,-1.7432996777073613,0.035370614347442896,-0.19837994259859598,-0.8925752640813359
-0.5744669503553378,1.5846001898035293,-1.1561541195421123,0.7063929516823354,2.1867081609318735,1.077267903716688,-0.03153878209776703,-1.1340686394233275,-1.3620621765844554,-0.411551694957522,-0.6870007339139083,-0.7195469089581323,-0.3263134554712441,-0.10224709288568688,0.4852119476452963,-1.2377962194624292,-0.68224379613305,-0.15967208282248133,-0.19548519342326906,1.8364237074134229,0.2322465927238575,-1.6135898119594245,0.4181813615867647,0.5456637227439788,-0.12512802824473812,-1.2133966744092013,1.7580546953134628,-1.0698839135812572,0.6607722064159335,0.20005052906393525,0.60081054902977,1.70685792416733,0.5616388721410351,-0.558664227043533,1.105992275127961,-0.6310994500441196,0.16355801139526788,-1.2930836080157901,-1.0332812273367524,0.05138667043618637,0.3680867085808721,-1.7023906226910304,0.49728736800066425,-0.8194289765982975,1.2796880156711665,-0.35196442882450824,-1.1236222695499858,0.07580455795925227,-0.9162350010787254,1.2689451414331256,0.000530207533099717,-0.1516766230932871,0.5918010189310079,-1.004947439200293,-1.2891536553285141,0.40835157944163697,-1.099670708008809,-1.1000101537494567,0.8367560312208876,0.5250641099839399,-1.2538295424529113,-0.6191360429413364,-0.90373155594632,1.7763192980405802,0.9060104275706085,-0.420844846005274,0.5761946893434926,-1.3561861859308293,-0.6726461511894929,0.10486326594188623,0.45223074914591294,-0.09745912551344407,0.24801351071422595,0.07833645995312626,-0.16357740202231738,-0.2961455921908937,-0.4262648726777842,0.23193750862858806,0.41081558919945615,0.19835916731883396,0.03435659962277049
-1.1785970500010596,-0.9989278511431876,0.39888180594806727,1.4716733006708778,0.15241546155875524,-0.4116684124769942,0.22434045544277556,-1.1368214225134285,1.3089431565364635,0.1865941445080283,-0.6694572132105483,-0.16679546609287513,-0.5270362320636157,1.3116699768168338,-0.20224008944705912,0.15536574611559287,0.5737264566512917,-0.7407666037645421,0.19370946613515708,0.2744355693942098,-1.5540788210206211,0.25269648877761,-0.04576206494313917,0.12996629211599667,0.03562971349056658,0.25916987295008204,1.337343225676158,-1.1795074120851095,-0.3421523355004201,0.6666186289628364,0.48092586772791107,0.45940555334208416,2.7535772156733374,0.6141355241167059,1.1309377962550249,-0.30707205885250843,-0.9929123738972822,-0.3143174292336339,0.7119601713434042,0.4068278548291754,0.4032513705988798,-0.21434438679712778,-0.37380261881297533,-0.17985724429327782,0.7244754501652129,0.8407274281704181,-1.0062416496712276,0.7623425594314492,-0.6507212307562297,0.46892165184105333,-0.19196574246248815,1.5657885492389845,-0.4180746289811456,0.17861184089478324,0.6065931575594277,-0.8739588501228821,-0.07285705542694518,-0.2665848846231373,-0.5138134834059732,-0.4397230014832396,1.1120145981367944,-0.5985507347603333,0.5664078826716058,0.31459500203114427,-1.3969801157751758,0.5191694384264413,-1.4135132097576943,0.6280918281651601,-0.5071916431308481,0.008367253256452208,-1.2942799496263389,0.12238232360481602,0.9269504179706196,-0.8069654280226208,-0.607167086144011,0.45462102356748946,0.47961832364693924,-2.4341792984085067,2.0154063637827733,0.5285534835483313,-4.847696604467135
0.6969186624529615,-0.14354044666201693,-1.8553535085522448,0.67472206125024,-0.5651880282308862,0.5439316941833399,-0.21880107026272877,0.2380393791163774,-0.7749963814092447,0.8643889426789316,-1.1883790394576719,2.24556942533919,2.237948634987012,1.6326995854665105,1.2754789857745101,-0.08454835823364099,1.1665467057472083,-0.09617649827612768,-1.553517542245307,1.503201414030688,1.1288244629225053,-0.031339107655435385,-1.2251842573311502,-0.5862006765789738,-1.8211455848875098,0.9450808526179771,-1.6033089668641802,0.28683087014667635,-0.8436933477796882,-1.4267034449994767,0.2383550932785717,-0.3337993853120314,0.8381891054253677,-1.267605268728707,-0.7573146454738222,-2.3876422084908913,-2.1843466823279227,1.7981924099785127,2.083598244099669,0.09272620522395288,-0.8238287659065117,-0.298448925490107,0.8735742024863639,-0.5143890198220461,0.2376338670416892,-0.01275605048124964,-0.568812670082858,-0.5261927459918712,0.29332087168550824,-0.9768881363874414,0.45172934562351613,-0.47157895964918195,0.12736730464823023,1.3839625661685588,-0.16819204522695244,0.9198043401919923,-1.7920328558838285,-0.4703630136405947,0.027688621076072818,1.923330679206459,-1.9599520832598905,-0.09620986189277686,1.456688850916263,-0.785020405266872,-0.21283881042567027,0.3317389850555395,0.18450855372278024,1.5657704754544142,0.44847381007323184,1.3277728955142192,-0.3600083573099114,-0.7405254112502966,-0.22572319301963548,-1.1591030933676016,0.48351169621009515,-0.3858781127552457,-0.6717888999774754,0.4986584096210017,-1.1437157779742886,0.7705022138557944,-1.2472998879923656
-0.4783373884913608,1.159096444094184,-0.39273757822956723,0.6319096665579241,0.17956237377290588,0.7439018737144868,0.10994689214762728,-1.6633974123432438,1.008793539242132,-0.08768292245790726,0.789516077354813,0.6902464768688565,-0.7732964810113417,-0.9147954051752969,0.655355101449004,-0.3032490294105138,0.936429279466497,-0.17820094286302327,1.0234097774482882,0.4233044842091017,0.2879749937141485,-0.3740111987402744,0.2324276140615166,1.1928527149527093,-0.05421545866331975,0.5311744436838554,0.046360076249706055,0.12460404274542186,1.7234107569382986,1.2017300310395511,0.07940381519571835,0.2144540879360341,-0.7018705035509689,-0.17297154626495317,0.309397787548615,0.8506135895691279,0.749220896910919,-1.1092590559045103,0.9769827306786314,-0.08877367937755289,-0.9869913556775379,1.3363847374319215,1.463278996737953,0.2637469823406603,0.7087936019052349,0.767449208744432,1.395772152812251,0.7280685254317251,-1.3276882774385688,2.0098077489711277,1.065656889480043,-0.5095242052727647,-1.0296250723574096,0.5048134304040838,-0.27826003836757923,0.3299953539989592,0.7434068412782634,-0.5664418879967954,-1.1161079926843374,0.38581846787197815,-0.5333878552769735,0.14609578573239815,-1.3433264369622646,-0.2521827244746376,0.7149518910399967,0.6059325076467968,-0.7883579708732686,-1.1682643693180517,0.01576368975179213,0.5610327970194089,0.405175140192551,-0.5121598443613099,0.2978244424866034,1.5023554712759948,0.20514468730902757,-1.63314793581862,0.2032003381006422,2.043956971212609,-1.2873908131155956,0.029724661829022104,0.20319347170145846
-0.2263354330321344,0.09588295927506402,0.19425215315377178,1.1399719860629245,0.0847832864008106,1.277259557212047,-0.1176556587864825,-0.3501367739746331,-0.6691829830386058,-1.8170870291201529,0.2757814119258398,2.0540002884718427,0.4582354772858612,0.6867473541616795,-0.41303132501445505,-0.2443333912736707,0.9846414883332621,2.0086936402898203,1.4879479357968197,0.805244629728022,0.03515057939050897,0.2097189142673235,-0.7535073194282543,-1.448167521302657,-1.126798357759941,0.0498000345219375,-0.2919922614266772,-1.4694417047196846,-0.037323379049736136,-0.31843032446594494,-1.1728488552840803,-0.3701790106200705,-0.3209530007163442,-0.6166371399244667,0.9266701647759397,-1.902901562093312,-1.9857989907109712,0.0032857844490918387,0.09612718939230591,0.40421513601897335,-0.5389735082790941,-0.9179238050923317,-0.007316132694947453,-0.44157813534799617,1.5510714046556944,-0.3242272499251918,-0.053185151717077925,2.4754181395979424,-0.19476022673068688,0.5561568651990907,0.646309433386353,0.7314016437182146,0.28948726541125236,0.19384079441050964,0.10033428983711615,-0.5759939022337732,0.32551880283926843,2.028645837424592,1.2106819089635574,0.3039180222246367,0.8558297981059901,-0.8691759087306522,-0.26051215419971874,0.9478498441840553,1.4871671934581916,-0.770866172095378,-0.48358830942315717,2.1813757938785363,0.09626124976897246,1.8233619727003787,0.20685731727579246,0.2461802823254352,-0.30549088765989746,0.9425551415102287,1.3577775503039997,-1.035002230140867,-0.35245055222043675,0.9150785243742204,-0.1295486377843279,-0.4933854685332102,-1.8444682848215308
1.0095421538694018,1.103453204712511,-0.4496420906721386,0.2123665279879456,-1.208474795904233,-0.895480910478699,0.12416523213337996,0.03140678757984353,-0.9668760917306345,-0.7159739247255754,-1.0650443699555594,0.4550598569132106,-1.9676391966919,-1.0115772295601961,-1.862941547832321,0.4190206038579806,-1.8027335500547015,0.03172919853554027,1.6395240157474233,1.6734339812709018,-1.8059075691788211,0.2984096016309557,-0.9889712963804547,-1.193136035710258,-0.11346995439007401,1.2282911569331254,0.5996588742203581,-0.7151409284828807,0.7050339974100025,-2.2437083318816793,-0.7529457984332404,-0.8238915447012507,0.07832069173893116,-0.20282796365999967,-0.14147109361988489,-0.17471953010613864,0.022407240989087,0.5401309669582237,0.14933102610238283,-0.2843518166045584,0.40174827980478217,0.8261235436527639,-0.5560258907226293,-0.059402730672675784,1.1619065630465863,-1.1027606772673566,1.8047021962559437,-1.3391549747395755,-0.3453646112047366,-0.950189996876012,2.187926996869377,-0.5033500288471519,-0.5008411565285328,-0.37074873993991914,0.09560280789395026,-0.32844177890451104,-0.1328868046223994,-3.5292099530237375,0.05715983600182728,0.017806621486644806,1.0385687974123936,1.309060948279402,-0.18770806139179752,0.8162290816739554,-1.1015687804448064,0.7673423426961045,-0.5724757991345769,-1.1846974681300548,-0.1855886782040505,1.4004724471977792,0.1810055367308467,1.49648814767838,-0.7487327138158041,1.04785110454799,-0.6521600372369454,0.22532867148920316,0.216682828659415,0.6614917339241726,0.25074061991132746,-0.7391845378218174,2.5029317089604093
0.8803069520925639,1.7316565943253943,-0.5838034222561184,-1.8352320764450323,0.4993195683537887,-0.33118039405214905,-0.13110285595529653,0.556177755731012,-0.4563924298255985,-0.2688519713436714,-0.10011951693658637,1.4697539379850162,0.030069604113581585,-1.2356735808149601,-1.1958784811411152,0.13922992165960119,-1.129428000690979,-1.5623034869241608,0.6355359909340106,0.6844984028686446,-0.36813653389385326,0.29365929115170897,0.1881216441955006,0.6024193859690855,0.6047499039397994,-2.605788587527226,-0.2404989584823943,0.5179041881781331,-0.4104565910390145,0.03620263925982666,0.7506999816780775,0.0809252332521623,1.5079194172348667,1.1269862522811211,-0.118564152971434,-0.19804617072477865,-2.8503241052013646,-0.3265021968905259,-1.3532688927105265,0.2212295420006227,0.15287071112000175,0.6958557560267777,1.3966704719481913,-0.026269429671968363,2.280416311923196,0.2324514452199039,-1.310216393716633,-0.5620718751101198,-0.37274670030782203,0.5921271511533787,-0.9472499002293007,-0.297975882809396,-0.16104028079608668,-0.44812080765554363,0.8114153816797184,0.6413213884653558,1.1665671351039588,-0.33102518111119955,1.202527567647902,-1.3639970859770458,-1.388384300989857,-1.2138016860912133,0.00921169263208945,1.2023781165777556,-0.6021420806396302,-0.47669340496443713,-0.2160179553093376,0.5728281233876548,-0.4776253033545738,-0.5334169579165013,-1.3453952633576904,-0.5717211111771211,1.1774617529353326,0.09092600847847668,-0.7398545102479152,1.2361439727289343,-0.5852135020601873,1.4199555794824656,1.4036069779001006,0.05601162637466865,6.666814950318156
-1.4985495273716876,2.289500615345755,0.3872760562645462,-0.3238870247205901,0.9561279147750558,0.7023027870213473,1.3109383498864404,-0.6623477886798963,0.3184734127743923,-1.1858702302449369,0.6663343957412341,-0.022945369627187417,0.2810092554868121,-0.1463497238404702,-0.25098882058836114,-0.868231174014714,0.7904302146842336,1.4897040367414378,-0.5566683589100853,0.5535405049710949,0.4321836246602423,0.00809781134885869,-1.5265957333647167,-1.3015973511105925,-0.7809819511515705,-2.1390047235719316,1.408030729905615,0.3677032291797136,-0.029961048399121757,-2.1902358192678286,-1.8238708550204004,-0.0023413881869583275,1.970489965483977,-0.6986441958730818,0.863798014412438,-0.47990240767496084,0.05523925928886656,1.2146838488929317,-0.3459516301665442,-0.6901049080521332,1.4180705541247638,0.04555782111359534,1.091205090586163,-0.685248893384687,1.4066742089609758,0.273627274534611,0.43478762621465866,0.1316293114291747,-0.5054749819965015,-0.0016828104949717336,-0.44259023798936625,0.9595460626447856,-0.20305716706866234,-1.4965072277938996,-1.6794237349892838,-1.7267181523204245,0.6179707575539414,-1.1515043113734442,0.3000857758385668,0.13657451749141328,-0.06470859490977714,0.43840520338236943,0.1583035370905262,-2.70972974278095,-0.3236252408484902,0.42510313406343103,1.6402828107549985,1.6864576165824976,-1.3631505135852566,-0.34972529931277313,-1.5661148137079979,1.519885075110083,1.0128562081485508,0.3505878868631747,0.16609486126021009,1.3806311003494742,1.211325194760139,1.158044696656121,0.4566798597822596,-0.34922829951416257,2.587673611351156
0.7671248320175574,0.8160419052551146,-0.1906374695919598,-0.3512489188342415,1.1333132695582098,1.6641161087696066,-0.7493957809147662,-0.2633766754479744,0.35093307645469796,0.4865989977486106,-0.5223663592412943,1.883520630344044,0.4220952655451712,0.5313834084705529,1.758884081511754,-0.44906162524459003,-0.08843187644227794,-1.2533222290216288,-0.17235047225357822,-1.4889275239353628,0.747849354193172,0.4199967500699922,-0.27706930703854016,-0.10042370781784783,0.7614664151889905,-1.135796086889898,0.20416786745252327,0.6995098064587445,-1.7822740774072416,0.6849380057020193,-1.6740624632615668,-0.11759448385153255,-1.1633911040952263,1.4312465792900149,-1.1571210541523476,-1.6501898919653826,0.13335214159631562,-0.4137029800208229,-1.504605228663933,0.5258151991548494,-1.9914990624496793,-1.036240972583125,-0.5752182704207847,0.8022223921551402,1.295468367013152,1.1027822473275728,-0.15327379046223277,-2.427308244795156,0.39085302121855847,1.4705737392246134,1.2337904078135682,0.4629490097437198,-1.1895027643384526,-0.525307003628415,1.9338143987456746,-1.4167295346641338,-1.1478412281503858,0.9425515511652842,-0.4311592448055278,-1.1817551222046219,1.5279711787230157,0.4610559781451398,-0.38180116437717815,-1.1457748358995155,2.047406563859938,-0.02445181874660751,1.3973280624694941,0.8936335446094399,-0.5209015616632341,-0.5129411149897811,1.4463148979339198,1.4625173326199776,-1.8769159761207344,0.5497802609821923,-0.12121480472361965,-1.033323162938506,0.2617460947171974,-1.3495967909863944,-0.4664553546461,-0.7984737327699676,4.16377273434337
-0.4997912641559985,-0.07147849366199094,-1.0155666619054864,1.5731790288732976,0.4932832333941253,1.7945630283820548,-0.1600799690780195,-0.5487899622971091,1.758415614493028,-0.5780597398739851,-0.17829202198912472,0.7200474104973147,-1.2377258082972784,0.71129468479365,0.5833470661646026,1.2693253180378326,0.890044503010141,1.299978352877571,-0.11042190050841018,-0.8626703187070606,2.1099854140833623,-1.5266956155219669,-1.4265130788738078,0.5651280405088313,1.6249860481773497,0.18955084591416504,0.9993036997022059,-1.9958027274719585,-0.49954496218113714,-1.8739478071432591,0.7804109582286599,-1.5472313265890145,-1.2778188460326472,0.5140252049614028,1.0618243520177295,-0.15896810822921661,0.5701725041085097,0.5377881668730922,-0.2154268594424721,-1.0947054828862488,0.5648914068846425,0.6130956907750826,0.8940244030902588,0.31206642407889745,-1.1684999134793264,0.6903401613691801,-0.0013810802283412515,-0.48273744432334303,-0.2946358371937122,-0.6902571783903797,0.8888437788544289,-1.4181147335800204,-0.9934859348064183,-0.32877288467169474,1.6137508482389997,1.0542805490928489,-1.6408408032472255,1.351347088752486,1.349420216983684,-1.174008326022643,-2.5214582705964452,-0.07222162234724244,1.122424409299822,1.5912619698002022,-0.8708272643612502,1.7519791046629654,-2.227932395816701,-0.3680506138292876,-0.4172106692157472,1.152337024924303,1.29830246593978,0.9542236554333953,-1.3505500487458946,0.8626190317989219,0.5090419685934918,-1.6712343852795908,-2.067013828801687,1.0379892900207761,-0.18009930097924454,-1.2851820924548754,-3.8343267633307287
-0.20817192870876858,0.36404108111320266,-0.08285112666754706,-1.5519861531260863,1.88555690356411,1.004217968987892,-0.3353774516734673,-0.2950946559022876,0.35948739471317603,-1.1296213957403316,0.3226764365369687,-1.3307324368607656,-0.070534216845166,-1.1685714998568588,-1.1180839823267146,1.6457226136182097,0.059225894284554124,0.20740648540116763,-2.011379861081323,-0.5970017585210479,0.4612121187043472,0.19413626594750497,-2.1540298213537055,0.2071379166570812,0.36655880354968934,1.2837619981986996,-0.6552311189383428,-2.242068720135671,-0.9967707518051554,-1.0970650388685572,0.7367088777799742,-2.716736588395318,-0.4483564600726221,1.4257954735772547,0.00721246283363482,0.8963168161764239,-1.6417983335510877,-1.6019895132063227,1.4372424578452343,0.10121536575725322,0.10327436220914413,-1.1181528281069966,0.10078172895023148,-1.1459375683400963,1.18687044890565,2.7278307098681713,0.48394105366532936,-0.6349463854615437,-2.5336583304946583,-1.6844641145423411,1.554861831027136,-1.0291918432710732,-0.3708348816865122,0.6553259745791783,1.4822897993617925,-0.199586921163838,-0.4046668696660347,0.07162102851068375,-0.6276378166392172,-0.5738192032929551,0.4118801175338736,0.18529151783448639,2.131605306558584,0.4388488166354295,1.151145548093828,-1.071285176723131,0.5251572900302712,-0.7229813466010591,0.3954532632965579,0.6885145981148411,0.04986884400147382,2.407325721474793,1.4279797691084526,1.1772453328290966,0.7642861923700136,1.7633608177300442,-1.4369692974692159,1.3702831179905761,-0.9912443119995229,-0.5643391190667296,2.783727808848184
0.561392444061668,1.2332201655107236,-1.153576631681962,-0.5125448776777309,0.09753207250131049,-0.18636600469571402,0.8540320612351875,3.4359276159845202,0.41932070852587977,-0.7351964381623162,-1.2965083306389955,-0.3252539135856056,-0.9402498860287901,0.4675497919754231,0.4520216357842265,-0.46316820452495655,1.984955013783783,-0.7354473192398943,-0.11943106789817422,0.6391626658898175,0.8920548937698285,1.2775765215431991,0.42849647899323895,1.0509127007879968,-0.6651081720279391,0.918081960350382,0.9047291501563995,1.5128866747535359,-1.6684359922285426,-0.9071831156010672,0.823140969367302,-2.651364479881397,0.49200617378835015,1.0598044249313672,-0.5763752475504399,-0.43019000011191194,-1.0741373472399038,-0.5215471197314033,-0.4925685019617576,-0.6828412744655215,-0.7376781777844968,-0.2710047848883935,-0.28310431565612143,1.8741318998610565,-0.3941851431170102,0.3441502161918585,-0.5768829664763014,-0.5895957758414572,-1.7043705377326224,-1.5713662478110932,-1.2069982796529997,0.18369683476007076,1.0761736552845853,-1.786664526895518,-0.549076801348817,-1.3668907093503484,-0.26427709413354983,1.0757694937071505,-0.4468824016079753,-0.04751697219969663,1.455228396392314,0.4579009305079092,-0.760091855816802,0.1589152858357252,-0.8275490114022908,0.4204820127359998,0.5153401540727593,-1.3671597004984526,0.17514941738577372,-0.1175732579959197,0.5446773971721118,0.8313470510191334,0.477449604124605,-0.30319335337975234,0.9333300208640003,-0.8730627763102515,-1.3205219933694994,-3.1952866845608003,-0.07014095173715502,-0.8215464394934352,2.369491457491681
0.3977544760753508,-1.9712273940443676,-0.6471785508995,0.47026990586448525,-1.0298361463489805,0.409256748612862,-0.5570225950680406,-0.03280830977999759,0.5951580064168556,0.952797023115313,0.09249241132060718,-0.8140102948787449,-0.45803886237965,0.6369553630869581,-1.0212535834826066,-0.1780665966402057,-0.38588409836147486,-0.1033617833189646,-1.0092825292493772,-1.8519443522121117,0.5207426159596433,0.9641314234886486,-1.7921749574981565,0.3689261609262163,1.0831829148451766,0.5959110467623232,-0.4166701786760665,-0.9434963697507577,0.08097807934998928,0.24778505884688073,0.09580751115589878,-0.18013463011756567,-1.0826517241227573,0.4226882913088517,0.47085449441352384,0.20082212546167189,0.11099364507125732,1.6792494877461053,-0.6243787845733961,1.2814350974566557,-0.7340244692218376,1.1089505729564282,1.2333675500805437,-0.29305120340188257,1.6609630540608336,0.46903588674608915,-0.8772724411405676,-0.374156594389209,1.1327623061066514,0.9230647018766497,-1.0580404013792908,-0.13925731219049714,0.20352298277651182,-0.5076045890756089,2.357799723374719,0.23366374340532553,-0.061812190903049326,1.19085104425809,-0.36521353483883495,1.007427610617323,-1.6677323955829848,-0.45365404624556616,1.0490704183772468,1.570197720589671,-0.7732957130059931,-0.8898216362186484,0.567446430370459,-0.6230338949177128,-0.26857791775539397,0.8764050247371578,-0.544102181614012,-1.9654257515356857,-1.3010844356058813,0.009955585720280876,-1.8634231484728845,-0.2971604172973206,-1.392096516243992,1.6399390068655983,2.1651425947656726,-1.0581971023420684,-3.522312662109465
0.256758680037918,-0.9604037319968523,-0.30931560205451125,1.8034693279558056,-0.4666885477264853,-0.2860374622371136,-0.9425292672276969,1.1461893776648633,-3.2632667025240267,-0.442797321531621,-0.04588609413545871,-0.6610773298509144,0.8635455077311673,1.2020272839704742,-1.412039512879515,2.0934866537708046,-1.4232588243535156,1.2886306816758417,0.1498276985356943,-0.5037010971138146,-0.40936692967583616,-0.03351279066031383,0.20841786186378186,-0.9201543513715253,-0.23393995767839035,-0.7706728229275946,-1.2150495270738728,-0.8173117024578972,-1.1499746326954394,-0.4201549127505187,0.43247490546841544,0.12071035417796232,1.9743447766606508,-2.210453013719917,0.4693409662141885,0.00642023852435217,0.8156703423719669,0.7164652043104087,-0.16499175013517703,0.17265128485675557,-0.7440692129184846,0.6136799793544542,-1.878876052122701,0.7768264386493173,-0.02317344423611007,-0.4870620378310888,-0.2325331994467262,-0.1591962345883808,1.2973037604805013,3.2334936632485123,1.2198708241503822,-0.5653257858897562,0.6297818242852791,0.6733291660574839,-0.9251607224472203,-1.2607992972206816,-0.06328092891678859,0.8077076027014347,-1.6118082676014285,-0.7208978676544061,0.5726517089904064,0.041723613270580134,1.4162736205989954,-1.4113674540763435,2.3521649334494557,-1.5379924435695795,-2.0291637188282605,-0.05891277949730691,-1.1344589282460094,-0.03875566404487908,-0.07372687895466667,-0.19577421210743123,-0.8424110321967792,0.43265615257969103,-0.3173371147671696,1.1036648707547636,-0.18037225252830674,-0.9646474228665894,-1.6877105518433855,-0.17210943144837143,-3.5974626742705613
-1.2692045713626225,-1.349961854004778,0.527457309146987,-1.7776700611633918,1.4121933783329124,0.15971638439554017,-0.04384263102496118,-1.034765940550586,0.764372296342938,-0.0029049335973952714,-0.686096642740802,0.19982469665158892,-1.6827854554393802,-1.6353271315491387,-1.1201860853010783,0.3495272676097139,-0.003258321806131569,1.0489792655557526,-0.9199898521685768,0.5746678404813418,-0.11387055239528114,-0.9430451947409286,0.38530767071291894,-0.06601185824523254,-0.6291191941453987,0.04199908714409162,-0.129530385937392,-0.1536880685175025,-0.41259314991079943,-1.3049485388936377,0.07476541589487229,-0.8027143737214145,-1.0203288676440678,-0.24069984410260706,0.7340265441721783,0.18561350769098114,-0.531142208357589,-0.5713460578678574,0.635813262188768,-2.39673576944724,0.7973649891994805,-1.874015774930339,-1.4154079083229805,-0.5142658312632256,2.170124142930845,1.6774193600142666,0.7064877557971356,0.35654237829544994,-1.8622769680124747,0.15675816288069885,-0.5492215185599713,-0.8166693336227218,0.15480308997465927,-0.4711100094466988,0.8692995459688505,-1.9359547676126674,0.07501142234598206,-0.8790972235140434,-0.40963582891569356,0.3046264194792415,-1.117307862610067,0.16423213931246486,-0.2123382052092645,-0.6605868651768887,-0.4705724860109197,-0.15455189118692608,-0.7678365125632122,0.007094475325611389,-0.2781766216660757,-0.6112825370669608,1.5898422339029836,0.41523992256162096,-0.38271223262295445,0.14586043082470876,-1.0268201367735081,-0.4367716067785833,-0.3200774504382476,-1.2467939099098826,0.3873540479944179,-0.5056127026128259,-2.514356047011124
-0.3554666674474038,-0.5687198591233552,2.9590905906430995,-0.6626151501740128,-2.0686769538858276,-1.5999319709588355,0.7593026226954348,1.3364526916831299,-0.6817971913728537,1.2789496696354639,0.7415899998425441,-0.18948013098608893,-0.26044628377053547,0.18087022641565326,0.877455822153641,0.3972945655950222,-0.6768083017986958,-0.1742070470263107,1.981263454721924,0.251213797296192,0.8693254268826153,0.5398849872492323,0.2733577439977027,0.10869890001506896,0.8973906253249794,0.7186422353106833,0.2638934780115486,-0.6937625255478881,0.3855588055484719,-0.06700793646808344,-0.3082559113450759,2.678775974966068,-1.5390513077078276,0.9585128590574828,-0.8626709442538306,0.1311954893433961,2.568587519090185,-0.9623689948240629,-0.7238726548272637,-0.01751373715160032,-0.8472169576313617,0.884056350940301,-0.5345294360632951,0.6540096401493369,-1.3291891318000693,-1.8068315021542254,-0.22898497895304948,-1.568507838037595,1.5182689127654503,-1.529803490494998,-1.0376866876706978,0.4136198854746102,-0.5863639500620061,-1.518387969867604,2.0399641600719596,-1.001633803159574,-0.1962578074965492,-0.20919252010603026,0.7103091519665778,0.4623524606710589,-0.8268010377310057,-0.3258272174433068,-0.22692243354181574,0.748959498198562,-1.1683219148586013,2.018110556755782,-0.7591833874594441,-0.008749396756593255,-1.1599894396932418,-1.2981590116406168,-0.874428409077624,-0.9705232176642551,-0.4142570241548305,-0.9789650287637407,0.6955524212942098,-0.782983895318375,-0.8938154934519152,-0.3929688641172687,0.9928388786962945,0.2148761736103992,0.25927740281582223
-0.09968952988746987,-1.433044769968679,-1.1427084598637094,-1.2784099400396236,1.3068512236723466,0.5305631231316476,-0.8616205089241941,-0.5643716438256554,-0.8252901762373339,-0.8858612163807086,0.46030103121618055,-0.2875362207843132,2.0811677442974634,1.2503598245169982,1.3094803404667223,0.6713569749481262,-0.4226590705071891,0.5977908845295841,-0.34883269452865795,1.6302760507283627,0.40427938304992056,0.26236035860301515,0.12707266242950907,1.7402664273608581,-1.4337503338367856,1.8382878276687262,-0.18615380745413765,-1.4061489758156511,-0.752209731643056,-1.6508072627235828,0.65365674558564,-1.0382929503465195,0.16866766620470017,1.1342170301658476,-0.6720169285661368,-0.2681036930243923,-1.3033666099160157,-0.3883571089511976,2.574023625273372,0.7779331641104418,-0.2647304188936049,-0.6116880361817151,-0.04263339565643339,0.1300507521936395,-0.4190697071457578,0.5300591957711293,-0.953447490060409,-0.9583876749842681,0.3701954570502046,-1.1686417535643978,0.7290172528625397,-0.014280612396933458,-1.8279092187172135,0.10949912556094678,-1.6851466245889946,0.6933620096556613,-0.24871432925059608,1.8510842165068195,1.071312844372607,-1.0606925062318246,-2.0207398638414173,-0.7551012567913739,-1.2212586028303711,1.825738086877094,-0.01031465928015141,0.9334188041831667,-0.2850309125505859,-0.1796674882806456,-0.03262702250890829,1.1065393185924464,0.31162475567459863,-1.057333843476665,1.6225141380864172,-0.29281549898631315,-0.4555201238766485,-2.829505302249035,0.634399591161337,0.1010126396618833,0.09992565660190209,-0.40282467111081804,-0.9699760824381214
-0.5752178401327828,-0.36958042683042985,0.46316087112727944,0.6391177730333506,-0.23103158837459842,0.948937494316759,-0.07897418101747768,-0.5042264181236554,0.19841557490736433,-1.3593864184938602,0.23271830907924854,-1.5421821055263716,-1.0277269599837642,-2.0186914067166244,-0.17511695267150065,1.6096337023090939,-0.11707666108143513,0.6435853794331272,2.352313897312389,0.4040558481200959,-0.7652120445880223,-0.6275686027358373,0.0006582082230062616,-0.6328946452609244,-0.5580869998134319,0.9852539092594899,1.0261562807722122,-1.646892482048664,-0.8181695179002196,-0.4640043869133926,0.599088946165252,1.1430755885056563,2.701967934273884,-0.4656732962826614,-0.4157287143420289,0.5885700156377142,-0.6822167189548592,-0.1409618614905171,-0.41503810878354574,-2.621653921904179,0.12323323015154566,-0.18236095930279028,1.2712310502568995,0.005490407536354829,-1.2547474783141723,-0.25809887297952333,-2.091082843136628,-1.2109178351996426,0.6355059681529976,-0.24734043995366325,0.9225082394980657,-1.9668922508780478,-0.242461397323753,-0.47551249838778537,0.955848582613206,0.6727627681666226,0.642252150088298,1.5414100380841014,-0.36808710928656624,1.335080835300719,-1.044206150879736,-1.0808777497656938,0.7527465714983388,-1.5047407384088016,0.5727656284189578,0.10131319372132609,1.0718527286548727,-0.05944396495488946,0.056048946295527126,0.5092649929249059,-0.6626495500597784,-0.7062063074902213,0.47442943984341945,-0.02928780913063744,-0.40731391730428035,-0.08278409969766753,1.59455950783833,-0.4430184067398925,-0.4720196132820156,-1.707444224662495,-1.944911313093131
-0.042352938157114994,0.656883511240392,0.8361981156808681,0.10821760163053258,0.9558335730808833,0.7312304018802419,1.1129502296922626,0.9843026554775617,1.5699781961072512,-0.16969316656624964,-1.3270580423615084,0.6637187436854202,0.7805531893227763,1.5699953933811395,1.281290356169706,1.9454724558645653,0.619853980326533,0.22881059193862816,-1.3849831213257466,0.30809653451408037,-0.5525033568713179,0.21151001343247092,0.05451318630965609,0.47173358885013494,-0.09733070953851063,0.9350201907325847,-2.723154312875058,0.18999357515784446,1.202489779152562,1.8700485084562146,0.7319613383850628,1.6848830225825389,0.16893599575874238,0.002862575927063058,0.5294156432277516,-0.0031942828910650643,-0.7823574680173606,-0.5152402441318994,-1.1121529060761572,0.5283770948652446,0.011391812500477263,-0.3602861167580975,-0.5666837568372902,0.5050563461996265,0.7804481806100702,-1.1305139965051827,-1.2876846697756177,0.954509955621015,-1.3751332384885957,0.5474868338224844,1.6169091987540132,1.6192348033931345,0.7378725906320917,0.7088095153221207,2.251907450196455,-2.3343956628937708,-0.4643356760806351,0.8484918490766015,-0.33728700784195703,1.2397783086070346,-0.039354060310192646,0.13174386033759755,-0.27467466424593767,-0.5225109588080608,-0.5471099631476519,0.2711662968367763,-0.7745649658228669,0.9532048834912875,0.6532259246028234,1.0994164409698404,-1.1289243559929987,-1.6994765467864439,-0.004185755631763539,2.898800613559521,1.2662087780945706,-0.5544463085067131,0.424512134431341,0.7275869074436836,-1.3683882407328614,1.3696258690346048,2.1407509979581385
-0.1674241268209407,-0.09068084460786036,0.02378465943385564,1.1445401393078949,-0.755182158201408,-1.7069700047844523,0.3229552929000445,-2.043658086173129,-0.3011035951355401,1.1868742898588183,0.5790939035087382,1.042356065725276,0.620351365202829,2.410334488783408,-0.588239627656815,0.3981316770083233,-0.43812047121265035,0.9568012699148709,-0.06157487605049596,1.7188448794440452,-0.5308159554019765,1.4071265257169843,0.5931395305439708,-0.032461069086980585,0.5424423378599244,0.26126438752919223,0.35595468025181004,-0.2068710730943909,-0.7015885075549914,-0.3350711199625306,-1.6831449779482226,0.8419483325326256,-1.2351639721754797,-0.21764705523569966,0.6480450414810331,0.8393967170999113,-1.7746519368372387,-0.09184807522507778,0.45974469944882207,0.052016109262326755,1.3440749576735447,-0.8218068999146023,-2.0490411301901967,0.8103260167685212,-0.5370861196184876,-1.758540597585998,-0.15851239056647382,1.2305579759317014,-1.2632526178126982,2.3359959539472674,-0.8378815945366619,0.08701085412574988,-1.2191324178476084,0.041610348696014196,-0.13374782175867694,-1.4894939023310871,2.82582696895091,-0.4953371690186946,-0.49446255730602856,0.9690358793536544,1.8142548833484688,1.1264368680043029,-1.2011801230265864,0.21390900949466274,-1.8813724823849947,0.9017050813223565,-1.635188138530462,-0.803201323609237,-0.0032015040313106763,0.44500656114101217,-0.2609346233953191,1.5190836767328817,0.7232395821922794,0.6447247540642086,-1.2294009019846637,1.6993678975454027,-0.8030651442785116,1.737542432987094,2.0221950569255713,0.5126565323637751,-1.8657978499254977
1.0320130976794208,-3.0829197630568688,-0.1950024154903774,1.1021656399195396,0.9245102683140846,-1.2197233380998775,-0.29372203986787376,-2.5363655052011467,0.41299284017275345,-1.8833284012268237,1.1304778427875717,1.182724860717409,-0.47436681440649864,0.5212759304540885,-0.2170987240605085,0.24190839501486613,-1.14725942324315,0.6224926232399093,-1.6411852302244163,-1.8299301623293818,-0.12192831666699186,-0.2112432796112795,0.27230173055175044,-0.6495074902363289,1.8856916657855893,0.16060498937944198,0.23288177851622544,0.19723387740704562,1.002909868948078,0.5760174144844643,0.44201789970827926,0.7359841048655908,-1.8246146370471914,-1.7868476505857773,-0.07605874530144384,-0.19767388268190214,0.5798098440482081,0.020016902183505356,0.5818649344542106,-1.2455952695612857,-0.01074457040869473,-1.3410567379577842,0.38685793437140087,-1.8782850423633206,0.34831009854087963,-1.4689993808971122,-0.3835277932217955,0.894927691449249,0.22737998859841746,-1.645660223724301,-0.6723938446940241,-1.501378525476802,-1.6947584996051934,0.1176631761339743,0.5602983435601032,0.4406059207156895,0.6026268148797509,-0.011910850885818457,-0.2733902187499678,-1.0730693270623144,-0.4400796717504989,-1.3213483853261705,-0.8451655271269194,0.08892687043804186,-0.1178060875409223,3.064728037894776,-1.3457955975050075,-0.12509872083178206,-1.4237321112037242,-0.3877858759699509,-0.34709318211518453,0.8448800262331382,-0.4496665392179212,-0.19131960005615892,-0.4303179624722195,-1.401051744057209,-0.6521023717931075,-0.3819367150838177,0.07382588340638456,0.5589472872248251,-3.154002149958406
-0.2345965097110292,-0.2521762639813468,-1.720813158487053,0.5397345172563511,-0.6958978871500408,0.7471232382297756,1.3164399478541957,-0.18791502669300522,-1.0233112807658922,-0.016698613086298133,0.34870199801863844,-0.3155200012467209,-0.5640384093793239,0.5635322106974137,0.49757827469419513,-0.3462896403271577,-1.6540661652606898,0.4563781853794524,-0.7673271934413766,0.21434107537030897,0.15115723167903694,-1.8889474270426652,0.0810816844115734,0.5145325253744555,0.6371524153104868,0.1173657510963127,-1.97718604394959,1.2770810621866373,0.41102266754258043,-1.2033193293704774,-0.7877630401582735,0.23122420929452067,0.6797841932982557,-0.4879628563477017,0.8255254073790749,-1.7927668291001777,-1.0424590110937872,-2.0643640098420826,-0.8974051428696932,1.5080771845440948,2.0578022345854023,0.23459046823044263,-0.6384292072685546,-0.22163990085094343,0.4733398908330222,-1.5629808516390824,-0.5724991759812048,1.434893074450249,-1.0457100693283625,-0.7490248992615429,0.013193655981440497,0.28314225950470917,-0.6250040461994723,0.07696438325195544,0.6079395337394395,1.9614518237636474,-0.1262443794347809,-0.041297315340562746,1.5274523459795106,-0.5491658582980953,-1.3243530327621809,0.2502489756589624,1.076175025087915,0.36104713519968545,-0.09701565754724577,-1.4483933731348388,-0.058369245268373136,1.2331549263163366,-1.2341170815392215,-0.24474717380327135,-0.38748473215836077,-0.6977045706377453,0.24792300451900576,0.4433052412560076,0.4328269047934368,-0.976809763615125,-1.6459836943336827,0.2623884365307285,-0.5059190414826519,1.8383123796867857,-2.8470355234717415
1.8845096960149461,1.99068979439604,-0.9401109010347132,0.5693690867420935,0.870952517251484,0.7583542335444021,-0.3543979441938586,1.279164902965326,0.0004749863665227949,0.1281061249354394,-1.5378334517771435,0.6447649695729887,-0.2604117135724109,0.4647788621005251,0.23511369980461824,0.18093657666377086,-0.045713572466684164,0.786599734660454,-0.1988925368850661,-1.4551974194529833,0.5689556063739339,-0.8090055249116386,-1.3242618426821398,-1.0222433341425983,0.2833323793569209,-0.0965188030948501,-2.1326830296728474,-0.3836559430526696,1.1692312249747645,-0.4512956709333788,-0.1654765534275925,1.0429914373271527,0.7954892582045359,1.021751087651711,-2.772553610053703,1.7335230384421108,0.636400435427929,2.46147641402415,-0.7823260307742839,-1.7634506056489103,0.007218456725176393,-0.2753723297571609,0.6536639836148213,1.0749283445863558,-0.08729414487949709,-0.24070804581272578,0.5227198195161272,-0.25632866569249774,-0.3399821008967875,1.037134938675286,1.2597778569035725,1.0839662438630937,-0.16822971272552553,-2.139788987753183,-0.1482060863928482,-0.7579800126770487,-0.12972501901058803,-0.6710908927176088,-0.020739855465601982,-1.0392756292315644,-1.2807174367183787,1.222691482570892,-0.9696576133676534,0.00033162525635355324,0.9545148466028355,0.9143041262295727,0.7948482049153512,0.3028665145015353,0.7240033085368497,1.3730881326061544,0.4250225939953734,-1.8372023468141836,-0.5285332061500967,0.6963700717220878,-0.6270959337094042,1.6201061394586438,-0.0631798281664315,0.08524877135943626,1.1247441989017355,-0.18284989730929277,5.731731820202521
0.17627703572818604,0.8991234839991122,-1.4722706158336862,-0.2852981623875496,0.8291532953791201,0.06560014834259406,1.4673338120774801,-1.5759233581869183,-1.6900017679461332,0.7696865166227178,0.8658072149327748,-0.19325000683183333,0.4003944000457243,0.7452069776314066,-0.8138632058517464,-0.7068483750492992,0.1897261791986366,0.9040889598937201,-1.1659569263579848,-0.19794763193501935,-0.24423663170443868,0.4179591050427642,-0.008698370008834274,-0.5458835838028594,1.2485657807574058,-0.53925748162082,-0.29209636302145364,-1.5914976359196236,-0.7136258768458952,0.51607607633905,0.3206019563548599,0.5995169900657619,0.5509822859456703,2.087714036295154,-0.74785882744691,-1.6194237434347885,-1.0505529960715239,-0.7036518358315914,-0.9743269366169109,0.09366084764485418,1.2526549055570213,1.5396590729699147,0.5043085018466044,2.1412722154540154,-0.3563730565664191,-1.6325190420024265,1.0531780678881695,-1.8385943917490626,-0.7550030226998042,0.5201122324227964,-0.10238148004878078,-0.1909527628715059,-1.180790032820006,-0.010802389433337011,1.0036624887377918,0.01996791653601892,-0.8302258796410609,-1.2475384605973305,-0.8095945829555786,0.3923337524143584,0.3436022623597101,-0.8005071005956687,-2.210759421982058,0.4200127636721649,-0.897707398975251,0.6890624790152835,-0.7561096421277498,-0.9879004536698087,0.15317190725958432,2.357699230026369,0.7490299911165732,0.1362192992058518,0.3588515363809683,-1.7511158614855973,-1.1223403707525563,-2.510928865047139,1.7298738945766226,1.5273860291557484,0.3928185262149098,0.13511510308420474,1.2647428955750093
-1.5515900024975802,-0.21929996025069107,1.7923918784038924,0.1314159981957143,-0.5646464662118963,-1.7580706600036133,1.380305727730805,-0.07008380102765632,-1.7567338533628292,-0.924265682071542,-1.2775380173581303,-0.13174352571197195,0.2073389696128186,-0.5032170642785246,0.7770465964868817,0.07880224047244168,1.06231238527213,-0.3571940780807189,3.0453255920111455,-0.5644887234739576,-0.9033299917558719,-1.0263005500957576,-0.21094072655430532,-1.7195360908657837,0.29456284382781067,-1.905303769564807,0.16167092405723113,-1.3512517440963532,-0.38129340738009276,0.6045403991323594,2.3040376838763534,-1.078000520781157,-0.1503174494263918,-0.7237586747755422,-0.8698703225607956,-0.7149733299695444,0.8240664756369391,-0.48805586423037967,2.249312698270855,0.415979255894734,-1.0100106611740751,-0.3667051821450773,-0.8018469900399894,0.8000686529467138,-1.6387796565652528,-1.3409513804358102,-0.5915461187491414,0.6829467931383254,1.2330602748227724,1.3805421907728432,0.5298015199475303,-0.08288953635802004,0.7946258123139927,-1.1445006174317105,-1.8446572220162265,0.436637577686489,-1.00567841714885,-0.06530673216548083,0.1196270158728145,0.24811955917829656,0.937791538525052,0.8320751882917314,0.19500006716769022,-0.4420152804694056,0.10776208867632091,-0.5962104166749215,-0.19642892200617093,2.6181734235804135,0.18218970088354047,0.45024501703754843,-0.7054806490303621,1.020073416429868,0.7602724226634243,0.7673525546550849,0.21489124675346327,1.0341900957667707,1.2716851966347333,0.2830989193492951,-0.1146123590003228,0.8945709901147607,-1.5403264865149002
-0.9041253065597437,-0.7179602806153267,-0.05330034288490133,-1.7413570684381454,0.8275952735634243,-0.9629138874658232,-0.47149102150175687,-0.2132795956797711,0.039286821570550176,-0.3436532764230419,-0.06737104723034884,-0.05962763239041407,-0.44703095762712625,-0.7731944576387653,1.0814739243556017,-2.104405702266703,-0.20571515900948276,-0.46889947188421555,0.4187914867264866,-1.4542927965190087,-0.49978534124360413,-0.10235973398975594,1.0700736103704593,0.33218496679542386,-1.1834882108688618,-0.4874767187206597,0.886051352660691,-1.2007748659230675,-0.07864426837237082,-0.009120452526275582,-0.3857830599207645,2.695751782798915,-0.41273145944754897,0.4497651593677976,-0.7663011202192842,0.5277479919994043,0.8707875968519352,-0.587964036746098,-0.054701815218532915,-0.8952797698908733,-1.1444038120498916,1.0367954325002064,-0.5540009458836479,-2.41361232850807,1.7653561564936229,-0.8020953230626062,-0.24637304374803073,1.6409065054943148,-0.14174209418763992,-0.1633366022018634,-1.2281730445505332,-1.6348336996275665,-0.1663862645961283,0.3628097740748948,0.30552540821077256,-0.4812610804692158,0.020257799346942336,-1.8372099953279672,0.4601670206954785,0.16140584477004594,1.9736608941828575,0.007479646429047295,-0.942669352146079,-0.050723134088819094,-0.327799800015837,0.43470786877039785,0.026892061725186146,-1.2599467010526437,-1.6357432881940195,0.262908202633016,1.383114541069239,0.07934788405171923,0.8132973539202071,1.0128091542036002,0.26679184579466836,-0.8144914878614082,0.19530808504556424,1.2070728876004806,0.5298905495999142,0.7482453428286557,-0.7016610886299712
-0.4625462416918259,-0.2023537597454822,-0.11872731090036714,-0.05133800253679587,1.1679583160123588,-2.3471737283381673,0.03053830458183765,-0.07949637569485415,-1.371501141444149,0.671767216587465,-0.7245001919449245,-0.3570326493531597,1.8487819077540433,1.0099736495390559,0.5744869391451162,0.38077693464440415,-0.16468002244534266,1.9993772653701014,0.8021676314402391,-0.7495499139652525,-1.400102278217654,0.5668380019892694,-0.05586912987844468,-1.4289381669461676,0.4285861657115819,-0.2690271603115207,0.5306649255274699,0.4417402145809067,-0.6082640215438392,0.6328447644242048,-0.4979050826348992,-0.4328818731809713,-0.532271406621378,1.1309744278062708,-0.2805723880543605,1.3724431805642519,1.78348487018686,-0.7387191368544488,-2.9209953146969334,1.0445095432712728,-0.3419718973601411,-0.8661864131319914,-0.5887181061529682,-0.4148138213660293,1.29719309069374,0.1599112393175145,1.2835986301081355,0.4942201192784956,-0.3092307239504844,-0.3903572032092572,0.5616087507496011,0.8204256293327086,0.9967926857008693,-0.261538511375743,0.1752058564044724,0.5840404092553264,-0.38396502593686194,-1.1349400338027669,-0.8062710667021233,-0.24103544254798545,0.662207139220301,1.2589774955721018,-1.3560472087346207,-0.5973450139299826,-0.3578624970632518,0.7947170323066438,-0.5281105353885002,-0.4297323349474719,-1.411992577150224,0.483407315973259,-0.16139907459655461,-0.6540450349795964,-0.25951322448209657,1.126995501931263,-1.004886908319843,-0.8416596311035961,1.252252447465621,0.07577482801885757,0.6697540967119173,0.4017519100056866,-0.6670060629522344
-0.03533455229394842,-0.34829911914855655,0.8315580224838186,1.162336567811155,1.0841883470160967,-1.1854716336476838,1.304911017844329,-0.35793525419764505,-0.7550295375448344,-0.1693276967684734,0.831128435248732,0.5404641840280625,-0.25538641185426775,0.8376658668779747,0.13986058075943492,-0.5729714655393743,-0.7080352829584932,0.4102348444216199,-0.08251773581560166,-1.3755051534136362,0.8471614930695031,-0.4802750286244204,1.5921196479887945,-1.402989985154711,-0.18070859639001138,-0.6999776844392276,-0.9754225203773388,-0.48679071675837665,1.7705676090369815,0.14337017007950356,-0.7917080387974289,-1.828628410337405,-1.7213625463476863,-0.5364631441187353,-0.6336879841386601,-0.22405070623448545,-2.2721838004358514,-0.0916815950465335,1.0277297751471077,1.6228412473641953,-1.8944461479171393,-0.8013927592391555,-0.8542338609745351,0.14572142752565,-1.2197724678764534,1.6822632487266809,0.04352247168573978,-0.12314628929921174,1.5927137337827775,-0.016047624083348175,0.40030340649868873,-0.7507982732920492,-1.3705020650543835,-0.6103616315042307,2.186975838944824,0.6330209482869559,0.27453483711105,-0.9763733901851996,0.9112508009838458,-1.3576932743137915,-1.5670564496823811,-0.5588871228816459,1.9544909119614478,1.8978942323926116,-0.45123692825054373,-0.6741990181979842,-1.6403620405597799,0.07803072552008439,0.16201275198811943,0.7895562541969123,0.910707513325164,-0.19742191766463293,0.5560278747595844,-0.7006388678465361,0.5370425333606856,-0.5072320781845587,0.4594585159669378,0.37850132528536523,0.06880362569506428,0.7945397181593544,-0.4966715060135836
-1.5703990713606855,-1.06491621822094,-0.2700596735530343,-1.443263387673323,-0.40686451455470535,-0.37463029507755025,1.3096837866666937,0.14253370229146237,1.029429576063878,0.30167471880971813,-0.5356672712320654,0.13371680774651215,0.7294263339321729,1.193401326442581,-0.13231006293443334,-1.647510643852944,-1.7178022574219018,-0.3264126101168869,-2.337901501147973,1.7951044657368305,0.5969332313997334,-0.6356670094972448,-1.1096475940087958,1.02811909597611,-1.1136371556510056,-1.0182267636010525,-0.7659459400266918,0.11408741457432525,0.6207974391473984,1.192672233415663,1.0449712989467017,0.0007737092347416462,1.0205219737563338,-0.6709996139763603,-1.8208660144619664,-0.6711310717105081,-0.8062605142762874,-0.6319870717991768,-0.9593747292418892,-0.4611095775797121,0.620017214093578,1.7152571026625716,-1.7253464742590232,-1.2877346269007441,-0.7914462587281675,0.7657418774365927,-0.2049474429730497,-0.7241092231036228,0.7167330077054214,0.9563902663419689,-0.018759959423630203,-0.8162192266205438,0.27027956723539276,-0.23326820845256688,-0.24101324378546057,-0.5124002186018363,0.9249832473220889,0.24988022632679388,1.0357008818896303,1.3363261454781257,0.4589807688666407,-0.506477114885152,1.0403262322197848,0.4656647022783544,2.603367776807639,0.3101028884946864,0.6976880390140838,0.2904238912960317,-0.0990985918681181,-0.2587915495875664,0.29424384465856673,0.5211757518138552,1.154387899644425,0.3088505583037643,-0.46288917542522895,-0.3268539965989834,-1.3229369429031808,1.6612138435723098,-0.5411736135208487,0.9674404601379066,-3.823343337657348
0.2765508574425336,0.3037318308394069,-0.11744787527233685,-0.7877988886266734,-0.9685354004919751,1.7284653888049368,0.11396107883724602,1.1252677461876508,1.384906937645251,-0.4108469300992142,0.4235057659278442,0.045010775491347736,-1.1572138030168888,-0.18547997590425605,0.5875065902392275,-0.4990292550108579,-0.32484319537186124,-0.1733668553856451,2.1115293313101033,-1.8340489371044395,0.501643299027259,-0.25333907725216487,-0.6406549085024337,-0.27787570715626536,0.667376243833423,0.7245235940205608,0.18601712243475307,1.092741316456627,1.2688329951005763,0.8163759419506144,-0.5461924511472189,0.4944415492128766,0.4992006591385695,-0.8156314336465517,-1.569438894054258,-2.0227756213745556,0.06985549011215164,0.29803971486691816,-1.1817815776524143,1.0460323325513625,0.15221814929641217,1.3494526149153527,0.370535869983591,-1.0663335718791513,0.45828121329014887,0.6701106948721014,-0.5476235858870058,-1.442092997309875,0.10029606430660626,-1.0008446353161848,1.1208876630611317,-0.40717668042659255,1.7246011064932987,-2.1241586675188358,0.134795604145148,1.4293926401013202,-0.8903043158872967,-0.15920093562703552,-0.40303571436404395,-0.6837676421522828,0.2446226411142813,-1.2954216009991038,-0.11096878133022564,0.5159942376845734,-0.2150937113866431,-1.0002041999857756,1.0301853986015017,0.73025696161685,-1.0411871713037413,-1.2941075650225413,-0.9519244159938243,0.5452731654872153,0.27557289896254566,0.7900827124457142,-0.3261502180506149,-0.9247342375001071,0.918846488414499,-0.553448513451164,0.18654805585397857,-1.5499248391153742,1.0005943674465922
-0.5698104243227993,1.0093963209415133,-0.7162745666698576,0.8145038214514995,-2.3310196961881937,-0.559391659643186,-0.17135464587813257,1.7425403033424056,-1.1690628800144518,0.6709932954470896,1.0569317812487937,-0.7214896472442744,-0.3735239487726898,0.1416287738119035,-1.4814849671925294,-0.45510321186135666,1.276112040946416,0.5226548108644206,-0.1567512894832428,0.11307236183648332,0.5809053655297716,0.7724101479101136,-0.5564141473791021,1.5347209432796696,1.316348201204661,0.6772576303532128,-0.8429598658458911,-1.0202239067705932,-0.3266037965965932,0.06076509764441081,-1.7684918655590522,0.4946931335452561,1.2874622638484718,0.5764741398308774,-0.6760528028042351,-0.7944033974004906,0.2998523441740787,-0.15330371533817977,0.44304117425590805,0.6017213726056347,1.091890528894662,-1.132123428929522,0.221618947849312,-0.3634750039613235,-0.09863504393536142,0.864408852668744,0.9731258730512434,1.3984436503836541,0.4255902503682677,-0.11001679075579433,-0.25287846945038367,-1.7347550023946687,1.3397350448986038,-0.32189841378567,0.5058970600029105,0.6789965257424327,-1.2453155090501393,-0.9233463924596346,1.547019907055494,0.29043551568354414,-0.580585664298516,-0.12634701112754376,1.0862369048328389,0.9343144797343041,-1.4660817622396431,1.6342838436718925,0.9661480309986796,-0.1524752493415862,-1.1917224430867204,1.0540086400609254,0.4764275002946196,-1.4577983780777652,-0.23207807535837705,3.1261729427924885,0.016501757414421527,-0.7419705943356569,-1.0084966253066405,1.7720989834294196,0.847759489577688,1.4074391139172275,-2.074220427932095
0.24818528409215787,1.2540192353327866,-0.8483203895479107,0.16259098091505825,0.2870535149727362,1.3824469318752208,0.31884304014045534,-0.6255117417362148,0.06407383892037402,-1.6764132024602407,-2.3209687332702673,0.8313413701082871,-0.37474388630634403,-0.2614172989802677,0.8309466793666148,1.397010385044599,0.534487954827583,1.9280728302178118,0.5026891340572774,0.30221346357999473,0.24038882250459914,-1.2854955621336164,0.9559986056401223,-2.445466020015286,-0.5862528572757782,0.022930350567612473,-0.7897623234133629,-0.4517559230728214,1.8393755662272286,1.1040238857816786,-0.6858276808067391,-0.46956651097237645,-1.2770039485518438,0.704993786006137,-0.24974245041047577,-1.9664664708945478,0.10078359181005818,0.43897888360182563,0.9631409731750529,-0.07335479457677492,-0.3726711627863816,1.986264680489528,0.0065861560995518365,0.7195618315979349,-0.5395396433762586,0.6899096516358328,-1.455628992404098,-0.4620675457186336,-1.208274239426054,-0.6049733218694675,1.250470040231071,-0.6123258893036978,0.7182561254740842,1.5172651820570402,-0.027577313603318894,0.99376710505628,0.5310859581386753,0.1164369305835328,0.7503155893169294,1.8399380899918536,-0.6372689125085526,-0.9592009001760748,-1.0179145456553433,0.9944279697365547,1.129367623128353,-0.5370369333339351,-2.136013549439347,-0.6747567399230857,0.5478541778069962,-0.06672313898283302,0.18034774675536697,-0.5233444182755979,1.0140891247097645,0.3431918017546363,0.586463472363802,0.15906568302668153,0.5243681636108437,0.45857168818096145,-0.9280746281357819,0.3730630953751281,1.426821285136901
0.7915081719465198,1.1551414661948438,0.4161071482837128,-0.9652505187315361,-0.8113173295740029,-0.4351480812529309,0.18946390813652483,-0.12223610130759316,-1.1237320656309138,-1.1297200343150513,-2.0985217749066836,-3.1194749238680104,-0.13178182295492516,2.3202303751428555,1.7967795237914266,-0.9782314121229713,0.1499032973906105,-1.4645795100501657,-1.312109530858121,-1.1974725976303797,-0.22549868444183307,-0.18245961021197618,0.25270197080685886,0.6632163897042829,-0.33688092339515835,0.036201970662628064,-1.0938125066902094,-1.3444970242571812,-1.4989723460483098,0.6492478011282274,-0.33790784808824337,-1.871120262824403,-0.06308895268360971,-1.2488213317860835,1.6603788189729718,-0.5788217215868263,0.6815059858191213,1.0889630273849873,-0.9549284525570413,0.07604711755470782,0.5534679013881464,0.11554617241010676,0.3611007593098181,-1.3296293935591537,0.5540362197145243,-0.48616419417270906,0.3494512232841407,0.9199888455514643,0.6688085075182737,0.3487197254894737,0.6421282961845167,0.6884110538887852,1.495501161383926,-0.03405069946277105,0.16395699344238868,0.9320668089761116,-0.490387609763513,-1.3352674726779856,0.49323017458277063,-0.2060236846159446,-1.2075274117343677,0.5005419293798373,1.4311330150292483,-1.629742546289086,1.0223249952164812,-2.5370675157456817,-0.4002866301815139,1.8405159122425798,-0.3283240485128667,0.08993839582099193,0.7628662007735552,-1.7164735140606524,0.07209480083975534,0.06421307196130824,1.8623209732487398,-1.2357408309978233,-0.38153931645012157,-0.9283557908236156,-1.0344118036913794,1.1274027270645783,4.135448651018202
0.02665150200081768,-0.5555671964265207,-0.5178459011425355,-0.563227076945396,-0.4738031774076939,-1.2644453442892645,-0.25872954256520014,-0.3592066916521446,-0.7577967064033425,0.15504625630497473,0.2398894801181584,-0.5566472142917076,-0.14413415076625494,2.158623726900857,2.1204332586021373,-1.0540901901297357,-0.9144475665885586,-1.0594032769919965,1.0570539399722392,-0.39852929957569416,0.23967424359629974,1.9969673332808837,-0.010464794310462442,0.7062487217573207,0.5204207493003932,-0.5882173516959495,1.059161731741859,-0.8497008091001859,1.3398797864441758,-0.5874509652091197,-0.4779677205360946,-1.0884878236267916,-0.924259410816647,-0.42676432232853545,-2.4313485579106118,-0.2333323411755965,-0.5079742372415168,0.790011098611832,0.4229807383568256,-0.7076374310992968,-0.4585507594259069,-0.23461803852089771,1.485956554475849,-0.8223046804564419,-0.719760664950654,-1.1285841516171509,-1.4820394794361849,0.3070036236254948,0.20290333107320993,1.282761852835352,1.0414090077269296,2.397116714531808,-0.07387276754109584,-0.26052956379620706,-1.3002263451333593,0.6965781674763256,0.11853424144633881,0.6512663050106834,-1.1391242192384,0.35160418902669965,0.2051996179539418,0.13903503989368673,-0.683265908190524,1.1893246485533984,2.0503075789780114,-1.1103440262976154,0.720443979592958,-2.877850151340389,0.6686099494824584,-1.8701546165417549,-0.524967347899258,-1.3130246617542505,-0.21561149494939602,0.8387936983678286,-1.8573132637270229,-0.35947968951563886,-0.5133687688160568,1.5810486838718745,0.43176100785028515,-1.1772171132734226,-1.2632563765737688
-0.47129437903039967,1.5561042383855315,0.7143653167740243,-0.9182334624054216,-0.267070538383089,-0.23510914840814795,-0.5379819271558055,-1.7102121563216897,-0.6776217153899684,1.3891993058653744,-0.3811444870611752,-0.10325363046091905,0.14052564685357408,2.218141394712126,0.008874771416961356,1.0939453535835113,-0.5981801720511966,-0.2593992605024914,0.012552723110285054,-0.7741329418493845,-0.20371778060295764,0.8880509358132697,-0.8003645610918834,8.903096363832074e-05,0.7087335516559325,-0.8244660488127444,1.095413792614956,0.0728834797113227,-0.16512256333928968,-2.0081478058002147,-0.3736124420134736,0.371592416145303,1.7453450188024677,0.5678891541116129,1.1262162317783488,-1.2091045736219388,-0.12682249565295442,1.2207464423288639,-0.8877335503999231,0.9652226289731026,0.733317864600333,0.27472364844982017,-0.3287026251359748,-0.9862951545724351,1.7753792941033137,0.6318625177240305,0.3406161246754489,-0.4128497482022511,0.03787162958997776,0.16471726997003286,0.39987568473357277,0.7343402884719342,-0.7824715258550916,-1.4665969654870044,0.08428085127349749,-1.7472173373247617,-0.3236609949936378,-0.5091898301117628,0.4917481922016692,1.982597035486309,-1.944590623903561,2.274185030318401,-0.23307515911902602,0.34780868217258,-1.4148321576237166,0.9968715702263206,0.04147253635172418,-0.061467411188287,-1.9373851149029537,0.07379681384742741,0.8458283238165741,-0.2362786354831887,1.1741993456441506,1.1328951718913625,-0.6410953827408479,1.5951138587973928,0.04529496432508237,0.049745250787830674,0.0989812226027311,0.06931575094112594,2.8017639484177534
-2.6301333566585083,-0.18550639818972076,-1.3639464716624543,1.6263357022156766,1.5860829917212003,0.8519383324555878,-0.23846743733888845,-1.0080149366036986,-0.6575810012756048,1.942641906426033,-0.6921973865199604,-2.3555953543860637,1.0301655084853936,1.5005031136178935,1.6592156871665222,1.0383480042493285,1.2015196772347811,0.05293407405354185,-2.076295623491663,0.027881041500013633,0.621572772419417,-0.13527005656625035,-0.18083611873961508,-0.9641180390183223,-1.001738743272026,1.8381485147660699,1.8743463698801421,-0.0026471312461035243,0.28152360509292695,-0.9808580570370188,0.6425748499394539,1.7596491716141998,-1.5292307799446934,0.4638832997023938,0.5390222426450403,0.5276065148892575,1.6428176678484692,2.0360182121711525,-0.23348367787266236,0.6731736721563578,0.08423370572605937,-0.6321152929396958,0.27081415688101457,0.671499528500248,0.21692868541698562,-0.8811812094861174,-0.4635606398556775,-0.4559074201746574,-0.8424439549307043,0.31353958160566875,0.4181120962930776,0.9795176008871962,-0.8576223481606312,-0.5774786862287933,1.5545694519312379,-0.1644958640729202,0.03013102925163394,-0.17510372139564934,1.1330308187216436,1.1718086807150292,1.113208100588848,0.026567611357547892,-0.8724359774890017,1.9252130777592544,0.8563089769555172,-0.45665898139238964,1.423818846944411,-0.5356089152590949,1.4107034031886563,1.4782845893844914,-0.9214827716810559,0.5817583030209609,0.7821907039613288,2.614909199586332,-0.7423011176338571,1.432543276993829,0.017346018033554168,-1.2413641835805693,-0.11998716983428719,0.0024647610997071065,-7.170880222198623
-1.058890193115289,0.31217361885152944,0.9578092554985818,0.23820065406201246,-0.5418440893798766,-0.148472068406966,-0.0045433567934511625,0.21732162748104863,1.1098307622400312,0.27193975338608933,-1.4026966286297105,-0.5623210719886914,0.16602105089663668,1.1241244849541139,1.2978464415365516,1.7746853415874553,0.13061439757930482,0.7633091755024936,-1.4544615344029694,0.42988157316148295,-1.0752641014608617,-0.06253919575474984,3.0298383888721423,0.3035542361904297,-0.8638132191803288,0.4077890059579054,-0.5170751865893547,-0.9607441131575513,2.1031395333905007,1.0668120262667529,0.34553662499574495,-0.39182329024754126,-0.3107894829721992,1.5424818668441505,0.30657753766456786,-3.0828051429488132,2.420938515658837,0.18306235697228504,0.34336900573481693,1.0866948134347965,0.46540282731158683,0.7469086177168098,-0.4237234673649248,-1.2297953239663866,0.2802327814731966,1.43161465227459,-0.6478025583831176,-0.7280239948197764,1.2210192603799375,-0.4572452051410914,-0.410559913834402,-0.3731442729462419,-0.06498098099047911,-1.5736380959020388,-0.5393401125416265,0.23036801913972194,0.2232379361748293,1.1579930525795872,1.8393922221948047,1.512483446664403,0.9146523840739345,-0.1487345907672074,-0.62306906995688,0.017878432508401983,0.585578769772898,0.8219377982456677,0.6230857335158502,-0.12117547137605256,0.7868622398422616,1.2608725050835026,0.8801603840675414,-0.03201305516339899,-0.8338486925060067,-0.8575674293881075,-0.6812176235921815,0.2570751986749299,0.5198037535556334,-1.41453231794403,-0.5039951083635509,0.24328546530539388,-1.498352682261827
-0.8996799100976025,0.43390415305960467,-0.30742829091656576,-0.7234202716692567,0.05320543244889753,0.3922803295791006,-0.8485289142699277,-0.24261237981404754,0.46767837730710793,-0.7620901833167675,-1.6577568404239018,-1.5365738456897544,-0.4180508640569697,-1.3184182763051384,-0.3477218951762459,1.664942851172679,-1.3785983876886816,-0.2826048514777008,2.1323045542713843,0.4081300829757099,-0.3677232874755995,-0.15688263451923834,0.4293625083932779,1.6957719306274401,-0.5308536074772426,-0.7576102828882827,-1.3788087327802274,0.10309603250980404,-1.4056873698179129,-0.4637826248217946,-0.9086834411103524,1.0741235102341058,-0.5083963873668058,0.39693032800561595,-1.604092001688563,0.13150695445284558,-1.2031603058607487,-0.4256484999298592,2.211202574256224,0.9321743772408836,-0.1284125828313069,3.1989419097831964,-0.9151746903733177,1.1652163820753614,-1.5326744568471145,-0.2439227576479475,-1.3477897501805605,0.2572759150908748,0.05597025357875674,-0.3076647991835818,1.0920570251263066,-0.5670989730027903,0.32685174780732407,0.8205549402713387,-1.4832212088961831,-0.7484143416743837,0.05386096731583391,0.6301534194283186,1.4212377659215332,-0.21587979872792037,-0.3164710426498841,-0.8725960302136638,0.3299840921770333,-0.2971175736980916,-0.27403226282571846,-0.09388850588850835,0.5516280620903391,-0.563730553179261,-0.7721580889089049,0.4317241861341032,-3.025724901882585,-0.6036781736616855,-1.151309499407364,1.2032582230167888,-0.4409327625428967,-0.5607161152672309,-0.04862248525327392,-0.5953724284649136,-0.4026481581535347,0.09711041042316314,-1.6486124538900033
-0.4220404345062681,-0.429217452272037,-1.0101576737113087,-1.1537837405205311,0.06063689759028058,0.3066005097858225,-1.4281566437839497,0.7599414153808475,0.7640476398247473,0.9746891382786231,0.29988908474059767,0.6370821002889959,2.185025844578322,-0.3015216008772933,-1.0456915008895566,-1.5340598832214616,1.7556739302323163,1.7687872586986573,-0.9245997419342306,-0.7273208126785566,-0.32399103753117203,1.2242568721459834,-1.2873021984803101,-1.9666195248888751,2.167514476562161,0.31237328692007543,0.45441330591856066,-0.20510600519999317,0.46578492371802366,-1.514205883340986,-0.8409205668602298,0.10515788452260533,-2.270890892900242,-0.30251761381422915,-0.36416437033440724,-0.3026902319503614,-0.5510818078209812,-0.9958919258744972,-1.8220318502709199,0.14474704716741205,-0.30012398679624325,-1.3752815465686778,0.06253341283377067,-0.2949501950727061,-0.461023951662115,-2.1568948868074505,0.682767512307893,-1.2330510401091301,0.06327025484124159,-0.8082684434326929,-0.3887265175479852,1.152292491749911,0.5316182008033739,1.1300399462894701,0.3303854946215733,0.3961435843407805,-1.7811390002261778,-0.31752499386655414,-0.22490893184860827,1.2236648203519753,-0.5062293279069283,0.26485950905612243,0.22575734308475232,1.1576751602807274,-0.1337440823061335,0.8277869486931466,-1.7048651341375245,-1.6140194329439417,-2.2833443446245267,0.7859849751333333,0.6736669377887359,0.8968275738992822,-0.677361835706193,-0.5635476575346662,-0.12104764266231073,1.4436993029476561,1.693828127622051,0.7938084898413628,0.33101972480350106,1.3353826977001257,-0.8167452250462315
-0.2558424571495584,-0.3909415304822949,-0.12902212061381108,-0.9787143694195778,-0.17500936437161274,-1.1174080437839402,1.0250078188995784,0.5436873910330179,1.4295623975478253,-1.6292828029141895,1.9016969469220728,-1.5724754137934402,-1.1983080750832058,-0.6208215468630901,1.3077206919698647,0.2255734972285734,-0.2438292505215718,-0.7926274346451605,-1.3759351506606998,1.1326273236930104,0.7986392610486397,1.3524503770923502,0.39681812698112423,-2.642102458555535,-1.2445829326814521,0.4648713058467087,-0.36971702523602007,-0.5588419669281268,-1.1032267648895286,0.9475895674145403,0.4561926374143078,0.5011912229081226,-0.6336022487850572,0.17628775889980952,-1.337764926196481,-0.12982798084619354,-2.527929578593109,-1.568116139134555,-0.32231184425201137,2.375118146274932,-1.8007430734248644,-1.2435805925398629,0.21677479669281008,1.769422906014603,0.20217249698807344,0.7021418523041564,-0.33760375067647724,-0.5106215889393767,0.08218435206775646,-0.6582893906261043,0.7242693387177451,-1.606271898945584,0.8899870325668338,0.03931301230275213,-0.21472086860086348,-1.6429845601864217,-0.9797886719978697,1.1986514731331785,-0.2085989980333654,0.27839846587282113,-0.8795320133153465,-0.029054636225450865,-1.3721520481199794,0.09988225428788719,0.37064089727020477,0.3206147271850177,-0.9035848304901618,-0.3420509841005016,0.5371941459816314,-0.21143759527809844,-0.28730538234011005,1.9034676086255564,-0.9509891188661246,1.0804184680889826,-1.1546806635049305,0.6547810857714145,0.7081525581239733,-0.5103651550570457,-1.2174768528621063,-1.9704332038034176,-0.2500132978999564
-0.6151135089253357,0.5262186479523238,-1.0776281570995785,0.09694858092372802,-1.4764297979108454,-0.233888192103964,-1.1470439041987308,-0.0779805018944271,-0.501079469607532,-1.1903661362376,-0.6588734778889406,-0.9341568622419931,-1.3139247002374128,1.0827458252894175,-0.3601748644509248,-2.2022254490736652,-0.6232808075946856,0.9147117138182644,-0.7613586332573764,1.497743878133629,-0.8566620549615891,0.5034080558164551,1.0366385845910118,0.4501939723114331,-1.3744939746410305,-0.9424685769215646,1.1700709903865816,-0.8046114563319774,0.9756765139022048,-0.43028472181494387,0.14143731921915112,-1.3861072770209515,-0.6082675747124983,-0.8753063804397219,0.2255996505581735,0.09319757971588251,0.4626498962456343,-0.4905225030926728,-0.9302300712945782,0.18272908554430772,-1.0295889030070344,1.0784225264225882,-0.11452238658911257,-0.326135109704956,0.4621756227502112,-0.07636449943171635,-1.6580517168351965,-1.0614298993894336,1.057708703864615,0.08388434784458265,-1.6815678023634413,0.35211206671516615,-0.5592588198697488,-0.874499952508782,-1.144872725633846,0.9999294713186874,-1.96549837200535,-0.8375320744394902,0.12012676591124238,1.5783630689034966,0.553858196350319,-0.8460246155328025,1.5293534541068148,-1.3551233997049725,0.2653361653551545,0.48778464575221486,-0.881115583200441,0.6975930518882538,-0.5138901289409595,0.6951424275179644,-1.8395954925862088,0.33497609022887453,-0.4121066726936051,1.1497037829678218,-0.04398072977095047,1.2492295337201191,0.5076127650330521,-0.1275084590481573,0.787669309614295,0.7940584645271217,-2.63478077648773
0.4719100044912137,-2.2923013746251835,-0.9825604907643978,1.3841058465059235,-1.2559458554352658,0.8824611500658068,0.7064526567796688,-0.7257523615820294,-1.9952316271167245,-0.5689125979479266,2.078015043633011,-0.8632772922093546,-0.7942573445992704,-0.9975824103098268,1.2147844765495195,-0.24291571162510636,-0.6259062289491389,1.413474017195351,0.5794940879355368,-0.9192902417102595,-1.2235839110617803,1.1581699648799733,0.016788163741715875,-1.5490640198561128,-1.783115686893549,-1.1160387151997586,-1.2394845881030299,-2.0460769709014364,-1.099506986648496,-0.9190805616438537,-0.46268128838457045,1.6929100451277126,-0.2668432720982738,-0.1675748377442145,0.5092553637989424,-0.23731807106656005,0.4001529638867084,0.2806148769517333,0.12258856559924342,2.7664660844189584,0.9111258440443519,-1.0817219847067305,0.37022218618916386,-0.7917368066597202,0.44625076405985364,-1.3751874171082699,-1.1077794480839789,0.34390756249012705,0.9976691135980253,0.5026443487530131,0.8541173345352181,0.373818558763846,0.1724960990323319,-0.5036932742584369,0.813001808716797,1.0248792328266414,-0.06311569132977517,-0.11692604177865809,1.591405811722237,-0.020421779816222816,0.07568587036596909,0.48422590775289504,-0.09780625595415364,-0.8203403227430952,0.3779655755235219,-0.038755010022321526,1.8422497564744964,0.7884485502923761,-0.5954822864430015,0.7290602191903756,0.3078658347309799,1.3094263019455128,-0.5244542128290394,0.18867614835952437,-0.09909364909249228,0.05847942305829942,-0.8851989490039494,0.5759116679131766,0.41796427584949686,1.2852236169217952,-4.906124098628786
-0.010025851986780639,-0.41183950824813503,0.789294377944037,-0.7942043815996842,1.0849845350839589,1.082841997413703,1.2572789011344085,0.37662298467949346,-0.4864963825977661,0.10918772630536258,0.38006889507920627,-0.560141645187876,1.3331162889252157,0.580084167568543,-0.8922229553220049,1.882873676465777,0.09738927517017688,-1.0941030428499863,-0.8302541227472741,1.4877835971653446,1.8249849162168217,1.0094850534809183,1.3193086485871355,1.216615458798611,0.5569161527640661,0.32904178781092575,0.5398631944766077,0.7360154431432946,-0.7415980065263982,0.73195872931211,1.4586168472970176,-0.20637242832903097,-0.313247785321797,0.47654630923866603,-0.6496575504081362,-1.3168186166275062,1.147719040105178,-0.45095126002343294,0.0184485787202093,-0.6101250410080655,1.276754814912999,0.8531761582840144,-0.24073954115370055,-1.179897364762752,-0.3469298048582003,0.5701526999497136,0.18863570407976524,0.10909804445198702,0.2116987594698118,0.7587962314981597,-0.04185920406504428,0.4500134504595026,-0.9869192077450982,2.5538507769753256,-0.28385931931625463,0.20359300788397736,0.5664655247862109,-0.4107905124005407,0.007824794249462879,-0.00432472534322486,-0.914038092573377,0.43858942553963837,-1.649221838258731,1.7527084424166142,0.792970884978393,0.6391223576533764,-1.7366421124332418,-0.7925286732930206,1.389345120805054,4.151241397039601,1.1946924650570308,1.036943410250951,0.5249742281141881,-0.8474971957101705,0.9951740832003304,-1.101207337096929,-1.2105851651398536,-1.2735293254384898,0.975722646501593,-0.05741405492750189,0.6311085847932058
0.10085809990438051,-0.015403937050684434,-1.1257165411982248,-0.670730906017404,-0.6204262062534526,-1.4052714472253607,-0.5042100953003512,-1.0813064563962387,0.5776756288669925,0.6609710639668241,-1.2936391226398898,-0.29663176424800064,1.8560598813167035,-0.980762897678293,0.42663781779506577,0.10552193400288436,1.0928875578409072,0.2954668413574063,-0.43129547792375017,0.06676412147288507,0.08136994395373587,-0.09169518228282378,-1.3191114553240175,1.2430886075978922,1.0664335878643247,-1.0441890268698575,-0.30072563218375337,-0.22508566935421595,-1.1565188004995823,-1.8667962677622671,-0.6705926519123361,-0.35640234025119183,-1.441233333364019,0.17697776408547883,1.16285630331634,0.8421161461652679,-0.1266856531587185,-1.8404116965211967,0.7157023406590477,0.14639216906455813,0.4243511092180204,1.9361028003025138,-0.8248116295306533,-2.8748159331220426,-1.053454577809757,0.4860450682678211,0.026925901748040507,-1.2156361295986817,-1.4197173831764305,-0.35460901581739546,-1.2460946698818056,0.5206334182545254,-0.41142688862626897,-0.6271178843317118,-0.7582764029230066,0.2631227265805943,0.042609223760035765,0.2019572698625939,0.18012944380581153,-0.07219553659670648,-1.0331305834580906,-0.7303801267312622,-0.3946749051389369,2.065195238088322,-1.3488363204168115,-0.4189765033168905,0.09826706011048876,-0.30333275327249254,1.0739695414377377,-0.30849793050286634,-0.2345413991506094,0.8146285136163173,1.8107116629183762,1.407498373948328,-0.13665388410914364,-0.04951421173240328,0.046719244784203945,0.14699940846258552,-0.8473481143478149,0.9365937988554389,0.1612586718270661
0.20660912772278656,-0.04485618881531375,-1.2711453765590728,0.06228620849061246,-1.8932123032208052,-0.581649344032232,-0.5630977064791987,0.28699519308761895,1.8798500249452958,0.5719074656654372,1.4484020726356133,0.6452121731035768,1.1250534896876154,1.857127352943106,-0.7318368323022549,-0.7971044341315033,0.6688109004773214,-0.00367845406224581,0.22035383280696072,-0.24866689210736065,-0.5962587170247173,1.6207646687750252,-1.0998611138199144,0.6863922592415442,0.5242282857304499,-1.579013297570244,-0.8307803299935937,-0.6626905609498676,0.5645841133165913,-0.367035105930551,-0.08558980661080533,-1.4576473569847277,2.325911716715314,0.07119561873949704,0.49900089729694386,-0.5406254885652224,-0.6526273270678512,1.9126846549535315,-1.916721607006629,0.27864706843077663,-1.2115038911078932,-0.4050011543970049,-0.6380944676740209,-0.9859776834192479,0.03544172970632749,-2.5680291473060657,-0.31548848191869727,-0.0902899753499751,-1.3592765464060126,1.5132187214493837,-0.5944583747973149,-0.237484242464837,-0.5922191639147026,-0.08156612043058602,1.3081440935060493,2.4730158039234746,0.7456392037006585,1.0879937669717712,1.716427481477082,0.24887107676645703,1.5702508736118699,0.7924011323904032,0.14398735931157194,0.3503410344514679,-1.8214169633678243,0.2921192604461498,-1.5437475204462963,-1.6252691516111075,0.19287868902522484,-1.1140785952000543,-0.007113751303377705,0.13843451934986478,0.1830496008171349,-0.9041214070421014,0.8986823824811988,-0.08923523646607896,0.44107568017116194,-1.1964396139469966,-0.17832755679598694,1.0972944832701201,-1.7085579989492772
0.9701776318087014,-0.7972926829243939,-0.5455581905748454,-0.9886867300638188,-0.6564129182608818,-1.399067540706529,-0.138175872408474,0.633138398182844,-0.7850528638010786,-0.09060628266117694,-0.22049840763135672,1.0551187315982191,-0.6115918368044213,-0.5752161076508515,-0.8460211282923613,-1.1375095200784877,0.5291849914469698,-0.13511079633047862,0.05480985982330186,1.2746411561953968,1.3320807259278715,-1.6462343078348034,0.6478346730955673,0.2256469257111892,-0.4615909991459365,0.32768368702794237,-1.7263832352207857,1.4626423427763993,0.5149440970719076,-0.8651977448326591,-0.5854102218195238,-1.7031464755474404,-0.3139572498362541,-0.482731977240583,-1.325110387123759,0.7767022337097781,1.2767971896944754,-0.027360490044477766,-0.305646882846368,0.4349846021317938,-0.01963896249504307,-1.0821792162311863,-0.6526779865872612,-0.29643600674803083,0.24818659447669594,0.009336717876468193,0.21036937998711588,-1.5248279832839218,0.6652177440849291,0.003415884008512292,2.552709054150154,-0.387634370176413,0.32345849510937236,2.829219162208502,0.19409162950317882,-0.06763053927601673,-0.9869218947506514,1.528266367208985,-1.15910158617657,0.4271209168481219,-0.47355532130838146,-0.18933626257802227,-1.4239322686100582,1.343127221733895,-0.2777973059182766,-1.2150896588930336,1.2526905970400914,-0.5041368130373036,0.33460729173072123,0.841416382134366,0.47403433057432,-2.1966355504990354,0.6953567009777871,-0.1006137626651282,-0.32902869680333263,-0.10907494897522228,-1.6100327939410817,0.19217091466180267,-1.3643913737093103,-0.2858397095566313,-0.16598257998435184
0.15626443153821068,1.0740370879876142,-0.8196131598597145,1.4515873718459888,0.9468532535151475,-0.4294097424905361,-1.1087492664026029,-1.4438161822304212,0.27175385153313936,-0.7372841495408139,1.1993568052817154,-0.6795238298282704,-0.9006709800519722,0.23362635124431366,-0.6860468571594233,0.008549993368803353,0.9859893300585213,0.11722933166872415,0.12096446070272407,0.2051467089084181,-1.6930989902853932,0.3918377499304902,0.1599315767258961,0.8928973269834208,0.605810801137119,-0.20194863160551413,1.0323928915106901,-0.29263069761272065,0.24715710407770497,-0.31114943047935617,0.46175780492321156,-0.3764897826377621,1.6475516089415674,2.017362737225639,0.8739382541860049,1.5412966494140283,-1.539214480859047,-1.4213777432749946,-0.321560566631213,0.041230965258877435,-0.19820741809966577,-1.6421352496329535,1.1515917063236467,2.1541982333569365,1.2809876791726227,1.0855232687864715,0.22611960514560306,-0.842997370727137,0.07252805263596762,2.1055880368415036,-0.35198811250705603,-0.45495724782394165,1.1073036591039138,1.1736860507455957,-0.8479018057748036,-0.26148461323742256,-0.5019054959014345,0.06968937906109032,1.1036866709514928,-0.8040275211280911,1.0896648122369366,0.1016512489213085,2.326192136314278,0.31883088437087354,-0.09691856962926526,0.5747147271159924,-0.3371462378872101,-1.7952731233518255,-0.240521174271098,-0.25629360906922505,-1.5923174605498118,-0.07303518979449276,-2.0671102246093973,-0.3476868351554792,0.2435959920446723,0.0969961771382324,-0.41106947288681817,-0.08553040194807149,-0.7840644374778307,0.010816519422534776,0.3788980157132747
0.05808640659177093,-0.9002499779015097,0.2676992005090977,0.2614526550804537,-0.1662099135810711,2.421047036286818,-0.1407023866843086,-0.2792342453730181,-0.4223931092077327,-0.9709392230763997,0.6858973598434033,-0.6862469680194502,-0.5679481469977529,-0.5382415595385981,-0.9849435158485111,-1.751083332544723,-0.4629398671591936,0.8733353127122913,0.19697980546524393,1.5605752701881253,0.7509563049891836,0.5239648102740447,1.882649022652715,-0.09714559500321131,0.06307567350495229,-0.011464421660137695,1.5437867311835498,0.0025153164590909433,-0.6482773740771043,0.5876755379628518,-0.816259811057028,0.5334715126139251,0.4138409341418349,-0.18940266780649592,0.5658115720868266,-1.4877899303083517,0.16296212132498594,-0.46276538466673195,2.862263577284521,0.1558250696402078,-0.5963920497834372,-1.3783017360530818,1.3054061967942658,-0.35003271952377785,-0.7913520670754193,0.3362992140090596,0.6497188314056536,0.633952933209529,0.01975042305936161,0.15919013688671996,0.23203707568070275,0.33639626562887337,0.4248851959014823,1.094452751305546,0.05641486202585029,-0.8168032658303619,-0.14429170310403433,0.7537808187349968,-1.7865279583848457,-1.7807521953719612,0.9182761213923244,1.5201228168513279,-1.2652000350194736,0.10045927083289502,-0.39954511291701506,-0.26083011224162383,0.3055310087564156,-1.292870229010749,-1.1072175004924012,-0.30125117292122516,-0.1453755978941602,-1.1259551056841715,0.7896476747891843,-0.41756097311103335,-0.4218176060668454,0.28265879022990076,-0.1289082760674993,0.8374768129058131,-0.9334225378006665,-1.3973865970634738,-1.5676965891779018
