X0,X1,X2,X3,X4,X5,X6,X7,X8,X9,X10,X11,X12,X13,X14,X15,X16,X17,X18,X19,X20,X21,X22,X23,X24,X25,X26,X27,X28,X29,X30,X31,X32,X33,X34,X35,X36,X37,X38,X39,X40,X41,X42,X43,X44,X45,X46,X47,X48,X49,X50,X51,X52,X53,X54,X55,X56,X57,X58,X59,X60,X61,X62,X63,X64,X65,X66,X67,X68,X69,X70,X71,X72,X73,X74,X75,X76,X77,X78,X79,y
-2.3416722861331225,0.2478875746687989,-4.075175576098936,0.5003607617405722,0.7414196625617706,-0.47101163365087834,0.721761021385483,0.530531792794362,-0.7902401576342232,0.5456160436987519,-0.9010601659975078,-2.88064758745124,-2.301424957740642,-2.633258997289389,-0.3569186566880042,0.25936295563900585,-1.1354140228288514,0.10184234345574263,-2.596617446194014,-0.28998654393042084,-1.947007758876918,1.6351092679082107,0.7491097313696194,-0.4629628226886184,-1.015163967734235,1.1836500094559614,0.45584916055730035,-0.6925896933310638,0.1442667458326538,1.1702339868539082,0.6029924798868858,0.7757559462079295,0.9849961465372724,0.7579973756400277,1.1393632441231625,-1.512332758842922,0.4924434464388878,0.25944506426396785,-0.42727253756655925,1.92393346938619,-2.1664010940150003,0.3545468351013052,-1.9199477411966748,-0.9248268200344947,0.0014294908324898473,-0.13712722756203366,-1.3765489627651712,-2.4889884385406855,-2.45342470461152,-0.5355629108517611,-0.0818144384416381,0.6589454602132153,-1.5822049211071452,-0.0863596564234953,0.27505187392941155,0.2963839422351742,-1.4542260746898852,-2.1955509166646205,2.1115953134373044,-1.358053195425855,2.375833532720065,1.8401670002353727,-1.3910764988301105,2.300589267581073,0.4662386664958599,-3.5193805745137934,-0.27694969307590234,-2.0517033530544975,-0.4767498386620467,-1.13957599883755,-2.280292683605116,1.397307618068779,-0.01663972385039922,1.3144458750340084,0.17325934498873016,1.2104754940389655,-1.5675063763332984,-1.7198415215219718,1.1383858534928568,-1.0299164710186528,-1.0427788923882386
-0.42472590674329014,-0.7655927302165484,-0.9389758402998604,-1.7337292305082674,-2.4197157079838783,-2.449059853622679,-0.1588095679968684,-0.5145515957126251,-2.15916760601934,-1.0921436823493476,-2.4258895374566505,-1.5265412301635966,-0.2538175687995904,-0.3664184010589058,-1.0383701289382377,-0.37931520857108414,-1.4785987291206355,0.2720035272537201,-3.021019879500094,-0.47511604453222966,-2.6326597160418976,-1.9857324452718963,-0.47113115426818153,-3.008945576430904,-1.6873665172640921,-1.7718790220619547,-1.7746295899256423,-0.5159692953009134,-0.6791609135753733,-1.4647361791871845,0.48438906835081763,-1.252879238555299,-0.6710479306607401,-0.36312834661101934,-0.012610369635141838,-1.8409504000108394,-0.8759692961732651,-0.5540312834402832,-1.0004170793065932,-0.08824875119685507,-1.5829832851897652,-1.0642724076420982,-0.4663590978053651,-0.5305317523997306,0.36144794478081266,0.14721538194424472,-1.730615972023231,-2.30006915107815,-2.586465776498378,0.046889743669151024,-2.389522919443968,-1.2024546134996588,-1.0371982762422245,-0.11621679406695279,-0.6152508868917204,-0.6891865936745503,-0.27554482770545596,-1.9014760040936542,-1.3495815046578405,-0.7740243312952197,-1.7902028981944638,-1.9477892184291201,-2.1696896090466127,-1.081218768389401,-1.6553481841156756,-0.9869558542775614,-2.590167182886967,-1.697411177833348,-1.1619852422585255,-1.3877803841355476,-1.2841685753560337,-0.5598089409814913,-0.7760268424275312,-1.4334088636469309,-1.1806517597402195,-1.6693329554634184,-0.8956693971143472,-2.039273799048609,-1.2512500217741995,-1.7005551206875835,-1.6222250545635544
0.860031136793036,1.1035666818189827,1.3130314032966488,2.6715500231508384,1.4969913883685173,1.7787241897355575,0.41784112603347257,0.9669333259103496,1.2106734078825312,0.5755145423872223,1.7507382500194117,0.8768249604944327,1.9391616325812824,1.601296932539971,2.025510828303766,0.0007328898466411604,1.0994842531449314,1.315106998893208,2.689989939257102,1.3611535096052352,2.3448225253002413,2.0300572303152413,2.420575530619011,2.1019889908124294,2.429299737441039,1.3219216686720094,1.9303221481471509,0.6823565445192703,0.26684992477853137,0.12382093716543102,2.2250355865029268,0.6384700226368558,1.1666491612730756,1.8654051801010496,0.2614928378849307,0.4944178862552758,1.2266067606022741,2.347023030080746,0.6983010105027623,1.81209234510386,2.4684644385986694,0.8649546804090371,1.959687750675986,0.3137117948697716,2.411387296037811,0.3924085984545758,0.8533697713098491,1.4372154556131134,1.42161746206319,0.6681419067185367,1.2894260690052164,0.9706362339519544,1.164676857756892,-0.07845955562908957,0.8342443784581106,0.9185553297594934,1.181895099380039,1.315651080349408,2.3498694375608147,0.5849367616261472,2.8126874819658387,1.0761773951760414,2.4334001650137074,1.2093273862655314,1.7096571290501446,1.2597841455256287,1.6540262155450813,0.8998255518446288,0.4592918365963904,0.8249849912845675,0.9547934204905558,0.33422433112484123,0.5923922376742661,1.9483524107976786,2.759252131559221,0.8442440909793097,0.9127356696861152,0.8052256538966018,1.525099033953205,1.8670136919909206,2.5580495994558214
0.5170992810109862,-1.581949792814233,0.5640667689676289,-0.007591949721462793,-2.032041351130844,-1.951692602910849,-0.10476048802979676,-0.17504059500339914,-0.4132214012130022,-1.4740249542922015,-1.6000627838822523,-0.48271255663374035,0.8387788723775946,-0.8246446877274004,-0.9634746307427791,-0.95656285448025,-0.2742505850018793,0.9617766282140847,-1.5205153407400385,-0.02730044695546921,-0.9340207025254996,-1.2845735286001156,0.4654970044322152,-1.90083293657314,-0.31226019389006593,-2.2904366970871903,0.16565155392221714,-0.9794853061735362,-1.1066798582549684,-1.5013184285885186,1.9094284480334296,-1.3072453686940069,-0.7162491599555664,0.9693217029419872,0.004562556073080384,-0.48060088130904943,0.494270474986626,0.27164645157636846,-0.28696918010205147,0.7830261475696128,0.8346246478096844,-1.6090868836035697,0.3619373883344824,0.44571865148196393,1.2733052874308477,-0.6152958728387997,-1.0189256383127883,-1.7181591625222137,-0.7720549513379268,-0.8710609973537279,-2.5587400642038682,-0.955681358510537,0.6653333088456149,-0.6735420509397338,-1.1110349492966143,-0.4255756847375709,-0.22901135550306084,-0.8381360775797001,-0.21917283540732124,-0.8207024655026296,-1.0861436384787801,-1.5628765882768165,-0.33544580288113407,-0.8698411780601036,-1.7706142942081704,-0.3453214248515647,-2.002261306655894,-0.7575923292206238,-1.5497713819985435,-1.2160798917282873,-0.06955676534605501,-0.9123465057922407,-0.8125242312402909,0.8860279214357203,0.4642163036395923,-2.1593950413922016,0.4004119208202011,-1.6376613678738363,-0.02949228952404731,-0.38043140124244684,-1.1560405603693782
-0.8223896551153088,1.4066415565892612,-1.0218717982821899,-0.8672543913623953,1.6928267174348868,0.896660343393608,0.6606602740516698,-0.021287954896914613,-0.6353787902776239,0.3640254691140989,0.7316210216596122,-0.5764227092974625,-0.7139859007504121,0.2347172413363547,0.06621718241637248,0.44793819842452176,0.37475298054556616,-1.2499104611374046,-0.9717518674870039,-0.4838047897238398,-0.8821380598145019,0.3754864705610051,0.5164190926021668,0.32667858077289114,0.47365224898241925,1.8242738175797697,-0.6016555411782736,0.5974965921132209,1.1573036387716962,1.4417581209421242,-0.4698323093694777,1.2412979822869845,2.281117823633088,-0.5834410278971882,1.3566459910528588,-0.024670891013066965,-0.2632624115395141,-0.2142505125101335,-0.33273772009077174,0.5131968808043457,-0.9214617825108572,0.5400345253421728,-0.9282091613072425,-0.45203930614939364,-1.1264100545385711,0.9030607207611419,-0.24647398967443884,-0.9359291020553359,-1.2050562756319159,-0.15889464127984188,0.8842259883561163,-0.442835061597786,-1.0830943881361015,0.40880272215329777,1.0239758213688877,0.38324824956591985,-1.0682709823767254,-0.8594078113954019,0.3145283419571979,-0.3332857376384145,0.2598561821333001,1.5307061960142059,-1.3361066580347514,1.5057551821436503,0.8215355192158784,-1.3041831882126083,0.30274554784567276,0.730320878582634,0.7912682984529468,0.9033064789753438,-0.6334198750911987,0.9583745579927476,0.34871607327998666,-0.09347409364538148,-1.2545584594611794,1.3970506227260535,-0.43080332119227005,0.12601708212224358,-0.16263075403438537,-0.3580600333495703,-0.9887443786111498
1.0239584957251597,1.0087040606932534,1.2373282160213601,0.3143442855708817,-0.5838178281202627,-0.04038664694677163,-0.05823070742431519,0.4902862247190675,-0.3516859164928964,-0.002559636297546325,0.68860886142259,1.4189463402019278,1.3309386766696423,1.145990224568271,-0.19263085885406617,0.3015664760780333,1.0047320020683865,0.6372185222620366,0.2747790259282946,0.5036996524412618,0.9403774206477176,-0.29799528548843723,1.8270858429482606,0.23095184630655424,1.279130280663968,0.1996562643623384,0.07705708247875512,-0.008122463054586304,0.38884400628062504,0.4879447843261059,0.6179928425838095,0.3093205970344056,0.9148950352774037,1.022657093115615,1.045957211747492,0.8596714926478379,0.020638158187065325,1.6360115735589023,0.19827857554358147,1.36109394055728,1.6068005777010494,0.8318378907385082,0.7833888328351284,0.40217106272102177,1.508989227248748,0.8703063789230507,0.8912134517329426,0.4796756954881437,0.33274318500086086,0.43122712184643974,0.08748242280656636,-0.22840528599998086,1.091571994708882,0.14428059288368555,1.0798511198223513,1.6226145491355066,0.7946335220858317,0.4314823960681121,0.7223243924347575,0.49222001300473717,0.16793103492458494,0.5471663215991487,0.49852333273490046,0.42216031403235843,0.10962428099062844,0.909212777261114,0.6572123335022939,0.8621143189369849,1.2320965186806834,1.1372294993162013,0.6763616066345346,0.10161914683921902,0.037389198945539937,1.0652754764136934,1.0791548116657903,0.3989333106135582,0.6942656995211024,0.6777589170584337,0.2750235312107505,0.6895210847174706,0.42523524570147514
0.6621673695310774,0.4064634834465379,0.18731382361233528,2.4775037839652247,2.1374806347362694,1.4575854825242196,-1.0803855219378713,-1.1988856088008137,3.1310755678475295,1.8635254206396363,2.430702528442299,0.5532287911264816,-0.6220609841404686,0.15376059884777638,0.3865420767641581,0.9633633390522569,-0.16293712718660264,-0.8971949578723075,3.3622261247640948,0.6205818336517792,3.424962671396369,1.4729072695536483,-2.9765893306285385,3.3742403341127862,0.049993130731807056,1.1481888949484291,1.4981664613316619,0.3525011049687039,-0.2661852488721455,0.7728280556589637,-1.3896451632506093,0.3123559299630143,-0.8722802718089064,-0.7102660463031032,-0.9249565478663923,0.3695436070393389,0.6456529007882954,-1.7970408078658755,0.22307065227056616,-1.9238945122309217,-0.1542548778990676,0.4139052626581876,-0.48168382037085,0.42997424489795705,-1.6342292366118996,-0.7994862261059055,1.4014391422167554,2.9587829860790817,2.547451954176233,-0.5588351153721327,2.166324349807314,1.804212048214791,0.12685366027546832,-0.06201650400267994,-0.7040824006468721,-1.3838201951510423,0.6134393452237971,2.1849986847966902,-0.5483570562448,1.5370286683098255,1.477903146593569,0.5043444186142725,2.6958859069451253,-0.4593879514370307,2.5383854986328482,0.37940861860577707,2.52329266241069,-0.14316961262806766,0.15093665558508454,-0.44467677293688834,0.875637873559905,-0.8624296114896775,0.5941287019206886,0.5162909388669041,0.8406017024587473,1.3667910166310355,0.4822108058004105,1.2893343575654193,1.3797739492040113,1.8786731973140172,4.224053593992942
0.7605641369390289,-0.5422844640728203,0.3460409955575579,0.7505448932510788,0.4585284058296276,1.1017117821833844,-1.064705529760772,-0.8362027135104921,1.8666089099775605,0.46969815912654767,0.9443792094030375,0.4375922304982955,-0.2141493752046493,-0.49277784146725545,0.46240159343152953,-0.1065780831685744,-0.4910073166794951,-0.5364797092313413,2.340849345814185,0.3140537122212922,2.0710157973568184,-0.16975811856645318,-2.6285078102849178,1.4577472207681788,-1.0094935227595674,-0.4419348179770898,0.7909773356683321,0.4178914597962934,-0.27832057472939487,-0.15943797429255072,-1.0207286430046476,-0.394195118113131,-1.8596103039280902,-0.639068579576868,-1.4061700415438405,0.6579188003727965,0.3178072244181573,-1.917213769666625,0.2645364887201284,-1.9393473543420345,0.4151460184339456,-0.9655178362847001,0.6269993306785764,-0.08060072760956319,-1.0503209414929267,-1.3400410673415541,0.5731570664263967,1.8725550828695443,2.2500825268124127,-0.4854228745246558,1.0037831606006773,0.5132128077655175,-0.05130998574317046,-0.7039297011215091,-1.1510705985127725,-1.6007584253795426,0.38597314866950067,1.4322603089356631,-1.4249726377195042,0.9716394884544546,-0.2335327722630407,-0.6845974743961134,1.4289358648410357,-1.02539994958907,0.7062684514872044,0.6487691050788229,1.6569422986890006,-0.05548801250690402,-0.08234619053550085,0.016650518075181198,0.04464093096607735,-0.9609149125020656,0.05061750439213261,-0.4580086822934645,-0.3668013549198313,-0.1284046270421258,0.6542661607449629,0.6741538068633375,0.8475610208681339,1.0550099917785383,1.8432873415586883
0.8006581706117728,0.18125710593003613,0.8043374849185979,1.4454230367885783,-0.4931549685295564,-0.04114198781903407,-0.7674785440648451,0.04840218425440554,0.5577004815306814,0.629512761832596,0.2608690220268167,0.051563508744029096,1.2130855603446378,0.15428545872133062,0.465030118893222,0.2992084109836878,0.05467930481254579,0.42951882790125484,1.8108931930623988,0.6368123982167649,1.4390052942625622,0.3135479977774537,0.5848209371037218,0.9275845219135521,-0.41233111365746117,-0.30195059779219885,0.8634175479900861,-0.38743579783325666,-0.5903767511429376,-0.6330387285029593,0.7811725139635297,-0.6885532318367448,-0.8374485138268974,0.32646284051593777,-0.5506958692779846,-0.4319039570448715,0.5164353368448744,0.8645598836921237,1.0127789358898052,-0.2711578042609665,0.30917592372360775,0.10804235653341003,0.6434716615874697,0.5733463843590458,0.389165938048945,-0.2591569963699414,0.5096153244244122,1.0800702931169317,0.7465197806822607,-0.05998877759386427,-0.3662948379204902,0.3838966101706198,0.31099740771790496,-0.2919211875224517,-0.6681533471118987,-0.5764286957812289,0.6234836151442085,0.6179381587805639,0.6379506781490758,-0.012451505877892954,0.4976652926672583,-0.6722475162589752,1.6134301282305366,-0.5048761556921841,1.0729630738103857,0.5452872427931763,0.8285926083010102,-1.0775980487777534,-0.6473626865830902,-0.11931924784215994,0.19969726181578537,-0.8076478311519053,0.15719970085258056,0.4991583023350858,1.4203462192641723,0.22112239097112169,0.23921368061398635,-0.5366834425588083,0.8539690575148478,0.9473737165085907,2.343643931289583
0.9969416147371738,0.35997653265918406,0.7699525155618316,1.1977500725162393,0.6534668567918034,0.7043723650946816,0.5322432091136925,1.2539018879287525,0.6462329990577815,0.06207156967465077,0.5863393584242251,0.5559901147292529,1.8809741711848804,1.5761358726052666,1.1291206899142217,-0.06877727949257353,0.5370188351795843,1.6042212401441402,0.8359352024525688,0.6892396554361878,0.6564823373470832,1.145160735537915,2.40165309044264,0.28137109984447073,0.734269244152125,0.277743120911373,1.0293269867534567,-0.43182918568834694,0.15413866444028274,0.3456306601033796,1.4602134443680665,-0.06228090483807791,1.0636852130981782,1.033337463674917,0.6133718298922306,0.19809507922379915,0.4564057875375201,2.6102183200580242,0.8767836847121561,1.5010929960553265,1.9271140741731538,1.0548917432717164,1.0086358424899966,0.7365603463442105,1.4557045654868166,0.3451974668966785,0.2140016054947702,0.3410917926736466,-0.04620442318523993,1.09988397170382,-0.032747172556414794,0.5062547117427623,0.9065417373408358,-0.12248656992603185,0.8533000305074325,1.6831753609501652,0.8645814381935143,0.7080960233954936,1.470362155186086,0.1319343277595387,0.7663881454489725,1.0634138803284436,2.0720200044221104,1.3028232338828611,0.5587804269007965,0.9572365591962945,0.627982062098564,0.23857512384156968,-0.43340978707662,0.636473331100907,0.48443288812330915,0.45531434005130544,1.380048027150242,1.5835935425795713,1.859866940355866,0.2696029038629566,-0.4892158851849585,0.26144650288780635,0.7578327550630607,0.2745753787108418,2.3687146483793464
0.15418320903527805,-1.501305137347788,-0.03428805706025195,-0.32592999993300575,-1.5620362457883379,-1.551608945804788,-1.3029480777418443,-0.530098808230888,0.02161737390351791,-0.4472306470823849,-1.8378615299956744,-0.7556632297562573,-0.4227718433960123,-1.2917960326091174,0.00764419538208988,0.09438837249184501,-1.28054729500648,-0.20001890294819186,0.66205307287376,0.7249274761497608,-0.6608320792426738,-1.2399713351951474,-1.8744757250329316,-0.3959691661430212,-2.223623739050824,-1.747902839421249,-0.3439837954957848,-1.1766169143600906,-1.4734053038493309,-1.9447759987709774,0.4237832972831952,-1.6959889411361468,-2.630851593678044,-0.186558014899039,-1.2630837682135752,-1.4057995439918953,0.2960514802157318,-0.7906952679862445,0.036113265161977964,-1.991740787210815,-0.03112067263475682,-1.0838248444927845,0.30985677962362784,-0.2182960338099645,0.5501331464046875,-1.2399354128776343,-0.288626441518143,-0.08461876036740915,-0.2688895873982815,-0.9793205628806627,-1.5484741680556569,-0.31998924710668264,-1.1719923017377836,-1.146129745728007,-1.186261876731441,-1.4759628660458295,0.5559282350496306,-0.5127769320889178,-1.1866413493450967,0.1422614006621006,-1.225049462713531,-1.9037465640340507,1.120504478579494,-2.046955626377625,-0.4228857635728547,0.19898071816735602,-0.38916620671960517,-2.7782663933769807,-2.742937297834961,-2.1043531343689508,-0.46654089439803553,-1.6363846668091548,-0.4900390003607384,-0.39708072485220003,0.8450359381387689,-2.3163791796632465,-0.20461406966714657,-1.2533708275822628,0.19377076539486793,-0.3624485336811558,1.1725433852783032
0.22394836885886116,1.268385705907722,0.9400449235101265,-1.653252448833906,1.4510900569527787,1.7971224214848793,1.468534432645484,0.08235816033414226,-0.48913521360773027,-0.29794059675702383,2.2499275620706034,1.9005218463299378,-0.044260862569905836,2.4185899299337428,0.9849860123313066,-0.0009512485846223662,1.7798477664286454,-1.32615759995902,-0.1310534309568129,-0.7017604222400482,-0.604461205842268,0.017530179349836444,0.8717903466619618,0.19239412370817188,1.3662729155475437,1.4738197002477382,-1.1788052917209657,1.4300275506026634,1.959179694771944,0.7376633025554232,-1.8829400717012055,2.115036206889915,1.0936685164347357,-0.8415475461358879,0.30104514174802954,1.8881659856927153,-1.1222700985083247,1.4201773692510322,0.3725227565125685,0.1899664395076035,0.25634033243608634,1.2174644122698794,-0.19766837148860816,0.043707535402598974,-1.0737752263437925,0.9548655659690974,1.0809300138011366,0.38208862472144667,0.2836351147232925,1.6406244437366528,1.4147900098585169,0.5086325094356065,0.4274305011856792,1.2584010802786199,1.4065185493142878,1.2074050571208998,-0.2716043331604375,0.6109487693534623,-0.8626574666409084,0.07885240847189173,-0.9857300577317112,1.54491153431295,-0.6449791533060638,1.3135691332155384,-0.31449331016543103,1.0981387742309767,1.4911676680012156,3.6085703235849245,3.0331760458727746,2.8621806625864084,1.5399881720674298,1.4696744958044605,0.3899327702937159,-1.806603183436833,-1.8892233417542132,1.751354729773556,0.664860428269184,2.245141819107926,-0.7285443505419812,0.1949175210735753,-1.4041985427675083
0.4703654129405317,-0.6644642548888695,0.8592569200486354,-1.6522593980000293,-1.4562152641740655,-0.12330862335738474,-0.18976382711653111,0.39019246399413077,-1.2343225599124854,-1.086945028635426,0.3529111285991311,0.5288624791592302,0.9433479241959025,0.6130832449043925,-1.6574422873904961,-0.1587075420157556,0.7479236586601434,0.4263350284969476,-2.3737636900417964,-0.854423629716659,-1.33067577986319,-1.991503704606757,0.6469084424645651,-2.4068929073135434,1.625136437396037,-1.5333956773654913,-0.0873763110873963,0.3687761341940564,0.9378369040604654,-0.5402667416780235,0.4776261400268026,-0.5550961153225681,0.8218034462290229,1.0321022532951323,0.810779843093425,0.9068819449782158,-0.8228654096904326,0.5422051007557546,-1.668881876293652,0.9053363954563638,1.4666701679202399,-1.3224663936040177,0.5301791125398947,0.0545657472682336,0.6230163213840477,-0.11922574285986628,0.1261803536847793,-0.7364801528624755,-0.3702403446124673,-0.3854375855075611,-1.458257157223699,-1.0554516723732872,1.557536777289272,0.07545693903013317,-0.11237059825696098,0.17749603114672732,-1.0972983479122849,-0.7763004248192513,0.7979593037482247,-0.28795600509808006,-1.1504407333967748,-0.8705459674544866,-2.7356077135715786,-0.9619293023082844,-2.5806894945181824,0.07604104635720124,-1.5305557395574803,1.097931636356301,0.7812432492125508,0.6755320872755226,0.5555271196373446,0.2030267169000831,-0.9868933741401014,-0.27507019031804536,-1.1865501031873409,-1.3547764300444376,0.8711775191201225,0.10804657494243039,-0.9687470435424024,-0.5597139821765806,-3.977647208099147
-0.6575684964753912,-0.6615223652213928,0.13329361607234302,1.8853302323586714,-0.02778506018068011,-0.06998376496087486,0.04338857883126679,-0.06322338702586244,1.0301259311014475,0.7395232990724444,-0.12023930532080296,-0.6329058148461411,-0.057635054427605414,-1.1034105587431786,-0.22965973800503597,-0.08243191134024375,0.08575438466340335,0.9306619781522342,0.6324362948234473,0.5740361135455478,1.6927479573506823,1.0496347135977786,0.4053002628686625,1.1498317533863718,-0.41175733537604287,0.3435258123379853,1.071050750658789,-0.2698827746425737,-0.31068006741538223,-0.3045838940954264,0.9009923482474946,-0.16090157123837084,0.2658765032836418,0.9830118693792732,0.92677353137927,-0.7144365394422758,1.5299637042638043,-0.15794325998657582,0.4990745568507038,0.5086389294058866,-0.10520943015542114,-0.5963638544432376,0.40391586576397126,0.5166971206338714,0.39659130742819565,-0.6034838936591425,0.38304580492013524,0.3325509736486931,0.5281131667391872,-0.897396936499785,0.2004945191104904,0.46389534760462137,-0.0007591118036828215,-1.1415972387603004,-0.9946979027223737,-1.14419129450817,-0.30505038859391564,0.28763303112737115,1.0320429647698814,0.09428765162919076,1.618583835250981,0.31310906438463326,0.8846594390394014,0.6323218075904099,0.9151865367382326,-0.8196978258262222,0.7883928435100207,-0.7379312876578584,-0.9595733123908821,-1.4264033214926504,-0.46628347379138835,-0.3028680252231799,-0.36067135712917797,1.3127714504308423,1.5122208940167756,-0.08088768140680853,-0.16911687767679687,-0.10440450747859838,1.1041451151443116,0.9069375920430494,1.1665439153184969
-1.1961158782658141,-2.4957785748155823,-1.5040885778189304,-1.0070975122552734,-3.0547788301963408,-2.3160348368813533,-0.816403170498156,-0.9139728886854583,-1.839974572985333,-1.33570296538932,-1.611448490790199,-1.4628434384482878,-0.4649771678989994,-2.2225907498172335,-3.274177436481086,-0.21918319874909153,-0.3529249141511775,-0.3733606753890716,-2.2059979724771677,-1.3266246324572057,-1.5806764629406838,-1.980635535403632,-1.6649681444600697,-2.001132312633088,-0.029799716195355028,-2.288795376528861,-0.8224032023824882,-0.5039602394634234,-0.5046929346794556,-1.5009265466991426,-0.14982921513856334,-1.9843042360284269,-0.8195366271424492,0.8073904778129469,-0.3799189146283567,-0.5654540270876143,-0.5219307089955741,-1.9901131518356128,-1.358797341256944,-0.5718151157749146,-0.2878357522117343,-2.98442518896951,-0.576569333012425,0.31932268875941133,-1.2076765148671837,-1.863081387471295,-1.074143318224169,-0.6427963465250696,-1.0940062910453696,-2.480003259688736,-2.866570827041378,-1.5416697811842226,0.8105435539017408,-1.0740473509682844,-2.1328750543876693,-2.687421677433092,-2.2308568989339244,-0.4876189387692343,0.08368236717390887,-0.6733504228823776,-2.1902471641009775,-2.076790915703985,-3.54948490296567,-1.0891287981575437,-3.3016445145777866,-1.5300894600519666,-2.030589499751983,-1.4150713947739224,-1.40771417242969,-2.223587232342908,-0.5491565236558166,-0.9765968499750471,-1.497499514841819,-0.17789988176799723,-2.041213202319371,-2.811035843659327,0.29830157412199393,-1.448793215933819,-1.0592285414200366,-0.8632422553171668,-4.20902835947384
-0.17343725803437093,0.7997803847062664,-0.5345395652752107,1.1903690990101587,1.3968539377956126,0.18305994222820898,0.1949238668479886,0.52162060538957,1.1746791754446857,1.0661533744945157,0.7014117087197274,-0.5213935182362711,-0.15016592288451258,-0.7729243443372797,0.35773905709990106,0.4926227435348277,0.07483604404643172,0.15787406822766206,0.8534161641806598,0.5101238398720124,1.1613209238243192,1.6468250832141362,0.48357479211467563,0.6551011125262548,0.23304238887722936,0.6959232683893162,0.9141316921255198,-0.2262103547330936,-0.05199141675055978,0.9013146823975398,0.31175851003263655,0.2749818147162555,0.37028534976286887,0.8513898594444558,0.20716149845841836,0.004364020443486216,1.1740543025595351,0.04790009013595073,-0.763210945931962,0.9542089631910731,0.30716967646669624,0.32231692572445736,-0.7479228953130974,-0.19952054256508223,0.19789931707332897,-0.5174850978461194,-0.10032595635652064,0.7535843788765154,0.464469723749256,-0.5220909746073051,0.899812949363123,-0.19130217216098777,-0.31120145780300235,0.0920390677055724,-0.44153192362949334,-0.30170416846529974,-0.4441703866717805,0.3377989452042178,1.9300508588221748,0.14908193628227395,1.990516394185427,1.1149396640660385,-0.16712908723618347,0.8565360294600899,1.020679821227803,-1.259941312503532,0.526253745251331,-0.21916590827660648,0.19863669934157924,-0.7445379878002061,-0.4418577513040267,0.0561630289961868,0.01569598209331502,1.2268339491400255,1.2989001235215714,0.49977849257145857,-0.24865360649110174,0.583197206491201,0.9892731649879861,0.3375219812869038,0.345950163238253
-1.2655303311328643,-0.7452550724789034,-2.338810761720722,-0.31989058852432484,-0.6503583740209803,-0.8988658067475059,-0.35803403827642544,-0.775850840491978,-0.014095092595262981,1.1232678160493115,-1.1353705759292645,-1.8652004143261,-1.77918041293313,-2.0000615144683285,-0.1968915160996828,-0.27609088636709206,-1.9911615239391725,-1.525347115640711,-0.8656171991048681,-0.042729248539429554,-1.7511730203557359,-0.22332510545882184,-2.0572961562565952,-0.45950628315113295,-2.8536281548641966,-0.06635068810727404,-0.4113608469786035,-1.2147099909097119,-1.0370574589085788,-0.34110445959727476,-1.3956445679122793,0.011557169693114655,-1.6746170074688513,-0.7137351043680481,-0.991576349767533,-1.5374655738135865,-0.23372629584039312,-1.7693613285234917,-0.5390202384913305,-1.3087226200035322,-2.642385678832393,-0.6334203668822964,-1.685407501782084,-0.61405507467744,-1.682738981173836,-1.3260573560536555,-0.9092627445666364,-0.4818812176027194,-1.3091418313283145,-1.403672652703932,-0.5332502607922712,0.15006560102947897,-1.7682191682376702,-0.1371492709819523,-1.5581200177678831,-1.209204129092457,-0.8741393992257221,-1.1205800487608595,-0.47868868531789444,-0.5706802895430788,0.48442740620899294,-0.21115266373988942,-0.9710258096237264,-0.543242975147972,0.41418932398737474,-1.8937247730612499,-0.566756035951402,-2.5746370284230107,-1.4810889189247922,-2.4257758723380536,-2.004033725673685,-0.3483229570523046,-0.48822711058790874,-0.05760206465139575,-0.7976052137999333,-0.5826498680194173,-1.8223530967760548,-0.9276758617555073,-0.03946700132201264,-1.0427380461184406,-0.20968503254637777
0.4682541707576245,0.055505349175449206,-0.09970654066522172,1.5163228378379097,0.9696563741947203,0.9138919120859238,-0.5125670962158161,-0.4071463000935985,0.8759680718165618,-0.06257754169289909,0.9708898632911418,0.2315263034821895,0.8016300742339633,-0.025638179572036734,0.05152595359157719,0.027479636756565312,1.2116628542093675,-0.5927865536663478,0.4328679304856447,0.382833719309339,1.8250663167281365,1.019584692801189,0.7841645756169267,1.0839629659626178,1.4756574196939887,0.4205275227496655,0.8684515712505323,0.32884122171766905,0.3962622266592477,0.46542353006783344,0.278348974770981,0.35199018393096737,0.5980910694281318,0.6520023876036738,0.6135718761899703,0.3186673550954868,1.4023581956816593,-0.36941189043722417,-0.3753858193698769,0.5104057273437893,0.7375079089012153,-0.0871935879930161,0.13459022025190748,0.23020277868152345,-0.04050772684074353,-0.5535636186813453,0.9101067168060303,0.8196835821127666,0.6186414720183926,-0.48442154704103774,1.2901144032688006,0.021607007927096522,0.596569164491803,-0.34762446052229645,-0.2054226530668722,-0.26573960244271794,-0.21252278737882563,1.159869964944556,1.231591294352938,0.6875604572412481,1.560975289139551,0.7521542886082107,0.9572079066882084,0.5785597051525831,0.3844777081513337,-0.04181792047412898,1.2171200046960429,0.5458163148890204,0.5922177523726413,-0.47117002366512817,0.680966360489917,0.15624359735996257,-0.1453803455157659,0.8545266327688932,0.22599178075110493,0.27637407844131123,0.5494068998546939,0.8804210475179023,0.4162104899381785,0.7853483763529823,0.34230757730543077
-1.7347055348444562,-0.40767780447312696,-2.1600233150963404,0.22931989243819614,-1.09574995643335,-1.8679221832508217,-0.26204812093023844,-0.1194435914291046,0.20370262407420225,0.2258186411438053,-2.697531987481236,-1.8884599507739277,-1.9412305651341444,-2.686624334916463,0.2750627546171974,0.3167478364713726,-2.5676754386589735,-0.10931833538434416,-0.6800146978966243,0.2522168235735765,-1.6642155407569978,1.075100374680722,-0.4532038781170861,-0.6205738656685542,-3.216003309997389,-0.27177984544396894,-0.2451637542047565,-1.4969620102379424,-1.0343138300641572,-0.30466199634789826,0.09149037548092728,-0.13884987306449903,-0.987440020913693,0.38984970702529864,-0.42210694481396904,-2.2957762483408968,0.25535535342746324,-0.6320369608906821,0.004104215201405817,-0.861394028088542,-1.8473117832561334,-0.33525186812877344,-1.135563486536747,-1.3168793971952173,-0.6539487426331363,-0.5605761083386641,-1.9735402978093246,-1.5308989065519294,-1.2793317703045264,-0.9039229662850878,-0.5333557955713346,0.47076609109377526,-1.6107727552716335,-1.0503416997044914,-0.3377482162486576,-0.3928330534234014,0.1193381432518169,-1.3935330115545486,-1.0662629695894166,-1.2765632128089996,0.4629266748729154,-0.43043685164820933,0.4863703671063141,-0.405331746903505,0.8432935992915713,-1.4328656110915772,-0.7704283801564018,-2.3494903102275613,-2.3556876211759104,-2.5634466147798314,-1.6278711327103639,-0.43466339236028556,-0.28310499381577076,-0.1040757284592122,0.3294365971192336,-0.16600516515075028,-1.8885896171845749,-1.3276763364467072,-0.07888176832426652,-1.2280900891619404,1.1316799918253728
-1.640264710162752,-2.7146099249892055,-2.9025152110000847,-1.43577588112416,-3.095037636000272,-3.146686747762189,0.0013358558248288688,-1.4244739362079772,-2.293894822893382,-1.8884978262349006,-3.1106432589610185,-2.626257479475343,-1.8137718405107404,-3.666673300993738,-3.3140972697703726,-0.6003942378676708,-1.6720398385279847,-0.8669322263015142,-3.8338256996606956,-1.183973002758005,-2.6512836349693827,-2.5223473523339655,-2.015207963962487,-3.6182830149353085,-1.4999687613298085,-2.6559985276407545,-1.3514920844082627,-1.6315557573506445,-1.6844778821850208,-2.501320671496238,-0.0016246414031744205,-1.5756559820296492,-1.8941850013618087,0.6438827121054966,-0.23634618769745308,-1.3881718365626612,-0.2705680093560343,-2.948773546855117,-2.5126193734207027,-0.13068840731409725,-0.9816134728384626,-3.2760440949469114,-1.9052836149954475,-0.31354568601649496,-1.5495707514017247,-2.9050876259176817,-2.4695772085923813,-1.9520596293619312,-2.8084005420724587,-2.6670849236724705,-3.390331962137326,-1.616890877886684,-1.0513474285600002,-1.5634716676484375,-2.892633781319804,-2.808586672967097,-1.7610406096664963,-1.7459954734147467,-0.7658881182950086,-1.830908685447119,-2.2242731857591607,-2.8698535335645827,-4.32701137419463,-1.724741863283484,-3.3667370016406832,-2.1590477679363937,-3.482848385311885,-2.295061468926327,-2.124722805555913,-3.2224551318165187,-2.0746352797765963,-0.4550321278398145,-2.4473148575919694,-0.7588563395882868,-1.9819132966088615,-2.496815744049517,-0.28534886542391613,-2.878392673696793,-1.5462990198369748,-1.6679696040106082,-4.091906388480658
0.145790596874108,0.1762398520414766,0.5702328625187354,0.23569146979353012,-1.2262650223584486,-1.656490721261219,-0.12168794628133006,1.6861909817634118,-1.0676693409917313,-0.7368962355635684,-2.485339125703028,-0.5478038498075167,1.0771144720784154,0.3049399165561452,0.38461833025490677,-0.29739550883388166,-1.0278554010638643,1.3597513408594375,-0.24687445235747235,0.9925248970330225,-1.1918739552627766,-0.5197141212402998,2.4733724082355137,-1.1455379693438277,-1.0450807898601489,-1.0206833785950769,-0.12336234227355122,-0.9490555756992186,-0.8061312558447881,-0.5806227094201583,1.866916078581424,-0.9780581317253764,-0.002432237292037287,1.6052757875869204,0.11980310210798784,-1.6345044942638531,0.29914684467764296,1.9868062690847856,1.062832234275395,1.4661102405763824,-0.04598597664858223,1.020509175766658,1.0916962456325041,-0.6966886121759519,2.476231513129308,0.545770720769859,-2.0790483053641444,-1.215218343249128,-1.8197325248299507,1.0722325412410474,-0.5692661730675761,-0.26482511427917127,-0.9340259029426832,-0.17236682829237632,0.695418119304182,1.2914000896419324,1.8261855093372645,-1.0994746465940612,1.0161792152512594,-0.8002635060191486,-0.3544411709226097,-0.275607846094924,0.33141759365995754,-0.4628890848726406,0.0459049126286299,1.3082357598595888,-1.6324620658422664,-1.8573793486624068,-1.7605186663225287,-0.6075039276933416,-0.7423886084075219,0.3285202246074446,0.08212160598907489,0.8931332713083002,1.8952445654828352,-0.41866239365854657,-0.5258997795473985,-2.0280843443535055,0.6915449561362277,-1.0710631748211288,1.6974951170084993
-2.5112259191119746,-0.9845640824421535,-3.5982834450730063,-0.46631646712061026,-1.5793839193100938,-2.1473637730657416,0.14230447373885854,0.07403392471557463,-1.5565688983212111,-0.6403696901717253,-2.217648363209455,-2.954519793927595,-2.0280635449756206,-3.1221798884137617,-1.314370082386625,-0.19254795986335352,-2.2783111431416545,-0.06310002345432646,-2.5824738914012095,-0.3062134205584741,-1.7219147009902451,-0.054101218218607375,-0.6410914841389457,-1.3989785392929992,-1.3358651567871775,-0.9417495062055168,-1.0090610952413068,-1.236067363078423,-1.0536216614028107,-0.6420687729829707,0.4049626500327603,-0.7259242761294921,-0.30850321174298356,0.6723564091022614,0.6222491632964675,-2.2774322080343232,0.8163560359887666,-0.8194375899578545,-1.1446385738496707,0.6472196725135406,-1.397878456977439,-1.5026195104356188,-1.3138854652741585,-0.901980565011154,-0.24923220042331107,-1.0738051217483493,-1.8614123153991269,-1.9949518774792796,-2.032314974998622,-1.540084760151919,-1.498476878299927,0.10230823561979469,-1.234803721176553,-0.38069023996769047,-0.8783830571793901,-1.1190101274220772,-0.9070995071061272,-1.77687084760835,1.1985946380941999,-1.5563126640029208,0.22698422265765594,0.2993112943033852,-2.8900508768181115,0.101452629616019,-0.8845443161339783,-2.883394902283431,-2.077167398352011,-2.0072705512550963,-2.131532180437374,-2.239286626984479,-2.3220931080146623,-0.5084353739279829,-0.49289093041437115,1.0998519569222778,0.017903246204465595,-0.4257320147193582,-1.3336528881337917,-2.763731555212545,0.11806272011821131,-1.271897343086447,-1.6909179488543835
-0.05320337441274653,-0.10272144569601804,-0.010333572684437575,-0.3969840230744113,-0.10038961232440743,-0.5889980257429774,-0.6487037058082443,-1.0231432303209542,0.7493710219397852,0.08107711556101278,-0.0752830517515943,-0.04554738756537554,-0.7902665806505486,-0.1311772682467935,-0.032970499260649,0.15918235986841717,-0.7465608932698332,-0.9785409155796432,1.0058239419841815,0.020192270285231864,-0.6650795607802444,-0.9504129496091469,-2.2031542041414536,0.3894283031689967,-1.764245761287208,-0.9420796225671041,-0.13665738120656068,-0.4410084769379144,-0.6434308744929357,-0.5624546676915133,-2.2006669529273237,-0.578120667541855,-1.2681863932515507,-1.644922402600437,-1.6429775117611634,-0.4202132625415632,-0.7073190466939103,-1.911167368480758,-0.08193439031358488,-2.2321248488384535,-1.0947429413779641,-0.4906694912117683,-0.8320212862670129,-0.17062373147793752,-1.8821851720932694,-0.6594843887870202,0.003324948257208027,0.29083791274653004,0.6603127509180733,0.027791946154956226,0.04969673004497674,0.12636455589186169,-1.316200364175487,-1.2160787747510713,-0.3986673473614811,-1.4285792116274083,0.7165521247022193,0.3295830797838408,-2.746916584501527,0.8011711963947874,-2.6709158680678584,-1.3251742097409291,0.9782195268969497,-1.513399137654279,0.8593782541834833,0.27466464490637643,0.020550687835909742,-0.907333877620359,-1.4731354133498948,-0.5395905945353223,-0.40209014580156416,-0.9504775739260087,0.017616376049315895,-1.9741020975385872,-1.2509516246617256,-0.9531079847577737,-0.6948413368420643,-0.20146588118582753,0.10276302786237002,-0.5586654554269515,0.8438775992303803
0.07066363955939597,0.4439977705498742,-0.45920352741104686,0.7048527460640879,-1.164403065378987,-0.7985262345655272,0.5531569232851565,1.3361348998645395,-0.6548178070612933,-0.8409772457713314,-0.4091475645872348,-0.20253184549401598,1.3323976453205533,-0.07081826089828062,-0.9401073489920884,-0.14707309184118708,0.8176554613291146,1.8157298841598304,-0.851762772450128,0.4602626315039925,0.20383667635541253,0.38875176959111063,2.4640204308081417,-1.229283870818383,1.101358394567879,-0.542241522291676,0.6198374129708227,-0.5592746458102864,0.3623053106120816,0.3193553744983182,2.858182019348098,-0.3766869565098619,1.0823764193442618,2.0777087330985142,1.0323475550007315,-0.288562763509907,1.3353672945989992,1.419863185650502,-0.11342071672182764,1.8137835103451105,1.048244402973108,0.8605531857156412,0.8825479738528309,0.5046827455271762,2.2358063589428583,0.3653776079005524,-0.5811930229402933,-0.6253787966756923,-1.1719301617062754,0.26559656690021316,-0.5490974999563882,0.2336746812484075,0.6829284715157887,-0.03684628370784003,0.09055024886124782,1.0183701514068637,-0.09580640527993116,-1.0468313993193845,2.081381196164129,0.14597423315395913,2.0050432829179283,0.8217098257005742,-0.5596111983999518,0.9521255329741574,-0.7615313155194182,-0.35733579564004,-0.7789375093350647,0.024053303540491122,-0.6696403571055776,-0.10626399676977158,-0.7214954479728919,0.7036789107572446,0.34027921000153627,1.833956025088767,1.4709418827046041,-0.21122056052642005,0.48563156184630624,0.12825424333713342,0.5955831783729302,0.8607996653382899,-1.1219826470445255
1.0249114734898324,0.06269045887765537,1.5032216599564563,0.7505710307183949,-0.23688750828419386,-0.06405820243928448,0.4814594931913036,1.109514767751524,-0.7048475929497353,-0.7518458658833859,0.15730269213129805,1.3164825180020683,1.8823499303235613,1.5372190148511955,-1.116949278041289,-0.6804609935681231,1.4975835990101627,1.3262806896949073,-0.6810657564592104,-0.23049690806790432,0.5192999413435448,-0.19785166433715265,2.611148473960488,-0.754954335979716,2.5473523531572666,-0.4196448604312853,0.7062504939927461,0.984462731976118,0.6904887259423809,-0.7839981579157027,1.8669633272486634,0.07950502914156565,1.5903278567012653,2.1129133154471575,1.1052866032910662,0.6752679956965595,0.15896803010462884,1.4834325706308715,-0.13307568942619813,1.4656953817639562,1.7791168650815117,-0.09091906591872886,1.7989149451712814,1.4621631184563362,1.7183677563427322,0.4865249457781499,-0.1195968336697687,-0.35097430093667564,-0.15611627066350492,0.7535458419281449,-0.4163667669979978,-0.7283790934439693,2.332271306520507,0.6680378011631853,0.14590674604538395,1.0022675009961224,-0.10187489986940543,0.5301552618171758,0.984776699517043,0.7725831458346855,1.1136150733805692,0.5708398006889983,-0.5614770138264734,0.4727114909854779,-1.4249633459049815,1.2623863968949496,-0.3476511707829122,1.0443993910322207,0.9889665170614647,1.3581060333752897,0.8118573300896661,0.6013257291724948,-0.042438100286047,1.4553183278700645,1.0970081867488077,-0.48381988951649996,1.7505721169892072,0.5986560700246911,-0.13616418751002868,0.7501702647695604,-0.7911760151690503
-0.10270920228465696,-0.33371135224438553,0.6817719527636746,-0.5886729070110145,-1.770831012319861,-1.4817529590453873,-1.770481086115434,0.24434399637527135,-0.39746979274241756,-0.11102124399995138,-2.4774138114512887,-0.6008270104085616,-0.44783600357159614,-0.9254553681555314,0.43371207757024144,-0.5692760000650525,-1.9934638151652373,1.0435651527998835,0.17607586626149685,1.2118181266285581,-1.4528534769609323,-1.506724469255257,-1.0549064388114888,-0.9658018660711856,-2.8754202620398215,-1.5695993113611293,-1.0083439362414786,-2.2733632459519684,-1.0225579907739761,-1.0347326429786268,0.271411807684713,-1.5375683513351737,-2.0822529113538404,-0.14488083318734443,-1.8146908429693647,-1.5818646603583804,0.03564490613814442,-0.3547499052953515,0.6468373263613435,-1.7125328955507622,-0.8906889413892471,-0.6458046481781006,-0.13895202413076801,-0.53860002181477,0.5124743021286793,-0.54851056115438,-1.5606460365695813,-0.5011964989724976,-1.0490665107219095,-0.0780192188655594,-1.274997715746607,-0.5689410210722051,-2.243776481338195,-0.4610795671071456,-0.3361024504089268,-0.5868478296596676,1.917675286599639,-0.6572682887259875,-1.5133658370787366,-0.8259396266174024,-1.337144611574119,-1.645854069111562,2.0687838084593215,-1.4977828412171585,0.20703448318642848,0.8250623239182862,-0.7346106349578481,-2.9172048485738076,-1.7377125813551961,-1.3906436629662293,-0.9931255154680528,-1.3280389396541963,0.2998356190988928,-0.286144092684729,0.9693237736707878,-1.372446538666125,-1.5973615448612501,-2.1526894749290646,-0.5070734774233079,-1.332265620779712,2.4037537370922646
-2.685405747726445,-0.5234810819841555,-3.895068418118198,-1.5277069180075649,-0.3061161977696766,-0.7548584501453903,0.566902312709357,-0.9426045889222024,-1.3791867125914141,0.029766189670840146,-1.474991394092979,-2.0377610618563975,-2.4675479434360916,-2.531870261440382,-1.0543870863327687,0.17104648752069151,-2.2383707614282753,-1.3220969669799287,-3.0644486756314837,-0.3894057192068352,-2.932315675714626,-0.3595611167141256,-1.9008503465363078,-1.6188142808845383,-1.7932177175923696,1.3084479310148551,-1.3000705038547589,-0.5997008827978176,0.012899016571473063,0.20367977166524132,-1.8209387393033318,0.40437257328385734,0.4252593717852022,-0.5475914996268725,0.9398403660340868,-1.5112487142441051,0.06945616410656852,-1.6972740168586662,-1.6715461736098212,-0.573442228384931,-2.618121983619536,-0.18831841684157907,-2.5461698832901387,-1.0924184189772743,-1.4334084836894292,-0.8345078620736333,-1.636793015983442,-1.5675261976517292,-1.6169567228321546,-1.1303056585027116,-0.36141834259031236,-0.24741637553754953,-2.224019664650112,0.3121161746423599,-0.21188845128407152,-0.5993662845086172,-1.4403322546872703,-1.58767891145279,-0.6079482042606325,-1.1215385064845955,-0.22672986380103838,0.14910432311533958,-3.1037289483992216,0.605221281413486,-0.6118118698558482,-2.909822280826741,-1.646134845712211,-1.781522272993109,-1.1038415062287115,-1.5262939328285328,-2.2179539538179482,0.02786786237268868,0.11134683704652976,-0.7793660410341561,-1.9475202268238827,0.5515058699243486,-1.9829929916568605,-1.845636360137156,-0.4872087295146513,-2.1214800587712452,-2.787719018570737
3.2252235041139112,0.8429753695113299,4.1479752825822915,1.4984178760122047,1.0962576686989598,2.5806022462354408,1.2990731513256504,2.0609546987377616,0.6135206835814058,-0.45726939011746637,3.624469605289999,4.329270183678405,4.8751169192713135,4.793090282064422,0.31136693707177837,0.3126864868354413,4.738423676725506,1.895059121854703,1.7935173678145706,0.18394024425556457,4.103446090550674,0.7844149278921778,4.491556752798048,0.6039172322954018,6.916483021021654,0.5538441168726057,1.7492134193456461,2.2650134929011383,1.9932038990314593,0.6529196957103254,3.1815779752620146,0.7213732093251823,2.75808800317079,2.3973224936724615,2.1884974393217997,4.424092711299935,0.8918737294796245,3.6592466941612103,0.6995515270726049,3.727381977473604,4.728354478314458,0.41459501045558633,3.9114812232539053,2.0564959537761305,2.6930503866613367,1.3521973816626467,2.591403068118159,2.762244675808774,2.8203489434512536,1.3659539244993515,1.073823029566163,-0.6506257016234627,4.99138374791798,0.2960454038503625,1.3655607575935826,2.214427219180641,0.013290499314746324,3.259551475034779,3.4676849510895735,2.0196048158371425,1.6287759059593907,1.5835545074256112,0.6774006959949588,1.7644514715150568,-0.2532495164203011,2.96623229997747,1.503839197869948,5.413344892698043,3.507986417439384,4.162268031536623,3.504865388049225,2.03718521372719,0.1461439580869912,2.27933493478222,1.9283221725284851,0.39717520143629603,4.650456413462351,4.129740223792489,0.8348820913788884,3.4942792404323377,-1.3804130340654506
-1.1297772002752793,-2.959944137971927,-2.1202307433537584,0.4132215649235172,-3.075060921741666,-2.610056765808,-1.7364175574401008,-1.2099247519285066,-0.41758692147079923,-0.2524206464448403,-2.8734594652284535,-2.2758251864809624,-0.9792935128410623,-4.002335251384059,-2.740029985798724,-0.18188284219867312,-2.3427571706742056,-0.2751542125051855,-0.8469967747081477,-0.3389127943750844,-0.7115726608695015,-1.2963727602987818,-3.656524945886357,-0.43436842910102785,-2.3990629890085238,-2.2483621533510507,0.6400387448695108,-2.023146359727479,-2.494261056050174,-2.099288260975269,-0.46325650706844745,-2.7069337800954827,-3.3149904486350934,-0.10103483263854174,-1.3266724972840784,-2.7676962539518866,0.552724012049968,-3.752487137123859,-1.7758748809621814,-1.9569592362322816,-1.1302840718832878,-2.9648308625057105,-1.498830842730521,-0.7891043454136647,-1.8757396258432204,-3.772312728409875,-1.4161208715112918,-0.3004514473367059,-0.7118655966874128,-3.116658982566296,-2.507679722003382,-0.33355410992420653,-0.47207478371053874,-2.5525608088501652,-3.6092191711833936,-3.840689980696835,-0.9638387710536437,-0.13028187625824172,-0.5785688744771906,-0.20425202527246533,-1.0480202369438316,-2.038508010458633,-1.2658711496327868,-2.609933552228177,-1.7548472209651291,-1.8801606380564788,-0.9419522643293258,-3.8331478739193097,-3.5208136364912197,-3.913744448161753,-1.6069667209521716,-1.8609775274667348,-1.5492540573158275,0.9120921423814246,-0.6947682561160662,-2.79691040291664,-0.5180639552732083,-2.146074604610111,1.0055503998495197,-0.5149895093385275,-0.8111501392374565
-0.0883364616665771,-0.4780434866109746,-0.56071528407369,0.16515902570196894,-0.44343412466318,-0.2836273653156685,0.32731819884671837,0.08188745243224735,-0.8460837794556036,-0.545592406001249,-0.24949072939695968,-0.4189017764727377,0.3748469940588477,-0.9304197921925844,-0.577202868037413,0.02678134595588308,0.2506194933675102,0.09197671937308632,-1.3359056600767518,-0.44149074860514737,0.062404714124859206,-0.10567891367223636,0.06370947949709937,-0.6250443027225278,1.0101106018894066,-0.3249120549644564,0.35275239219002763,0.1650394269863118,-0.0533279176091588,-0.2799630121999247,1.1078958890313149,-0.10035979181937837,0.29477768058065346,0.9796456227152153,0.5464332415000129,-0.10617225897655307,0.4555146745443981,0.34334841213940503,-0.8739694131981474,1.472078113309561,0.424927481406768,-0.9575191965660792,0.2346650799594978,0.740095415127034,0.925271888185992,-0.8264395497639465,0.05335278646526642,-0.6253369362817798,-0.034821867395232214,-1.5154095752674062,-0.511032509024459,-0.7020272236448589,1.5128143578182183,0.10657972261884319,-0.9996328977555144,-0.5079416309137653,-0.9396970580609132,0.09819519566404677,1.166121604346022,-0.17331940416230424,1.3007959973211336,0.27510380018706065,-1.098549761248614,0.15742608031033145,-1.6880734576571141,-0.5011818194357429,-0.5313719468399097,-0.0360166503788301,0.4947856263210689,0.4111303278809529,0.15399563998576227,0.009367818486551271,-0.5771697810151338,1.0440855402373548,0.17658436144719747,-0.5798456462211367,0.6994787479383948,-0.27487294808804275,0.34066731825496993,-0.023310318668563867,-2.2499616012377626
-0.9271343588480945,-2.846185815519011,-1.6458178208989276,-0.45112233233960086,-2.54487767506309,-2.0623516745809507,-1.5555222280048768,-2.0070306686737327,-0.05796715201088806,-0.14686802013679245,-0.9702031876052045,-1.1371175666523528,-1.3210666487751166,-3.2301459137064157,-3.277040815463902,-0.6157845601136694,-1.0115210002051116,-0.4190291823615543,-0.9198971864320087,-1.109973052336136,-1.4033163868926994,-2.1364006629274965,-3.886143123671041,-0.9520251574390328,-2.0880105390243466,-1.9431314880951325,-0.30468031874258206,-0.9167540930479732,-1.4869163094229456,-2.2752877105063276,-1.7026755833180203,-2.2656646409557757,-2.5022593540212057,-0.8389485736510975,-2.0463559519225147,-0.9645068823907239,-0.6440930377521962,-3.858405707974008,-1.8529237677773223,-3.017138299157892,-1.511312448749068,-3.1671319339272275,-1.2297726205540624,-0.6859650904878396,-2.2466072049315047,-2.794526944798157,-0.11958122314439956,-0.1466630253254172,-0.6236114624230469,-3.253184069071962,-1.560337095137915,-0.9109575662048108,-0.16116705614936316,-1.685862957097328,-2.873693229083886,-3.91025593978622,-0.8626596249284947,-0.10381465080249327,-1.8085295575253806,0.271725760187193,-2.348623270764303,-2.521575057454204,-1.6747533142997784,-2.439566318966534,-2.277531430561708,-1.2326544951572396,-1.2193922825598502,-1.8347761754750298,-2.1988888136230984,-2.422643921549048,-1.0532005566625884,-2.0258696423321174,-1.1215218258412982,-0.7911983632845566,-2.074676164834503,-2.065987663528076,-0.6471407218454115,-2.000614896722205,-0.7801663829960244,-0.13934520005864065,-2.2631986228193375
-1.0287483662276071,2.382789169780333,-0.974357073590564,1.7438381191365195,3.285545794164449,0.9570445500012659,0.3641433940515577,-0.17014115300049376,0.609859508518146,2.0618958802363188,1.139747421179433,-1.2893407038682734,-0.7805190815789914,-0.10128273290058598,2.625655933002559,1.2534125864754726,-1.0510441065899045,-0.19736467497747312,2.0913534300113037,1.389863630182175,0.1450696649471454,2.8686356174284264,1.2386571442064285,2.566681547012324,-1.011188400150097,2.7026196725150475,0.41421559800876534,-0.24560480437697904,-0.050493062659032584,1.8820006114176648,-1.0000268715486833,2.288543233649979,0.6617503740619055,-0.015040726598965493,0.3407888236041101,-0.3766414599388716,1.404832960297411,1.2255433236358395,1.6398323661316372,0.4001563875544285,-1.7915429292803307,2.9488081859424,-1.156439394753247,-1.1011070920162713,-0.10236478646791335,1.7802896662954761,0.126110035885994,0.9696423899073277,0.05821600344142225,1.7322083565861273,3.163551163255543,1.886848407760771,-1.8699597887760477,0.8741250730833681,1.517708571965802,1.2930864972861913,0.6104591612373979,-0.6727306097875574,0.6170791132886848,-0.10708932805669971,2.452849275289524,2.437161846806495,2.194680636931796,1.973502798118837,3.3942849597053053,-1.2465090497663565,1.7812248240496138,-0.6937263183040878,0.3776935204823424,-0.2709239856963407,-1.392245242097578,0.27390190793019353,1.4999928501973212,0.31236009630562567,1.2668266180867052,2.5493919871169393,-1.7312142030626563,-0.14643280619976673,1.0276240208049685,-0.33219345626980734,3.4580191082170804
0.25889927505678667,2.0942191922589837,0.5799103012910154,-1.9986192527146016,2.2135531330548184,1.7952688586688803,1.409147406977049,-0.43604413346379073,-0.5744338592763883,-0.6305128542057115,2.6225789962313715,1.8861175584729795,-0.8454201964784229,2.95566427372756,0.5429939442682091,0.2624546985260857,2.014942222179381,-1.1726843566607668,-1.1089846478205372,-1.5176016525799967,-0.6759547325723656,0.4183023982874894,0.8506252507506165,0.047930937025527184,2.4620509216597344,1.3823043094731635,-1.219945657940888,2.25710098349446,2.0591082820102353,2.1529144675644067,-1.6720015416140752,2.602099195616783,2.633430043707172,-1.2378781594429173,1.4208007929903541,2.6717267542427443,-1.7357413501176437,0.9442795710770607,0.27418808043284637,0.6511130775214365,-0.1160295074915697,1.7886608010631804,-0.578654955389811,0.36706088764111067,-1.1960042058028768,2.1446695469970507,1.5069001784915041,-0.22830424205146677,0.1210227380560846,1.3103530727844757,1.7483003590678945,-0.10248449933143233,-0.4743009184768902,1.144715261182758,2.23062037657687,1.5989640940455883,-0.8414978899841703,0.4668886018102526,-0.0440941368263959,0.24256314321620398,-1.060558077969524,1.5066507087916292,-1.7037460145471575,1.6728529278105104,-0.23123913345753488,0.3480043670598599,1.0597808706768004,3.9811910571407156,3.504187014204851,2.931270316533307,1.6014761429173074,1.7053883063935373,0.29517137213787714,-2.1303048500330535,-2.1249012508322442,1.834945737311147,0.18759312431880587,2.7001546380688266,-1.6276767203092715,-0.028270233193561062,-3.3728190558172635
0.6848847575540412,1.0621400242991288,1.3377131919726686,-1.2854977976084572,-0.4463305313409691,-0.5611673821881954,-0.1825154033492275,0.16893361171439059,-1.2680978825342113,-0.9799336618911624,-0.16192466861862465,1.3098589212451022,0.09373499123997697,0.7981481908985174,0.38323942774353326,-0.23058463929345022,0.029847808232639286,0.796955015061656,-0.6324841019382339,-0.06200404122518492,-1.9749236417178822,-0.9499153863720443,1.3193665270284747,-1.0444939135453328,0.07636102221249884,-0.38517474939503604,-0.9869705699769947,0.3136279618922325,0.22320592600077943,0.46026796346179405,0.6502283178976125,0.06996529070742451,0.7211997210629117,0.127412091513342,0.034766406164009694,0.47019513328023704,-1.0945639527348556,1.733982742583496,0.6995872616795912,0.5630110144390791,0.370439610229238,0.9213082843734048,0.5322946135587631,0.3536167211206237,1.3977417757569706,1.3777995304584048,-0.6392539111917107,-0.8970372514344535,-0.7774908354788475,1.544287564904359,-0.43795165638624395,-0.3827191315107916,-0.06857897868275978,0.6629063914163628,1.281201360950669,1.0951459632852023,0.6714604102379705,-0.8232702424056975,-0.6779794563285493,-0.8973582346408048,-0.6913137548996978,-0.3916183923980328,-0.1629518360412491,-0.28101676321641145,-0.338084118392277,1.6714894302499221,-0.6196278146228207,0.6649442409513456,0.31559333721333693,0.7951625508397933,0.4622185129608713,0.17754821008351632,0.4234579640416733,-0.7018769475198889,-0.05693488181425441,-0.21342657963542655,-0.09832565985832449,-0.026346478724724953,-0.5341949416684817,-0.45003989961425167,0.25536535972777863
-1.2563893195189315,-0.5117432186555729,-0.7482513522030083,-2.9331317595775284,-2.176980784528728,-2.4536896697599624,-0.4613326850919141,-0.5286600692737919,-1.2242900174297888,-1.2944432979387608,-2.126698049621795,-1.6339361528796652,-1.5500004994075354,-1.3545605447364788,-0.5188995177914092,-0.6632358747128451,-2.8469715989155775,-0.09321429544330395,-1.8075055920536232,-0.9410421692057651,-4.18538097856767,-1.9874287600963478,-1.8246108258453477,-2.0247376146807126,-3.5968615220237163,-1.0491710217343289,-1.6828531799556015,-1.6521499740867003,-0.8160311834682963,-0.741396570688758,-1.0056988289369955,-1.1368978964384404,-1.4271452614536266,-1.5223199712540216,-1.5740723958338343,-1.9578239534785389,-1.0690261891211303,-0.8396898715567096,-0.5948533396645788,-2.2171573739551733,-2.1003677323742216,-0.5338883689112579,-1.4687281094333247,-1.5142135746047831,-1.0741347542560813,-0.6692132200704968,-2.3697038007448956,-1.5894283228509776,-2.1996141174832107,0.1329244271901543,-2.1891662530702862,-0.5614953066257816,-2.132408727034576,-0.5602281207064401,0.27409168867553707,-0.7304036098186713,-0.18383330807796538,-1.9380218432254,-2.219421381943012,-1.0712467607215532,-3.0041946616123165,-1.9829143214801466,-0.8558457468516973,-2.2427513461429434,-1.1186314284182484,-1.0963682243651927,-1.8674992522630238,-2.893979240018184,-1.7927236320736024,-1.3643915806070912,-1.215553743150581,-1.3195607483209661,-0.6206129527983404,-2.1221182055991896,-1.3937502719763883,-1.486275659678334,-2.012032142736199,-2.290050594199951,-0.8409038053338327,-2.2170356814061174,-0.6450300853719744
1.5822847398248898,1.1513785956805263,2.842665509114603,0.04354907800535143,1.243911058214168,0.5971345919427697,-0.3478944182381193,1.6382035985979035,0.24536660720843495,0.2240271502281913,0.594899066265487,0.6962521496436259,1.3575622033794457,1.7840583839384223,1.540927914429799,-0.24957778616631077,0.05843373582096051,1.444499964706927,2.4139246389752107,0.9206098182913303,1.1011667062173607,0.12690608934633169,2.2584654583806443,0.30482233180450374,-0.10497873333949914,0.42258774411390543,-0.3823875515799994,0.8672915762876579,0.39970871255173906,0.009688457913262838,1.1303817556978217,0.38500561377859693,-0.026885681671509842,0.5722176012975531,0.08475777939172344,0.4599737364554595,0.21382354586120958,2.644688419149356,1.1692735743243114,0.9248284255085244,1.4910492073477126,1.352684583990196,1.5653200947181363,-0.041507374953975135,1.3116581455540155,1.4987151106208962,0.3492213804778522,0.6596324144281995,0.5848423642387187,2.213768852948995,0.4533781661639238,0.5650433445123697,0.5990989938427778,1.028345797483291,1.2906814402565632,1.983249605804938,1.8513467849300205,0.48159986521094267,-0.48419787402577186,0.21646107407643872,-0.30910495282958506,0.6458643203916988,1.8618574636584244,0.48400468557446175,1.621011969451489,2.364747965190045,0.5679854416072196,0.3956582931049548,0.2857751077597851,1.1176648827661386,1.4840484777449636,0.34646046846923817,1.0893880290570772,0.09844620558887236,1.8269817524247733,-0.15959080972324297,0.20462206229909896,1.1357696197004132,0.14532140993582626,1.0616589393891243,2.4519121694860853
0.4007187582433757,0.24466293607802342,1.1798913802546833,3.305778770872947,0.7740470361040148,1.2286412956755748,-0.08864744982040032,1.1660842372842253,2.0619064418789654,1.0014704661933866,0.5876752046928352,0.3507585126297623,1.5782414648845875,0.08662643756428734,1.393255635011108,0.4231485805471209,0.9459822098930548,0.6253910673946776,2.209270276572995,0.7406276168881739,3.2150069680151727,2.2405245210570954,1.7718231431572278,1.2985957403380906,1.0951954028524964,0.6517002591279875,1.7636377649822468,-0.46043495316812566,-0.35303522519529934,0.370049444510312,1.3385688221020349,-0.0813910187842143,0.3599354641640943,1.7439568896935156,0.669532447727854,0.0039121716143740715,2.5727258289651322,1.0473031196696212,0.595881235094042,1.2365605491776468,1.8414050243748157,0.6245534490191149,1.0851631558912385,0.6973158465851799,1.1032136541908097,-0.37286857190650596,0.5263516337506098,2.4234049603644205,1.791056568420567,0.27050521906804814,1.627942569362123,0.8659249117233689,1.6158255384442342,0.5598433201166257,0.029295394380576545,0.15823416144978997,0.4287617755603795,1.5441977900897996,1.3396770180070843,1.05104370860809,2.656517992030742,0.565322285338152,2.0615139723921185,1.0002391271794953,1.7318523993870274,-0.172497656871773,1.5446470507738488,0.13678254570420673,0.08386760474973498,-0.23708482660887092,0.12911237910480966,0.3990517017854354,0.5995621155911484,1.9868996372559016,2.7720576848289418,0.37842263129669607,1.0941578589479248,1.5036393205213745,1.7624185444750762,1.32873801108884,2.994556257393037
1.470533094917845,-1.7314187762688737,2.5404013245792867,1.3292885523667342,1.2988123177730075,1.0077152642768432,-0.8032914638142317,-1.8671457158970035,2.808860912939494,0.7976525070344174,2.088031070856327,2.118959173965779,0.4520261529978381,0.6261918520611504,0.13213946368008653,0.15072752431607764,0.011569240660642355,-0.5719484791379552,4.12841236715513,0.7362744727968757,3.581715404326362,0.031086926056537303,-3.4026372957875237,3.108105710339455,-0.17882607016845303,0.02105641046200063,0.42229849653701024,0.2757819763533942,-0.23353180775396398,0.20172544741003973,-1.8239325255813454,-0.49477644966058987,-2.069538543835433,-1.020471152867477,-1.5529761781119447,1.3206526157461322,-0.170425226985304,-2.27331173850654,0.37705246894009875,-2.5709323596463927,0.762161501143331,-0.13365416008040854,0.8870717457377276,0.7222711912451206,-1.2127412803144586,-1.0524818380607543,2.0868874057735227,3.018766673357932,3.4148184521119482,-1.0472605603594138,1.6889965255198003,1.1930708972058501,0.3628959942186655,-0.7866801465442264,-1.6571041676196807,-2.1872775480136144,1.1883925686960068,3.0207673854821806,-2.2912465014631853,2.0137877941097804,-1.251955564647474,-1.1978298089191388,3.2528839518327173,-1.6838148513881457,1.503277010771335,2.0814059576951154,3.2499681512364003,1.0985880661364398,-0.5237699966959072,0.4417213514244286,0.48635858166896007,-1.7493662830998333,0.01644859703562277,-1.0484397809799642,-0.07843824398316068,-0.01439184489748413,1.4607876705216547,1.945810221385223,1.0479516842462724,1.7731888050354407,3.6803415924723004
-1.1321256565937245,0.22459193063414196,-1.4759455039212346,3.8329092165100045,1.5239918747138763,0.0022243750580300987,0.5983611677917335,0.9366409454398198,1.4206906459644517,2.033893400766331,-0.1137358248996376,-1.5410673106826696,0.07984514780487945,-1.9712671208087045,1.53581417776253,0.6938634232361713,-1.2402436121735663,0.9718310199814737,1.002427802743389,2.170740977866967,2.2912894567889013,3.1380033174901594,1.5116435133829331,1.6470744943312368,-0.36611078019362164,1.0899052903121476,1.7794349177274897,-0.8614443583521578,-0.8593853086047516,0.5657283427947984,2.341728705522322,0.646897634681195,-0.05945446400972341,1.676697258198501,0.9221113877422362,-1.8207801817210474,2.5950141787739223,0.0488303705582106,0.0726136865978998,1.436782280782726,-0.4858310646920571,0.48063905816569535,-0.8045117210163205,-0.25425063004060194,1.4740699324211954,-0.7900303644389381,-0.5814376527940018,0.07576036703164746,0.2229233718352536,-0.267610270386777,0.9616689975447091,0.929717050251434,-0.16007943192468269,-0.5634470066287964,-0.30762394593420256,-0.2918106264822158,0.31646124486900956,0.0886149009679412,2.543349588799565,-0.013621710298591279,3.977428324656796,1.8712001889991863,1.224255044585529,1.2760586919720427,2.0281784533575964,-1.8889904916636413,1.3023685929184425,-1.6815226682612465,-1.292910403495789,-1.365924394743725,-1.6715914747194005,0.08807793264430365,0.671050500864852,3.5087148562076274,2.857463301347247,0.8422903444436673,-0.5674768879653842,-0.7871158638508028,2.1532897328006313,0.7070484840728587,3.005742768613903
0.49383160694914396,-1.592724549337406,0.804162293312122,-1.4065666419040392,-2.0175086005581417,-1.3051797497205087,-0.25589397011192927,0.6949325327991779,-0.9723780596673518,-0.8040618811874979,-1.6000686263200206,0.07001848917130347,0.1269725921008073,-0.07157359633914628,-0.47212736013691575,-0.31732956642954246,-0.5721190125836028,0.559928215418061,-1.1213514753310014,-0.17426429161894832,-1.3377451580860902,-1.3105586323716794,0.41095081507419584,-1.5325458672051635,-0.5689357431499305,-1.1028101033922166,-1.0884086093015628,-0.3081839341612512,-1.2760242947302014,-0.5134154368959564,0.6581419030648514,-0.7564621688198512,-0.47111916298616835,0.36727160905202455,-0.13026475485748074,-0.04772398828582375,-0.8727098878133244,0.3492745739503513,0.18285675445358784,0.04528238161438097,0.2687863846133574,-0.04820834574865551,0.20672483030241995,0.20053062773289915,0.5525121292430804,-0.07879001584526947,-1.405205314294947,-0.6396745277811545,-1.1814041548565886,0.2415638254596192,-1.7919827279003817,-1.353913946982228,0.38482118175704844,-0.8597487648284704,0.37721855898616735,0.3001090246187002,0.4184506799279321,-1.6187767205910306,-0.5731230223941298,-0.5392537469187478,-1.525317517671572,-1.7362597251510892,-0.7128295676003896,-1.208560050737501,-0.9698693207598625,0.435595576938885,-1.6580438573771572,-0.7964498374009442,-0.6642512945063964,-0.03826302724327649,0.05678085236365443,-0.263497728612648,-0.8057489579404324,0.0917172390407407,0.014272595914033986,-1.2027527532493847,-0.5575901818682054,-1.1569171002949674,-0.8040078319211555,-0.09503372207112626,-0.3734731982901286
-1.4457993950889434,0.6131383888304697,-1.0761908462306435,0.5031831376859948,0.2948043449823599,-1.3734879538000604,0.018718491057876485,1.3382698378088747,-1.0438062878201766,0.5611219195480589,-2.2644052877583096,-1.5177433605621566,-0.27445721974700843,-0.6784107348888346,2.2183435131767886,0.2319305563782208,-1.6047502017454196,1.318975600093568,-0.4866779393203027,0.8729503368319653,-2.3834083677881597,1.1384559913898114,3.001917752005113,-0.9172126219579346,-1.7760136390028818,0.1425039433663305,-0.6136255085365399,-1.3770121408212168,-0.9342863337186268,0.0708441427628119,2.2270573640994558,0.39008049984051263,-1.2405608105083885,1.1298949877003606,0.7853790194254828,-2.47741097898954,0.8537405621436469,2.7193698562131168,1.1617191071813577,1.466578191946859,-0.6744871252328355,1.626333231782923,-0.23494909262978095,-1.4050037592398674,2.774374399471604,1.521434988014934,-1.3858443585210378,-2.30633231742784,-2.084248133764712,1.6417521597089204,0.2418262951564112,-0.03427460307835534,-2.250039871307155,0.05162224640506807,1.1621474776537708,1.0803618941125153,2.2826272448159477,-2.2196808723951853,0.9621695179961809,-1.170266890443489,1.2741191880832567,1.0256063297478981,0.9745184818720243,1.1443518858708361,1.5258559002865477,-0.803309056214282,-0.8402005034958424,-3.0032171839899267,-1.898050957109183,-0.7288221751800104,-1.612431492976823,0.3310495958122084,0.9329812243246972,1.500199998111872,2.600021418995922,-0.24490642799478063,-2.2217913066429014,-2.4271666118894033,0.8320088992378019,-0.9467290830267985,2.1507985023901623
-1.0918081245532836,-2.009287763917744,-1.3409756259697088,-1.100700962878976,-1.659035373182793,-1.5373755879910507,-1.3554304596811382,-1.7236750955344324,0.025264928072850745,-0.7882920831291227,-1.8338022052815681,-1.2859681259592213,-1.7195294578476175,-2.751839134350707,-2.1632054274098853,-0.3193233229677148,-1.2887597344142827,-1.2741558235763477,-0.6807802223607161,-0.6271546129711909,-1.3306289847998185,-1.8190052742451872,-3.883501605390829,-0.47955798589421816,-2.869575036300225,-2.088689919635905,-1.0823363510920556,-0.8513190368889589,-0.8862421495708499,-1.4246805602507835,-2.3472204695489634,-1.7312051997446196,-1.4885606208913913,-1.1093287625508876,-2.00953362591169,-1.3133304947926965,-1.3295855085213555,-3.291043695090131,-0.8590132493168608,-2.8310460061955887,-2.084370968015592,-2.170381739462355,-1.8108000481473252,-0.5256865233020841,-2.0684954615115623,-2.23523268855828,-1.0132440871636872,-0.4722886317501444,-0.32702420273682786,-2.5262169104585372,-1.601555592172831,-0.5372641951812636,-1.5094654997157546,-0.8133250577561846,-1.7574690953049708,-2.6208844105488165,-1.2891894835480762,-0.08011165480222138,-1.6133142456070513,-0.3353818592832959,-2.130796031472796,-2.487939386402747,-0.8893587130440918,-2.496951304802226,-1.7514265758443646,-1.3950723241151186,-1.2213228245876464,-2.2701998178683427,-2.4183723811878077,-2.202932149014728,-1.4425961680254122,-1.8722773315644001,-1.3029141417678072,-1.6340704760618994,-2.3304654783153493,-1.57727563882315,-0.6806033177580947,-1.8297183427380648,-0.8284155982126383,-0.3998144205934505,-0.7766303932413356
-1.1581273089435031,-0.2503013848114205,-2.5935878640562806,0.7988594333945499,1.3364024375972132,0.023819883708259326,-0.13335410381637197,-1.854696832707317,0.6058989984530151,0.5496964654523153,0.8120913800609562,-0.8175629809246566,-2.244527858985015,-2.2053307309170314,-0.6254693895930197,0.3362892410208064,-0.7179284699905873,-1.6974437647853637,0.48251247538946496,-0.7734244381492215,-0.018705753943784043,0.9541451201193338,-2.3844932261465765,0.5905070371121888,-1.0195477910857198,1.332511902255777,-0.3339424763996246,-0.6527043604421914,-0.6164649752118814,0.7362665696470007,-1.4494856490529253,0.07489622968591286,-0.1972981452169937,-0.8736992013902163,-0.6373203744440576,-0.14100176093535152,0.4719076362621363,-1.9081486121679436,-0.15127653671571417,-0.9195152839005785,-1.9126318115861736,-0.3008326050228176,-1.2565392777953241,-0.27472576386083003,-2.1406825805502616,-1.319029710706447,-0.31337772609109615,0.46552360215102545,0.5399744801654659,-1.9705996153078857,1.5724343620122778,1.1678373345024966,-0.5270875399026624,-0.7393914647490594,-0.8872394986730268,-2.0510679604333166,-1.2992317204179586,0.7772938573185839,-0.26930501681722396,-0.2746600172364465,0.6434765810051724,0.4277461612889561,-0.43814126874136106,0.43671484838264907,0.5855266596915825,-1.6414695520698506,1.3385814692346372,-0.3457326373028678,-0.5657003959821165,-1.1286929223405897,-1.2169326275334267,-0.35104879106588316,0.6825836568360392,-0.01856268501177119,-0.9563597544600393,0.8026405682467259,-0.14037424009916083,-0.35351382214365934,0.3555184212363524,-0.17151005511204737,-0.1622601617834302
0.05994109088103472,2.1648778978986045,-0.41153862578758516,0.7204927685231629,2.8672562461253452,1.1037518647106337,0.9148286048158648,0.9545815912428962,0.8617114713183941,1.437848289838706,1.4465482555691775,0.23655433229122746,-0.553805296944571,1.4685560444411314,2.5838979054053133,1.007114361711702,0.3781567550803914,0.34584991902303114,1.317583932583326,1.2777163621586851,1.066045279695374,2.743403345341182,2.472080812293294,1.1921806117711287,0.1327662364116282,2.79606615456629,0.128044071159435,0.5157110701560504,0.9114486150501309,2.2030384134911207,-0.01720837591198382,2.231757847166807,1.2018420452490925,0.008723085606491906,0.6386654863577046,0.18468368113662348,0.7141457447760684,1.853888168920402,1.5142178460237108,1.1683984865015962,-0.7531599388134528,2.7942585621421947,-0.21141836069797174,-0.6567364602096724,0.8248407133744229,2.888580938184843,0.625606116408461,0.47040167370207253,-0.2349172288572431,2.3587574939488,2.546275816440149,1.235515636575026,-1.0781553037523566,1.1600898693577038,1.9004366944476985,1.87770432368788,0.7846574845810933,0.044557196086010525,1.1965883712159602,0.09174437066075417,2.683191439331737,3.168719295187608,2.0294750233868846,1.4615778076701886,2.9232810820812722,-0.6250825922692276,1.9188657831731706,0.5489786198570106,1.4601575299991643,1.0742292921317966,-0.16741210754299043,1.180483672097602,1.5914325830197764,0.22222706046823784,1.373352276667548,2.434870873011141,-0.9822245535010776,0.16107535060380118,0.6085641746944548,-0.2825389388773564,2.7886826302392334
0.6054168835972973,0.07430218275172942,0.8300017020267512,-1.4021506200117766,-0.052304654040874074,0.08642273290103063,-0.2976530243554038,-0.8249425223554379,0.06251594304280356,-0.08557939256012007,0.29647812620136926,0.7884519809569672,-0.7350385188797043,0.7783635586093549,0.27719948133531186,-0.23243597423838297,-0.40866940879853797,-0.7918171690852733,-0.15351582978976222,-0.39965198671951485,-1.5524544787077452,-1.0661159790754033,-0.7445665715105516,-0.5304422972842155,-1.0878699934180485,-0.1349677566042951,-0.6212855916849731,0.016700947917022563,0.6686894903860087,-0.15534001277394216,-1.5618235379655867,0.17379723738184477,0.18467257528192638,-1.1233925797355373,-1.0923502439936352,0.1520981702113729,-1.1244790318670301,-0.11073620984746435,0.3070536604276122,-2.109161878383894,-0.6738306575755649,-0.10571826028002312,-0.29093122835576246,-0.09604408573375944,-0.7143444351171504,0.0892825016399687,-0.17906180245139053,0.07715095528170016,-0.4045440374782714,0.39084211997689555,0.041966728817002155,-0.26511010273992003,-1.2059719235158837,0.4233306056611371,0.3114072601579756,-0.10145172705252486,0.07835932862937078,0.465307521180256,-1.515251715713909,-0.2743686934129982,-1.7390285391807838,-0.33228371541889057,0.11393213285742576,-0.9635728311000735,0.3157260332674794,0.2691050873679978,-0.3837388066061467,0.2707683911614417,0.25646162768792957,0.7018868411167347,-0.13200577299585964,-0.16598163022062468,-0.06287685141497062,-1.5925245835769295,-1.2932529679773108,0.11684247751691068,-0.22752271182868675,0.45691689395218693,-0.4277081769706751,-0.8339647021162675,-0.43047960908659305
1.8455059254426194,4.531039089485189,3.2394230612029546,-0.7513580656230383,2.781353622189633,2.074671986058211,1.0256932479935266,2.0778195256046983,0.2912430106053927,0.36700437321291945,1.8090080978126108,1.9721802066643042,0.8137310645225588,4.660861222303041,4.858774313664737,0.9162012546364997,0.8611822225390751,1.945811073309642,2.798889000938046,1.3961465304181722,-1.0866812290265142,1.2523708712454922,4.284089976122309,1.2847091969089277,0.81547859364498,2.6585840355530355,-0.46335590026290907,0.9835224454607181,1.2953770807741745,2.0178077520279687,1.3458963170871763,2.7628167546274365,1.6929926758455651,-0.05457003546426542,1.1007875876438182,1.0641662707609552,-0.6854756401028037,4.768101784206262,2.8241026223043737,0.5154863706670499,0.4536282251890319,4.412697763471291,1.337118807230601,-0.47550784734536045,2.3693910538467384,4.322534941241903,0.8910392563699115,0.0312889434113994,-0.009156722889046426,5.108188963159671,2.2428240594889544,0.8996994070158442,-0.6301728600352974,2.834053681608991,4.794597281869795,5.4055979853207425,4.060233384609144,-0.14668847890054607,0.45256209987526286,-0.5132469656095161,1.745656478714027,2.4131579965558125,3.0859407499868268,1.7559289468201498,3.346673831832326,2.5220545516697728,1.3186203381706896,1.8829840137793281,2.2846291138860915,3.8948547337451096,1.401253314513973,1.5401772436247507,2.03096432237345,-1.3148238690211178,2.465358938098068,2.804832572666017,-0.4729136362829798,0.7305353943993629,0.27236034462794506,-0.7746325220778628,3.618742651321984
-1.499528704197578,-0.7100152813151562,-1.2736992964156848,-1.2538922261587442,-1.5971978694823428,-2.160010270011893,0.6039163396188572,0.10110971433077215,-1.6734124096637497,-1.2724343112334917,-1.8111518320121658,-0.8899844045282805,-0.34205749506054184,-1.5788170973470288,-1.8384419429125827,-0.21717359450774118,-0.6120375009837027,1.1148887707547117,-3.4767496916049416,-0.8934719169030815,-2.502989610689786,-0.719990840331263,1.9639572419764502,-2.142611914604757,0.8348122724658059,-1.0364966885072118,-0.6023568995582947,-0.10171716175412246,-0.03147056438076958,-0.16880254096358105,0.6299048680077861,-0.07994667358350332,0.9139830361362545,1.1067167795212445,1.2718498773790863,-0.3652585727429669,-0.3196048536414809,0.4235716829512335,-0.987720650233354,2.2307000182627776,-0.02235268014696762,-0.8714450215580127,-0.4520196161950259,0.19173044760632846,0.6849237011388264,0.05015127756061691,-1.6619156037614038,-2.276564161871943,-1.8395177839980081,-0.22521352994753346,-1.504955717834985,-0.9689046561595125,0.3514758012923912,-0.006335464666301985,0.2098429631215101,0.8178867693955206,-1.2369550993014724,-1.8745798764388688,1.5770279971463277,-1.517090405484839,-0.2405853842290529,0.032886785396706794,-3.1847419680029776,1.0275374365699255,-2.4310445798979208,-0.9568863849572129,-2.0868829200201753,-0.5162437464733415,-0.5422471869375377,-0.7725553060998738,-0.9764796913610387,0.8390950564938714,-0.39292220273304757,0.3482810470604649,-1.1159367122315982,-1.056140740767935,-0.371119123956018,-0.8669211699479454,-0.5799653025471838,-0.6886121787789437,-4.646280492526931
-2.6825219678881727,-1.142046442071084,-3.6204543449161877,-2.0116524367746043,-0.8729871881414821,-1.044884432012457,-0.9384878854592047,-2.154740661417697,-1.364652648256834,-0.6561016538348269,-1.291641560992519,-2.0940750540900734,-3.3487064281167997,-2.9965945566906735,-3.0959105449975004,-0.5043331099976033,-0.8114432884160253,-2.650734828639329,-3.3797983677113552,-1.9722853796245747,-3.017964378859805,-1.6002023757259478,-4.591636562166545,-1.974280543933999,-1.9386519952657437,-1.016899905685826,-1.9106173693660353,-0.1296761317847533,-0.7580274098021574,-0.19557612824573578,-3.223005101697434,-0.24170803142081015,-1.180577823906893,-1.9583400236203368,-0.9266089556451851,-0.9546050564358532,-1.1921059997175367,-4.471042148754368,-2.5032877684638573,-2.034822892535985,-3.368980441559813,-2.3347548536565568,-3.3529275151502986,-0.7074102438663141,-3.6039813636054308,-1.787477610680025,-1.137283326743545,-0.8234673417720304,-1.21977555020505,-3.2149334643783685,-0.8380021595225742,-0.7772410645893431,-1.6702945617489517,-0.9909921365385707,-2.256197872545529,-2.5984407179898765,-3.1116977945986593,-0.9280719235943731,-1.8257590862297068,-0.6106959723411858,-2.767236781922194,-1.5118299788319616,-3.6339367243006695,-1.8140106945033632,-2.570639159775528,-2.934174801531144,-0.6048696406724249,-1.1515956299835919,-0.7275814410940844,-2.191849213015522,-1.5436810443500704,-1.0264837128742017,-1.5348038924620717,-2.0018206051944296,-3.9395016114555186,-0.6465693465017737,-0.7768464317806751,-1.3584829314066713,-1.3127152751245756,-1.553696075345532,-4.910614759218468
2.204278589002795,-2.7402497424344014,2.252579192812105,-1.545308599133589,-2.6000833850724283,-0.1587554458971966,-1.9541892091185762,-1.5765827380790578,-0.11405987639593723,-1.5363540381887397,-0.07948035714304974,1.8100325865703693,0.6497235932274956,0.6031377964765393,-2.7609198916353046,-0.9828544948409331,0.7054785475171007,-1.2860246358242073,0.2825207893148264,-1.110547209797021,0.9962787772667565,-4.008728290701376,-3.9524982164316707,-0.8304274940560228,0.34165243893422304,-3.6322950488377623,-1.389052314839652,-0.0397260933089255,-0.15091069135450585,-2.0368394255211375,-2.0365383867865643,-3.028169305943954,-1.8959033580832811,-1.1953512639082704,-3.331636770182891,1.1808719909588017,-2.279130031234552,-3.9177120664548006,-1.6270952126289817,-3.290919214868119,0.6471624225240653,-2.788507046973145,0.8494840696164102,1.0212033395841424,-2.7098333758095734,-2.373367910779096,1.1401975255370485,2.744132621653544,1.6098741066485291,-1.9119965847554432,-2.4709703095205118,-1.6386202853263914,0.8471252263815645,-1.4389099005059924,-2.392026218533368,-2.9664064506600143,-0.7370085527485637,2.009316742182315,-3.5518933648871034,1.1954560880199336,-5.096637020226325,-3.5036024708698053,0.14227537117763472,-3.7365244505047315,-2.6804117567115444,1.6831146829711792,-0.5552083174861201,0.7193808355394177,-0.7010437164899728,0.48452498080052214,1.3335505704645978,-2.109293099483178,-1.7667287793879372,-2.389251746048966,-2.9267043167308877,-2.7503360180478684,2.220707425195383,1.397577466884373,-1.857403080314324,0.7670325676272796,-1.6012787774128356
-2.013194823019065,1.3208378275635684,-3.0325464291615316,0.9834329482643044,0.21156323714374314,-0.3044052529049953,2.6571510029437033,1.8528156519558747,-2.6164706963355373,-0.7216874364488302,-1.410919573872178,-0.8866544311845533,0.27794885147076176,-0.8377295785929658,0.1739632035416021,0.044656076259712185,0.5922272603633589,1.4111013943023314,-3.5279815327471304,-0.681296983846357,-0.4656610862787113,1.9994628716064713,5.3610200907084415,-1.9871933251026968,2.697291801024265,1.0062901136845417,0.25372024422743916,0.8334493233384463,1.089089768881301,1.9032580001972235,3.441830705656508,1.753894399150366,3.663860650376355,3.7938552412108564,4.342788005182207,-0.01094927624775647,1.7064879518054468,3.192089789704903,-0.9751993862673063,5.605698871800306,0.2045042141864284,0.7719362613873434,-0.5620103331069364,0.10397817451371905,2.300770907623149,1.4412524461134457,-1.0293078632750905,-2.2734609798967464,-2.5798680826783946,0.6019206080878079,-0.10824551630145181,-0.770362251849742,1.8105571960665836,0.9273982361639697,1.5551166954205868,1.9945046807309268,-2.034118695176727,-2.5320797014427097,4.517631972890373,-2.1074519862921677,3.79923061745983,3.473628056926195,-3.870714580098693,4.2311470688407535,-1.0374548422463143,-2.6150523426850785,-1.1552646731717222,0.6881420782895997,1.3361078409956448,0.22985640227152526,-0.8665669315201006,2.9400266105602997,0.08372736576737948,3.4752408808356128,1.1142987011869045,1.4182803265161397,0.3591408765797703,-0.8590202407859415,0.5628436665992852,-0.4030081844001149,-4.700662741382352
0.4237416141454351,2.8156914717259474,0.17201906581191756,-1.1653032565824528,2.1498475309638905,1.3527332614350591,0.4691471158472019,-0.007021802038708003,-0.4072953981901215,0.1599956952715361,1.0944276185444306,0.6621996364697604,-0.7982367007201181,1.9495194948837389,1.7111535798066808,0.3707274399295219,0.3965249703681593,-0.21126895841083926,-0.22350204939353058,-0.35609033342067664,-1.828389476383868,0.4129888055437139,2.0194372220709864,-0.23456068680480213,0.16480871616056125,2.053439121953562,-1.1930816459614788,1.1202264291215842,1.42551337661603,1.7969659387745989,-0.9398903274457275,2.657052104342548,1.586158760333816,-1.3835416231905864,0.37094313949240987,1.2710575122064582,-0.5085070128991355,1.8374305315938344,0.7111089236659336,-0.013899043951065282,-0.8924094691465093,2.495235074697634,-0.5731660730621998,-0.7310289362226872,-0.21146220716825426,2.400100237620397,0.4505284603949906,-0.5807044238810792,-0.9897054200430313,2.7665744644706427,1.7137862132025667,0.21499680849455477,-1.1646736601911944,1.3495923348103114,2.359444742963571,2.352266624824332,0.28724111146681386,-0.7019901417653265,-0.9328588036801619,-0.46664384189033603,-0.8170071900879374,1.2086880416581391,-0.7406925524871987,0.9378745670314855,0.9304117436781996,0.6218639164932962,0.33169016929456085,0.8811955761739032,2.1570607916504083,2.0184494793760006,0.49441360026795284,2.1047688801418283,1.232209212699146,-1.5023129049585844,-1.3028765892582532,1.81341476765602,-0.6103372230501761,0.35331872165905004,-1.0912359035809092,-1.467662949973108,-0.9983886800274513
-0.710520721005615,0.13966785172315782,-1.1557567747244866,0.7097669925063917,0.09128845631755922,-1.1950660005419858,-0.37593370191104664,-0.60588216335529,0.21273013370239946,0.5146385736446268,-1.35731570973006,-1.4560263761744416,-1.293582562675823,-1.5093141136921389,1.2431151456048393,-0.19573788100940892,-1.8410073451156403,0.14894963794006524,0.8056221114653346,0.31429739383597893,-1.3473653275918775,-0.09798499307447672,-0.4685225512312124,-0.3699178228997852,-2.2931355725729823,-0.02454803514096099,0.21421247730915297,-1.4102724373972846,-0.5057470203579869,-0.0830964158902881,0.1742423281296891,0.06065845177897175,-0.6866763202161272,-0.3952009599898642,0.20783661807472975,-1.9576246901053718,0.9118611831708408,0.22944659428602418,0.5466127940591369,-0.5403601335046504,-1.7815710404406133,0.5168861913255876,-1.6533654806137374,-0.6280797228080277,0.5617475428850014,-0.4787752547139774,-1.1725118679010904,-1.1863343042323702,-0.5245809670588499,-0.007725389402346267,-0.1378927742052086,0.8740157028502205,-1.3039616891899775,-0.03272423060571142,0.5705539193868079,-0.29189595182158545,0.8078764858925853,-1.4896121253284857,-0.1649382278679026,-0.3451467564606791,0.6321469012221642,-0.3442659302625058,0.3844662578817045,-0.22988682847616243,0.7214815924087059,-0.6600571880824855,-0.7690366784114279,-2.6749318331447136,-1.7096161516023107,-1.3652079960207084,-1.3591979108404042,-0.5413111359364455,0.5377292417570797,0.3294978330365733,0.7680121146667314,0.0532250628970175,-0.9921314854821245,-1.2297193856786188,0.6002347159297399,-0.8780851385776737,1.7522916084045228
0.21804803459041786,-0.25984644729043044,0.5883175985986615,-0.7965509727317753,0.4432709364008398,0.4254225458546891,-0.2826338793335148,-0.5483268186457031,0.043530609356616685,-0.10215116976307809,0.9835117420962851,0.5942877035293347,-0.04319246495656723,1.042254298611813,-0.32811927434585797,0.38123233348663477,0.3520711156754006,-0.8112775369869755,-0.49662731562158346,-0.38151914652197105,-0.7908950264446155,-0.5407010396304424,-1.0915317993553826,0.6479665807983539,-0.0014730741934048663,0.44989802898978887,-0.14888088926443072,0.38963732059125944,0.601672322620516,0.5349757132152491,-1.3821031505339996,0.0964919777330944,0.30581338146466297,-1.0055344610460741,-0.6747431769479897,1.2814824536358491,-1.1110693826726727,-0.3472796512610248,0.017309629158989648,-0.659640366578667,-0.28448603179072834,0.005275558153185048,-0.4922361321725425,0.30464255635210097,-1.384755030762588,0.7354553662695059,0.607656525273433,0.10835450818550973,0.3977621516369315,0.12406696861151986,0.04125051365268209,-0.08453803695148834,0.32842943762614346,0.15272347072452946,0.15610129244866555,-0.41879986492704024,-0.29498861525602266,0.5740985524947406,-0.8167905745702175,0.11603552786175403,-1.4491345387100694,-0.06806479044907965,-0.508873876163446,-0.26029521919364174,-0.6588509391386145,-0.11376310632750503,0.1968573417453967,0.6382221237282303,0.4842814227986122,0.5298824090985143,0.537276667170814,0.1147260762172663,-0.09280347302790783,-0.8101870441154808,-0.7919394995393996,0.3839259922473803,0.12095719511158437,1.0686409805555728,-0.42545216840959477,-0.2927518155534838,-1.0683453817149207
-0.24178332218982243,0.9517047342734037,0.09886499687611264,1.5071000855212973,1.9983276589620196,0.6580215991389802,0.3054102296169944,0.13063203153152653,0.8952501546415755,1.2417908126251735,1.630275774758429,0.06055929524784373,0.6170104812664549,1.1222877573768035,1.4682770193790553,0.8278575462790863,0.4150510312466713,0.466593542980986,2.038409648662304,0.1616834358611977,1.4392513017382191,1.6234241981580309,0.8248468559394334,1.6118610647803693,0.46635314096729447,1.4737527562537514,1.0995279179669863,0.16663295707657347,0.04570257894300128,1.1836309311709299,0.18441772356765654,0.9079221646099336,0.4676833030799272,0.07833681021680614,0.08206403281090693,0.21866492705773602,0.6434666193308337,0.5877921294658629,0.5922860186550252,0.1686220131145294,0.027005984389241594,0.788999014675511,0.6083644602422309,-0.2867270703650638,0.23147531669427435,0.5031524377293459,0.9213850923180178,0.8717892824827261,0.7682245764642142,0.6534797344336343,1.9720394639802001,0.800307094117321,-0.10925694670361509,0.9786362701890343,0.5617065942075355,0.7033829999762333,0.4119458143191405,0.6851519957406651,0.9184559362631907,0.4047081638289532,1.824887945315662,1.3821744760951067,0.9457294407165542,0.6489850522047222,1.1152977157487256,0.10307853375315827,1.5086976939124297,0.798652855413427,0.36130538882138563,0.26733479698607415,0.15833885313232066,1.2186105209096434,0.8166623273603397,0.828021310012981,1.7208577357888024,0.924112511405073,0.6618629643346534,0.5335783486987308,0.8343558299713035,0.6271082695244016,2.0858250158111797
1.783103560977018,-0.24666869575220654,2.5401385018388227,1.74487321594106,-0.41445161819721965,0.03727591531679708,0.5801919456836743,1.1708292085327763,0.3619339599646338,-0.37281556847872843,1.7662459205573888,2.19775777573245,3.530623879543468,1.5012923970337568,-0.7734933240785278,-0.14190196606963423,2.4148266889758854,1.8513096421080262,0.8243745363876069,0.36320232545800785,2.809759025148178,0.3648041969780896,3.5331426668846997,0.16609175729478529,4.020016499586603,-0.6917585472129593,1.459773875045144,0.7136478115405446,0.3868770637192199,-0.8114526345455055,3.0549638907219854,-0.4888898014721879,2.021022897951165,2.761881206479239,0.8734636253873697,1.7362482351766693,1.3996695439983338,2.4605087183824916,0.3815576597317756,3.52235003221218,3.5330555162474986,0.19838251508892424,3.124896753458413,1.9270986100946637,2.4196177194718804,0.29959405766039876,1.2569201896835538,0.9068619566884526,1.1603537409939952,0.5067329977930524,0.039864482621671804,-0.2948941026975253,3.530279693533154,0.1613093354393654,0.48611267900427696,0.879570950754802,-0.24601692433638503,1.3278037444724469,2.740224339665409,1.184620286691176,1.3828978978969102,0.12751428607097237,0.7448323359769697,1.0155920165682977,-1.806440093443298,1.8890545318021101,0.04392292630701511,2.065063557451912,1.5317188946159976,1.774949382524916,1.4079011146624838,0.7642971290873424,-0.18213530663176858,2.480066275424893,2.143207066187349,-0.5369152379498118,3.0716862460880123,1.4319299337072364,0.5363299612794006,1.895927449695421,-1.032821128697115
-0.310796289974531,-2.1820140912302097,-0.977375734537332,1.8776461140034701,-1.2686713806978442,-0.2702858630199244,0.08084177905847695,-0.07198615697173755,0.2706387879612083,-0.15923896259594914,-0.722252134218866,-0.13148595405542868,0.7524489656174572,-0.973609086547951,-1.7134809571896905,0.306286936170004,0.22286903737580466,0.35403492672589126,0.4625589662555948,0.31048964602908724,1.7064229480650217,0.7148725710987816,0.06999505550805196,0.12819958587083063,0.8424328431285598,-1.451091336930669,1.3666170801464428,-0.5164623809398246,-0.7153998945816988,-1.3566342147329948,1.1457862521015039,-1.353448308263268,0.141150655719523,1.3017093337178562,0.12585749772337312,-0.5768964430605846,1.2999393547593923,-1.2870081824114743,-1.356131438190931,1.0521828012572976,0.7865798632436799,-1.8096388636726428,0.6470476424561304,-0.08106434505118365,0.31876903756241026,-2.1102229586738193,0.006847241203053654,0.6412992726887095,0.5284926073347898,-2.20269007675547,-0.8277927979453481,-0.2951199076929917,1.7919316664455243,-0.8204629161183419,-2.1631161756770525,-1.5488575980283616,-0.6600201087684239,0.41059533454517383,1.3151302257120705,0.6113621980267316,1.0443456676469256,-0.31399439354348124,-0.05447301455540851,0.18270118692242876,-0.7881952294516712,-0.7953874835597159,0.16480020273783108,-1.1647830425474204,-1.279995822068137,-1.5565389852915568,-0.6078195950481928,-0.6686398936235427,-0.7538755646721181,1.949723708761735,1.006010732396603,-1.4187246695895206,1.2651112298905935,-0.5902522441748413,1.0087506218983386,0.9048703235088795,0.14341046359678955
-2.672611288305169,0.26824750113332735,-3.6104240538625123,0.433762127682195,1.1679700366275343,0.00200360554644774,0.9842441726538804,-0.620184371103814,0.21919341585107655,0.6557207228001073,-0.22080755685449555,-1.9060859594356274,-2.3589351738988666,-2.408693500789684,-0.5103700405984629,0.47645721181571477,-0.40884195918093025,-1.5371154924024104,-2.3189305701927023,-0.6916439939942253,-0.46018631193867393,1.4233062388353925,-0.582877241332724,0.4481252918327959,0.09645750654247187,1.692473163146144,0.16968338669331598,0.045251514387850134,0.15548459427655825,1.4714849146921427,-0.7711836050353948,1.6378540453005714,1.1693792382127945,0.026816154633678643,0.7707757818081424,-1.0224610914634895,0.3334922281831639,-0.40555502152667733,-0.43845651893722265,1.1211465375992833,-2.2379068843450503,0.17984941337618346,-1.8269273873120537,-0.7633626540837171,-1.2945506169976264,-0.27143863839247784,-0.9574193343690416,-0.2467269125892554,-0.48861530253528995,-1.611356198555605,1.231365048794525,1.2213110792877604,-0.45648485131268973,-0.16704941491102626,0.09808943107734214,-0.8960647412661142,-2.312783637343801,-0.8814893208430091,1.1506500245108735,-0.32177207081627623,2.294620568094878,1.898300476700876,-2.236269929833075,1.9843313344802525,0.972000427227762,-3.688259846286207,0.4964257174595757,-0.4971765398462468,0.07892158816316253,-0.6430829147007574,-1.5504828594234745,0.7995752736584452,0.09033765200007099,1.452383325565271,-0.9949958071330676,1.7272706095867392,-1.2094723242141014,-0.4728607379378991,0.6146245819989161,-0.4838759997572853,-1.0319649546323229
-0.056418481940360754,-0.18905585287788482,0.21999508928414419,-0.4888086450589524,-1.0540517875800886,-0.5495350021712874,-0.4628816715308993,-0.3178884992847938,0.2171527992895682,-0.2800114922632574,-0.3181189493402289,-0.47379008665909295,-0.009207504302328723,0.5192255618933962,0.4043902740580606,0.7560300419249356,-0.21686832079620838,0.1849496360738436,-0.14189269441422675,-0.0036507085429166586,-0.9506818557822162,-1.0092284616813305,0.22732071099377038,-0.8176333219222426,-0.32846940839024613,-0.23226809224463757,-0.7347634457176381,-0.5042997200123206,-0.6330088364448399,-0.2590178165521716,0.27122455214800006,0.6213864884238793,-0.10973023510097951,-0.09320693487284579,-0.5045778223984352,-0.3951363328156379,-0.4906846246823475,-0.7003204710099145,-0.2948779683920544,-0.28563505691795993,0.2695601129690791,-0.13171804721683258,0.17428894961066713,0.10668912959202506,0.5539446800338126,0.13422356865283608,-0.16767986964560197,-0.17562182123714626,-0.6368482960414459,0.692772627314485,-0.9356472671147459,0.03342634120392218,-0.9417573661460978,0.29074030488885944,-0.2201709352314291,0.24345747999821338,0.3175759930846774,-0.20962705494730588,-0.5937595310196278,-1.1219122301249527,-0.3074553541905555,-0.3633838384112893,-0.7456931837298196,-0.5015543210236341,0.08972502133536586,0.0030370358659294328,-0.5928388505177733,-0.2658393771745572,0.5416376824086387,0.37188135041181647,0.6217111472762894,0.3985577728825123,0.2613399560793214,-0.650350085960679,0.041143028534535,-0.4746125073227978,-0.004859876600268376,-0.30724892776373536,-0.7374413525137642,-0.4978064339177666,0.4552574443295425
-0.037726570523750974,2.2017078164642054,-0.3246211768418304,-3.008206905496335,1.7549969129040952,0.6184614978013934,0.31775454169383965,-1.1819157593134901,-0.34862676261186076,0.5134585656706546,1.667517252161637,0.3272504077950863,-1.853448715774828,1.7676143251471135,1.4493236807510923,0.4044039562729348,-0.4232314318398457,-1.4387022020293987,-0.25086375995657206,-0.89860781703727,-2.6884108121765378,-1.5129772141560767,-1.5268768418759755,-0.09782896072010797,-2.3045691025422523,2.0666172777583873,-1.673731788275635,0.4276691247308062,1.1736515885563836,1.5219072531306237,-3.474458124941258,1.9757352593955244,0.3146994115277031,-3.0959690908969915,-1.1982593187068744,0.6684039320131382,-2.4155819088105464,-0.8501285999263939,0.6319101064932626,-2.6050579985628923,-2.0853652119340325,1.7154987209197092,-1.7149168671871398,-1.1710645430349174,-1.8993596283616065,1.5312119217068778,0.20473744741078737,-0.5415259915895055,-0.4806200094109556,1.8599147979847024,1.020141966051788,0.3991486463336242,-2.376901125362493,1.0309777684923547,1.8907070580251053,0.8710453124502466,0.06322479836112423,-0.7980203698741739,-3.272370089052269,0.22707039218607655,-2.8582327375148453,0.31884578182652007,0.0030516338630570683,-0.35473569488176915,0.530065438334919,0.3576348955430343,0.17040604615701718,1.360597708331454,1.4294384242537226,1.3995055428898269,-0.07188890745177218,0.12985215153025437,0.8634714785846195,-3.7953869322193206,-3.761339634291906,1.644233213882005,-1.0390458755262368,0.592318785381144,-1.5360941492528155,-1.7080415439609775,-1.087564646609352
0.43493411606241206,-0.22199221405877773,0.7433114874910692,-1.5186122680818221,-0.18776491149250643,-0.3559396336970997,-1.1428073615471548,-0.8637964309776973,0.6001770946305491,-0.11051735281251168,0.6425141599085833,0.9790920725354948,-0.7755162335303758,-0.010157090315455697,0.5268796471154369,-0.0013525555926784116,-0.46959968220222276,-1.0084159600359548,0.8162642022533829,0.07884572549918822,-0.7924859758606876,-1.4640267520945096,-2.498910629410304,0.5220891398720633,-2.0537859238811405,-0.39701408953226297,-1.5748327021081874,0.0634125125660563,-0.6311783848939343,-0.0013866182541043548,-1.9931926435474787,-0.23557131386510946,-1.0259960936742194,-1.9903295381309487,-1.4217471961288948,0.4521347947241216,-0.8156137249982367,-1.823651936784514,0.0548521910333693,-2.3319270361961006,-1.0960213827868313,0.3108663718703274,-0.7969901040967555,-0.40366798646170665,-1.7544196280207534,-0.29405660092181113,0.16811943045076314,0.16210982780464694,0.7372560861528503,0.17835474466612397,-0.025416508811061285,-0.44831628998559203,-1.2039495404152576,-0.08186454033096255,0.07172862200142838,-1.030982986374648,-0.08759120710198054,0.13308373324975942,-2.675152564695286,0.5193045512559264,-2.541449106126716,-1.6463215175377859,0.4602958974249724,-1.6215362423124413,0.19586645904741193,0.5651548615981448,0.24585082909896858,0.04981279789178833,0.14616671422711486,0.31073086093617974,0.18617942373352134,-0.9150455044255736,-0.2464467206492488,-2.3711183546315286,-1.4904881594885044,0.08861460732340976,-0.7463411927038431,-0.3236974469493892,-1.420625931034676,-0.29064384041472463,0.3690738671073759
-1.5478707372590241,0.8309918094299398,-2.177855353367463,2.2729425462993684,3.2450495687081804,2.1037762950164933,0.3267470472994044,-0.7311109928828635,1.9143025188209835,2.1462575015236642,2.488097454360391,-0.6731953075804864,-2.260226720452475,-0.6511414505182082,0.867412573622431,0.8487943963611353,0.5303564818557109,-1.1048753958926283,1.424558873548618,0.0891839804283911,1.8214430936989625,2.6866245343403965,-1.656542543332183,2.1480957992704828,0.5149157057226456,3.059245717787233,1.1343746825047214,0.346406395628162,1.2161584405060326,2.181455114816676,-2.0387020790061263,1.4618543215021922,0.7110036546450095,-0.8606421599108326,0.6597118836886802,0.5688133523994834,0.9330101766069943,-1.8095922636780646,-0.2013485835824786,-0.11987543278120621,-1.334576786439612,1.467845230743388,-1.2628063246875891,-1.0713097357320271,-1.813098978209054,-0.20538662587061568,1.613046297338235,1.9297981578020142,1.3564011509121134,-0.7151237987051017,3.135093199634724,2.5382415278320254,-0.6715436684617844,0.38158034864254176,0.3542206495939995,-0.41004238230313417,-1.0453985141156035,1.3740893786156452,0.27121375712505036,1.466709783468656,2.4763210050431663,2.6745670332856526,0.2730624382601879,2.087579255989653,1.6335443800905958,-1.899895944621625,2.672252119888442,0.8575443694160947,0.7342542515023148,0.005777777765412176,-0.25680863793678144,0.5901337934262363,0.57390972292729,0.47815975898767066,-0.7901509074178668,2.1424708542209485,-0.27373838132428713,1.3244504061982978,1.8521433253625037,0.6970215266641532,1.5031508994840408
1.5847801913193307,1.0294841305664577,1.6893185557955774,-0.6627903770529556,0.43728679938384496,1.7742102832982196,1.2408867175708036,0.7212800144963182,-0.7122898155913675,-0.17384218200631274,2.4480040938291654,2.0659466257655072,2.0692451206700873,2.9412376198370613,0.4799433765352542,0.22350071933056273,3.736156335056244,-0.043023534334705044,-0.26753984370438805,-0.5015629276642493,1.6272412687732452,0.08400234740803023,2.447328433028731,0.6204115444140299,4.227353711906588,0.9085489670285746,0.6753720310486602,2.1322731659522205,1.9263412126420423,1.283155344580531,0.3828727553523078,1.1772523921371614,2.5472467411464303,0.08682147731740641,2.045289352216002,2.9069818633618967,0.06671480337296232,1.650917130604506,-0.06501437046054953,1.9074405001011905,2.2093392907674683,0.914987737870358,1.5675679349891916,1.2930851155336263,0.5161399468799767,1.752258023650303,1.2985098390162764,0.9215347226293462,1.1435168714787962,0.847847351999266,0.7036620492791317,-0.26634986766739865,2.615069815886769,0.9562889500100294,1.1809825103322824,1.3301023609880698,-1.4492199727097528,0.9944684342660512,1.448155577330844,0.6091632790738477,0.2623211607656646,1.0872960299864562,-1.2086698777816067,1.316779368956501,-1.0937981406890867,1.3951533174992632,0.95306054863797,4.040948069162659,3.5610017528020386,3.3997102088223543,2.0678010591753844,1.4582020090506118,0.3564656933861139,0.08346324479724035,-1.3509404712384314,1.0843814741315476,1.6909141230325735,2.8412990615781077,-0.5717584085819586,1.4801265696847177,-2.834496887704226
1.0985341037547258,3.1277458280903394,2.1757842549884248,1.780983909220745,3.975327772697477,3.493911559224539,1.2652826368596646,1.588531034435227,1.7830158934808538,2.128970879400325,3.3998846777710585,2.6275962220841333,1.9726374902708608,3.43742737219985,3.181963674757058,1.3544796203546767,2.5623850003547357,0.8012859656442354,2.737200198701303,1.3913424720163652,3.254495981311626,3.7645878477638033,3.6832084579579907,2.822464622251776,2.3994942273993223,3.729967916682595,1.2752855629452604,2.0284536968446942,1.6078767459005678,2.0645434236342743,1.2018039218623797,3.3049686528926334,2.335132313854525,0.29083315679972493,1.5446763291936323,2.6742642362890816,0.8820111617420957,3.2190883177320564,2.2155775373664635,2.6208234540570516,1.9341902401523656,3.2820762211272547,2.1138089617157076,0.8364849676106508,1.77028387216537,2.2064224865997404,2.6876811318390796,1.4825791160088002,2.209165328453103,2.283889876744315,3.6565938119195733,1.636546303878174,0.9491670853231382,2.289809518553728,2.3429958325594944,3.0418748040422168,1.34535504558996,1.9679582755227019,1.9235060575419796,0.6282194077183497,3.5668416015440645,3.568859679706521,2.716250330231556,3.7224916064560603,2.8039838600311193,2.0177606917393085,3.57452679919473,3.086290137248098,3.3008464274302516,2.9872307890591223,1.963850786086363,1.4737213549605452,1.2916564588152808,1.3785428184587591,1.991853788090323,3.8503993974707704,1.13583232465396,2.9447039551570655,1.5199730578967232,1.7698471928883128,3.443847031274368
-1.0772260018966664,-0.8162200825061146,-1.4482144634545162,0.3530933717572303,-1.5676533719522618,-1.8353494791353422,0.12959156386236861,0.07217648595788184,-1.4448794777056704,-0.0035160140519685523,-2.150410514768534,-1.5834054343623487,-0.32537915121611266,-1.9268652869744478,-0.14833583229583258,-0.41140682537164375,-1.1841103371165609,0.5999261407101497,-1.7185817486127422,0.42773802918485354,-1.0504979052860817,-0.08979639625685043,0.9027616177851396,-1.04904581865469,-0.8423812787371607,-1.3902898611464591,-0.2148773910737923,-1.633791203853277,-1.319995235000276,-0.8832386860640062,1.386944568541979,-0.9753828925500145,-1.0708295085366326,0.8162759333470626,0.2635544459411481,-1.4697974088170895,0.32691279483894087,0.03958816651867256,-0.037990486108833266,0.5939521178623333,-0.6474523388179694,-0.8518752759245154,-0.49056780370371655,-0.2958234346049715,0.5166760489377662,-1.011888465301035,-1.6676095941308922,-1.3589359207978822,-2.1734925740051474,-0.5237949795119702,-2.038439308625778,-0.25528564985884494,-0.6420749326313661,-0.11535749898422859,-0.6786230015747816,-0.5519367416199515,-0.13768812722147786,-1.153612452696261,0.7373582920741848,-1.0261210570269466,0.568187281027548,-0.7532116147526142,-0.801765847048396,0.1449136531878194,-0.9454171660516424,-1.1072504413310293,-1.7155843481965853,-2.949908496589178,-2.1952645070129475,-1.8794841877003972,-1.5497968444044883,0.08956876471966463,-1.0672381524529424,1.085848180404473,1.5446961135799167,-0.9870343097441417,-1.192086360202008,-2.2789623434351953,0.5386352805558391,-1.0349421547344972,-0.389766468223196
1.785335286339605,1.4524246025794008,2.001846520375283,2.649267299408267,3.28323345519174,3.4894915542582945,0.8835288789138087,0.9296103306173171,1.686150588543816,0.9019679506733929,3.7108822838891493,2.7299820181026946,2.595293818523094,3.4486229368573107,1.468653063486219,1.2712392185272714,4.128466322690272,0.4021314476622489,2.287250843922643,0.42561987457292116,4.590094475511427,2.6304554821092596,2.362644798531854,2.371537751085731,4.448846085015532,1.7941726999975345,1.8970631005703553,1.580090952907939,1.2309908721992904,1.9794148873519117,0.9897134142187248,0.6515608756078168,2.4421835728884793,1.0286273462893878,1.1402233920915732,3.437372710927687,1.4529944791510874,1.967446947692735,0.6218519083858635,2.2031720334539684,2.7328292384213473,1.8825540087120662,2.443119474225798,1.8237905941126074,0.6833168028194896,1.0780513808127663,2.8774519678883785,3.0371896164512533,3.0238841340331946,1.0202323591988374,3.3046611920306215,1.3677733513944066,2.548591005274222,1.2392501165740972,1.1751516673306845,1.5037873875283974,0.7026647858418054,3.235918446667839,2.5283625500777713,1.651625369278425,3.0056851852375948,3.1032967158928297,2.2434912633946333,2.7608807545612835,1.762247035053624,1.9396839324142978,2.8275773690451933,4.157854799178445,2.9136381135932305,3.011680012661088,2.184389245399265,1.368216317188134,1.2682806486580098,1.4856064222719758,1.1969348518041882,1.831081122473712,2.450879150692991,3.3334751970260355,0.9505279806447511,2.4555144342343134,2.0683262035959826
-2.201526456911782,-1.0639519820398249,-3.3872864442805692,-0.41246491922800393,0.6949500656997273,0.11939024933629656,-0.6630016455928379,-1.9036169820354751,1.073161893471069,0.6470915555208514,-0.19289841051135204,-1.7257548033679992,-3.156805910806868,-2.3274099868615252,-1.3687883094497608,0.3151572976816862,-0.9444610226671785,-2.0489430961583226,-0.4595910841350663,-1.4582800381897947,-1.0590387668943355,-0.03176647124061306,-3.7363420693810547,0.3636317406017751,-2.2865801170979845,0.628557847270281,-0.5663589102529939,0.12623027128423775,-0.6080314483327951,-0.12265541280988035,-3.5311246914382908,0.4376325651676938,-0.9902330414398502,-1.7577737075911122,-1.057927250914763,-0.9260853979414708,-0.14307707226547456,-3.3704155394132025,-1.0037213322596992,-2.710132582807245,-2.5647350774430193,-0.8568489689353621,-2.5799085215033126,-0.8625006250960485,-2.972229452851829,-0.8680931474562519,-0.2790969818523255,-0.6236929429459269,0.059336479529219416,-1.7614711839400592,0.00411325906199389,0.9999397429456944,-1.7893907156184237,-0.3649904700107408,-1.4325079360345832,-2.2847810921113156,-1.2989643856157176,0.08024707051943808,-1.4133091540182805,0.13013427616264622,0.012043640581102966,-0.2778880021201747,-0.8377780542085118,-0.8553746250069927,0.07370333237094191,-2.5541900095754784,0.2884745775369405,-0.7549950965721597,-1.17315318585114,-1.6305652416961611,-0.8657910101876851,-0.8805027027746992,0.015972166263367005,-1.4804822168726566,-2.2960610061795372,0.10837720558649033,-0.2815708540310442,-0.5029531939553757,-0.3082678988026609,-0.6515016059111745,-0.3751529442362286
0.42813862669437064,0.44084637596817805,0.6233058987284505,0.558058730466553,0.4932234548900306,1.0085098961021366,-1.0699710918581675,-0.7172680535531119,1.941477267532293,1.1193758078455895,0.563522379798609,0.4459347042847375,-0.7168599597571528,-0.07433604278975296,0.9584846409727072,0.3691397483676122,-0.6521928087280079,-0.2902044677416603,3.103774507112121,1.0885427511980632,0.9876309232303401,0.9223342882923885,-1.5886112671273813,1.5277260251662315,-1.37686200279539,0.5612771957154005,0.058164791347793954,-0.3833373902109202,-0.2939131628526799,-0.13975572548017218,-1.12686601251488,0.28839451773164543,-0.9655831802524285,-0.777244242226208,-1.50280149644045,-0.6369748238121717,-0.033775953457439334,-1.0504538236153727,0.8441323905616142,-1.6034690157029283,0.09401128155262084,0.6073349942907168,0.3987448806809011,-0.4105794994378886,-0.17368022890802326,-0.6600413348726009,0.09482521272443689,1.1852274568058223,1.5245273755468898,-0.061788580208267906,0.7795111486258948,0.826957720714435,-0.8778825670575496,0.18012578638810767,-0.12830876822317216,-0.7592322836999351,1.23486847649194,1.2698465002002304,-1.8634550981758484,1.0252968876479167,0.17988056358091464,0.12888973341044657,2.9713408190501744,-1.1088577023414081,2.1541079262913865,0.7063328551442614,1.6130031074476199,-1.24954418049997,-1.0749424486280375,-0.6175106123275773,0.5480473975330299,-0.7073164701111709,0.21709393278641054,-0.5278999324921079,1.251738785527515,0.025887345077110435,0.08642403459252151,0.7259069886813201,0.4632237668092029,1.13454279046507,4.509265896179478
0.4874236884560203,-0.6390939600566903,-0.19457127550252679,-0.13903034732549788,-0.37293367659921023,-0.429880023465424,0.47744495001148346,0.6069383053747293,-0.9754921677272278,-1.0233135424231887,0.5532969217144774,0.37226204670356167,1.0464820376629669,0.6207252364883526,-0.7805650811567443,-0.6008543398001087,1.5707329032798634,-0.012384923918931867,-1.90037302760174,-0.6086066866852848,-0.18279436810228814,-0.4990430680341009,1.4597309548819002,-1.0941255510721077,2.1681815782941407,-0.45720123227729104,0.2882660535650332,0.4861083311754161,1.200869672115053,-0.5825384326048886,1.2266572282895751,-0.713776467541787,1.4709393583679509,0.5601436809261281,1.2823088191227758,1.5074349302098868,0.09714505932437202,0.4572875555737942,-1.4153648161222252,1.714546553829006,1.5458871442907183,-0.9812973114032233,1.1208764117450172,0.4556496579051457,-0.1261321606740512,0.04805998814269413,0.04034150247284008,-0.48638991713787244,-0.41786139037782744,-0.1724830262698407,-1.4314981328612024,-0.8324909785068271,1.4256760474524304,-0.4080942744993875,-0.2996984957245954,-0.021842995527316333,-2.0556260946922773,0.6002239254513584,1.2270364050923694,-0.1093923693283512,-0.10839183493012408,0.6319459092999696,-1.932155421554452,0.5089138780325432,-1.9546781687757777,-0.1729865933190523,-0.5240693729445531,1.5131099026946933,1.1492267669982998,0.6892634435745926,0.9370721675462141,0.6017886588849858,-0.6774426613130996,1.110150228559315,-0.4963726967861163,-0.49835726518039797,0.8269446513332465,0.023794134855998905,-0.49345179753248714,0.3106110621878997,-3.645766519203975
1.5638476695226866,-1.105771588419973,2.2674329041311783,-1.2766962936748554,-2.0844495314594402,-0.3096448633200607,0.5330607295584151,0.30001718473632216,-1.8430855961217791,-2.263154910654379,0.1309744604028302,2.658250626872685,1.719634491895839,2.3911240681773234,-1.3409175582684614,-0.6906416129715465,1.8152236951232439,0.20345936777749324,-1.3471759588375605,-0.6237665682639755,-0.9892726330807522,-2.8584370325929425,1.0973239469360283,-2.040910037082462,2.557765786381636,-1.7859987809374256,-0.7324234332574151,0.7929582466553929,0.9655579967393566,-1.2015155433580844,1.1599341218407024,-0.4727483964326121,0.6368198152381328,0.12338649062197538,0.6823957853907296,2.0589417770379397,-1.7718275273355388,0.903557060855649,-1.2545589829750572,1.1155926438915293,2.394781788938973,-1.026966001102253,1.6080296175426563,1.2057927398411565,1.230794306501799,0.6183075834418992,0.540671774965805,-0.11569894659924171,-0.16199235762052927,0.5904885158493232,-1.9023500757922651,-2.314207971766888,2.7240105440760067,0.5741347699405351,-0.25144294895973734,0.5721161780017973,-0.9783759340659677,-0.26863366476229145,-0.7326114100632964,0.12791587297981782,-2.6181031287890386,-1.8575264174705666,-2.2451426783990827,-0.9257850469270636,-2.9018459857482246,1.7562784699918739,-1.1321784713407779,2.7003226995358607,1.3113699967953194,2.0182176629774053,1.7780548610536597,0.33067063448887546,-1.02069520593869,-0.8157774363709062,-1.2084396576935879,-1.6664257353808116,2.283748462560605,1.1023506030832229,-1.6336798430764266,-0.10716042536072368,-4.174759346634946
0.3768482385184285,-0.3218720109403067,1.5148914938800684,-3.4736713393974856,-0.9884237851894484,0.6106893635558601,0.033606861033370045,-1.0955681563508917,-1.614805086710407,-2.107740572725333,0.01173818625697376,1.9907148616851613,-0.5016033585442963,1.8685773584238246,-1.955545692182693,-0.5730167374369076,1.4041170101508187,-2.22630783442003,-2.0569546635421943,-2.3748028339875855,-1.9333357268837235,-3.723136234834999,-2.6495143718626997,-1.8044861333756743,1.0064972143203441,-1.0856980455109662,-2.1726248453618613,1.209685059046755,1.1154758276431698,-0.0018256892131129354,-3.162814221311438,-0.9413630785991457,0.10907737556938119,-1.7947229274737222,-0.443067472567661,2.130300614281936,-2.969908157232546,-1.736399734969908,-1.5072228389916644,-1.9615098069440766,-0.11010445008767848,-0.8925708094923827,-0.3196585778499862,0.03755919801683244,-2.2347596728225056,0.2533965491254554,0.8270487585804901,-0.43462549028240055,0.21020830383437414,0.02829622896149838,-1.7460429442971872,-1.3487884554873277,0.4750838851422324,-0.02030693191582056,-0.10149995430062292,-0.5052070076875809,-2.1345065287755447,0.2745779876240879,-3.287086905307241,0.35267708364331607,-4.70045133046384,-2.857293337341517,-3.4322117651992943,-2.311045568641885,-3.093169561560854,0.7309786689565885,-0.5127315264922921,3.2022669544777838,2.2143312853008257,2.141073163906225,1.5331989381177686,0.2329387479344659,-0.9808657140882769,-4.067022391510151,-4.963374833969386,-1.2224484720075857,1.2683510081104008,1.2420359370996283,-3.003718002570892,-0.43274574133891125,-5.165758420179823
1.251337014635078,0.06538403841802615,2.4456081551716076,1.864270316981443,0.8256703110394369,1.063716215221966,0.4011275347013532,1.066977359267346,1.423224640070789,0.1471882714463381,1.2438664569601268,1.7194945750562622,2.9209239151118522,1.300165143793806,1.0567290403508336,-0.266209965744833,1.0495672350862626,1.5283615216907505,2.400254474459856,0.787295853436812,2.830757078443956,0.37561627762822825,1.2741454593554238,0.7288646935736554,2.3801083694497467,-0.7226526897819284,1.1527732628320206,-0.09864668889311334,-0.17756992602183555,0.16552052828158292,2.1968860767907876,-0.341699529944375,0.5444045141446309,0.3615269985380879,-0.08801810363874024,1.061912140973027,1.2320239650783917,0.8245424500186137,0.7903477994662915,0.8579063385198477,2.5651263282319627,0.2984557559688119,1.8460357210855487,0.48764088666311867,1.1180568164922908,-0.4872763958861737,1.029577442627832,1.2683099696185478,1.2894123288511026,0.2882783691933205,0.2929677827857494,0.07952108066480723,2.5039274603827852,-0.3424108682919258,-0.05437752434421777,0.2171836036435738,1.797966670399298,1.8074109759501935,0.9908494946757468,0.9001417549691428,1.3450695210692913,0.3620296781473455,1.945403364403481,0.31276892648856014,0.20122826701244856,2.341340767587049,1.0936640731651988,0.9541743695859609,-0.17792569405176178,0.9625360195479779,1.2186954871076954,-0.11293099358420855,0.3220960001699467,1.5535092442673122,2.0621863143080454,-0.7493419420799546,1.547547403295019,1.1792939134821134,1.005140846439728,1.5573023398099637,1.2536431323414694
0.05579802449011657,0.13914573625898125,0.510186966723181,-0.7903889472852981,1.0675983423134392,-0.10917286767767004,0.5581791845025281,-1.1902195123814374,0.17894191404969517,0.08551449819361148,0.053147689715609264,0.09955580881160547,-1.2571359804504492,0.06395710666395094,0.926662858366373,-0.04328680363180931,-0.13001335422385038,0.09079864950435057,0.18826969249153103,0.14828745862925632,-0.24356996968569372,0.1846993749311432,-0.8987612965068066,-0.06608778657114389,-0.39953780642694686,0.7511287194122827,-0.5000205333477652,0.368936359220171,-0.1124424021661162,0.19393277826457073,-1.190358637288904,0.4751853197181833,0.11410876874784193,-0.5470090819811273,-0.14689399814913184,0.32988531451821945,-0.7041244529643457,-0.06515375420074035,-0.12305240500570591,-1.267053398116627,-0.7574191384324587,0.4827196762268048,-0.7965875870636682,-0.7534663633039363,-1.4598876718186455,0.11704301704601772,-0.5762040638282209,0.27075155806207507,-0.05805935277456957,0.6742573523049098,1.02844065772307,0.39674954573660565,-0.9822383898854875,0.4685512607654007,-0.02055717537539037,0.7374045129734952,0.407947328490387,-0.12462018848665418,-0.8243081372636747,-0.1096186710803855,-1.1109892130468686,-0.0719824522860931,0.299069983612311,0.1625354274361276,0.21128627893370405,-0.11273846900699364,0.5601775843229847,0.3100201436158923,0.1457768434295704,0.20170015424263532,0.06816061974648441,-0.7215016099833597,-0.0015944712908079195,-1.0587865737958948,-0.2812295836360773,0.31320660176401444,-0.5208727590395923,-0.07538603144962919,-1.0141238189350952,-0.3179540386424024,1.5532420070701471
0.20535385499482428,1.5569813169234954,0.369534267101987,-1.480501522724632,1.0918854888083673,0.6559512974541479,0.02089886986666939,0.34055759670503005,-0.10657962985573333,0.26725277988143026,0.6899377971985546,0.4226239001245413,-1.0804502469057864,1.1751951901218762,1.84938992110929,1.1295681059877845,0.05095534047908054,-0.1596939202152065,-0.3085066428735218,-0.19036795104849719,-1.139457868479344,0.6817410933113315,0.16905445803680075,0.026630393521768526,-0.2950497389608239,1.40256201578264,-1.266042507835447,0.416889719127223,1.4414486364657375,1.207953710451362,-1.1664618136878668,0.607151900997927,0.6124232078462832,-1.638158921247368,-0.019415474386961985,0.4338370773301323,-1.1060993382567468,0.5868384736391289,0.6779430097134578,-0.1971199690727353,-0.23161340178663115,1.697390376847277,-0.19055629507459787,-0.033657638627774045,-0.8284317957040166,1.8305202780616456,-0.2843590291318615,-0.41920979723028606,-0.09697070857096152,1.989175115484787,1.4174005382969295,0.23209660409114985,-1.244837793553572,1.3139170353156777,1.513140944172992,1.4508747703036604,0.6879423409395209,0.11660023520795271,-0.7948903694745603,0.14774228807169637,-1.1610876507991996,0.3147128766067356,-0.008937081963908244,0.4790061245165578,0.9505100747911511,0.3256403140483204,-0.1553337458995402,1.714990250838031,0.8552066196891086,1.532599486756493,0.10638135631946766,0.7959597242029487,0.38479733042871633,-1.8969980485721933,-0.9496762745905765,1.1934998451635626,-0.554844533104745,0.42380144700844796,-0.8878388014404407,-0.9190389001335019,0.6427393860471311
0.20086800445339492,-0.6974326750048155,0.10039458314236523,1.909002309258406,0.8856049379534303,1.5229601768672227,-0.4950980515658242,-1.6662341992123846,2.285456941319224,0.8035576236178371,1.4479146868479502,0.6418582381022446,0.03863003952856159,-0.9242265987057365,-0.7890757545450462,0.15059647037962226,0.5835584890189164,-1.0145442577455235,2.7419602096677975,-0.17394197734859151,3.5861173200915073,1.3148457766920807,-1.6293408704344046,2.1976261884316397,0.7881417981644183,-0.024512537548339403,1.702622005621758,0.261877118842057,-0.41981052844322325,0.0674950962971184,0.005758996088902624,-0.336853528040858,-0.7703728597761994,0.2522966651854206,-0.6072559919280576,0.45463785429002057,0.9458237779184522,-1.518090381861672,0.21910581531451212,-1.0188568810980616,0.6266664198027105,-0.9690050014268288,0.13267384357956427,0.5755823738388923,-0.9138715296105105,-2.002590661808724,1.9884248995985403,2.462171223154958,2.5818286529149175,-1.893267388501893,0.7321102273419136,0.8741717270018222,1.69181228741666,-1.2694587410963847,-2.080062025844504,-1.9037852744738712,-0.2889871588629768,2.016575297801227,0.5132206565307759,1.6840348369031477,1.3899984496113202,0.11101464280823273,1.3960718861564596,-0.18726953576409094,0.8808709544545531,0.1881402491910296,2.27634052927064,0.13095618421963728,-0.30324814841909986,-0.8552493707044702,0.6103544692477649,-0.7694824277174871,-0.23886221705094146,1.3885035090774949,0.8525359735903402,0.6540225316142305,0.6956219537229384,1.2162680001253738,1.8230331559830628,2.325208370868275,1.6750151900586316
2.055168231022989,2.0650315151872043,2.453308528748959,1.218169172886865,1.394294218278069,1.4975623967912257,0.570577156650018,1.720239697296951,0.2668700710367057,0.0070204036456784635,1.4431194320481648,1.5893011871910334,2.4613647156084015,3.210125191123756,2.20963576871187,-0.10363862724333034,1.8571584374254024,2.229670903807124,1.6235400980225974,1.3116894083545898,1.8529810369903963,1.1528325931600347,4.02430957065647,0.4689436511717133,2.690495187469642,1.5500507939387043,1.5461481578911611,0.8543239844687307,1.6204467394851312,1.0960783500396531,2.74161377526971,1.5334550260428779,2.139828057433418,1.111226968987914,1.1299460251134734,1.5871866266900945,0.5434404617455904,4.030741123447377,1.907418128231659,2.343551745317789,2.0658744849032575,1.9307953272833227,2.169931114620341,0.7651284820212767,2.694041969748991,2.2386819596978604,0.5900133878295957,0.2877989417958496,0.8181836890254693,2.8079491605858347,1.3533295635173703,0.09935657254548058,1.2164472552619126,0.99871965887178,2.670266046535155,2.8862234548994694,1.6277768911873554,0.7239605250746138,1.8513560178613773,0.7513212919890301,2.142592885913476,1.5932426447765486,1.803529477681725,1.5353248695348936,0.891418256284117,1.8771598861743612,0.6668548336713616,1.56855933610598,1.507355125735214,2.7642735266012988,1.4082998461096474,1.0753260837929683,1.1135752171355977,0.7877551204703879,2.5765390378330295,0.902969030653581,0.7395391697252245,1.2077834644596912,0.46252656296969497,0.7837178371559795,2.668589250506789
-1.4440178058276496,-1.5945457974531982,-0.85779668349212,4.8025136232506895,-0.002140365777819314,-0.48115380884982784,-1.084111376436776,0.3748654815574011,2.1160411393131833,1.4359665026771917,-0.36749731719257117,-2.0359217246153705,0.6386348125320132,-2.5890184389385213,-0.29709555761747763,-0.12211511483618831,-0.9818137104328986,1.453280248894366,3.370634194097607,1.1460316037254719,4.162216120677391,1.9074292664411021,-0.12443519564693412,2.7024228218725526,-1.1121512545320504,-1.0416098604364221,3.0510474180563323,-2.062579448130867,-1.5321085211595613,-0.8460730124948859,2.3747705205462912,-1.6129884596290982,-2.068524587106231,2.0857129509925505,-0.5539386357281857,-2.4076506878125317,3.660631701351032,-0.8063552690132904,0.019194957174381466,0.29420777604887083,0.5097164159826849,-1.4605837410815834,0.5311328576747814,0.13819811761269699,1.0423313544564787,-2.6816113809762876,0.4531578292698081,1.2407558702282078,2.5002083051832846,-2.5510885766666287,0.06116431743626827,1.4383079389366784,0.8281136270481799,-1.668911700182022,-2.108006928112576,-2.6039282967226054,0.8851934326304292,0.9252855042779388,1.8448390729803503,0.6459262359201602,3.9533952814943687,0.6732915372447177,3.035100333520883,0.2661819217126251,1.5904735279443867,-0.3746682388644455,1.4124767280384112,-3.626832347090177,-3.4350602140979967,-2.596792460152165,-1.2803526996530195,-1.4079398534356509,-0.5458204017027383,3.965371203458427,4.464262678584373,-1.1758783814710385,0.24687456180816406,-0.7873878478523479,2.834690875721002,2.325116199446671,4.032379844019526
-0.41407628497349297,-1.6755524045689478,0.21239324376095958,-2.350798764376086,-2.915006720821734,-2.983530614972403,-1.7977548744677907,-0.7756201410513636,-1.4897266913123635,-0.4665596123414192,-3.9161768306642384,-1.811795698292343,-1.083476718159013,-2.144212875636203,-0.6393564115456032,-0.5914548013408496,-3.4594406502298938,-0.42758634947607466,-0.4138133432468974,0.270222094740187,-3.132542865597254,-2.0312150734718117,-2.359937137634928,-1.4860657093039396,-4.836502756303045,-2.3377281602242843,-1.9330440541019476,-2.3071145486965277,-2.6049753832701295,-1.6683895521640142,0.0091039165034279,-1.9885780054024047,-3.257743820092851,-0.0604990502502073,-1.7392474143432728,-3.120145900255639,-0.9818135668019086,-1.6759411828899693,0.13548276840095402,-2.8920596063129227,-2.275502333107406,-1.357381508039224,-1.520199021270134,-2.1109114513426546,-0.4457509569687053,-0.9195327569870227,-2.5117965245550096,-1.438509840301489,-1.6470482690293375,-0.17168130239566365,-2.8190186462379154,-0.11385404653435399,-2.758017068222731,-0.9078910472143851,-1.336642772923882,-1.4911516201756032,2.036968615547597,-2.0397951262259197,-3.259509598788556,-1.8101601568049785,-2.5909391029577984,-2.8484533412220907,1.3961478157070215,-3.022323161714644,-0.6010060572387088,-0.050204423320481806,-1.2586641498451547,-3.825857578512933,-3.8359139689975126,-2.1961652960167264,-2.1735547486545674,-2.5548101844504676,-0.06303252582625882,-1.7390778207584399,-0.032604889736982334,-2.448697290604078,-2.456162595149615,-3.0589596981790574,-0.8470647382314065,-2.4268228729041774,1.2610196817492185
-0.6067489552448728,0.7265632745025613,-1.9172916748934967,-1.5912738684877639,-1.0035293260881917,-1.4887852323076807,0.16037022784367716,0.2978000850052767,-1.9512945086622835,-0.35287242523608964,-2.0699054935614054,-1.1800428194312642,-0.48859599195138953,-0.11734741703993917,0.6181228944601654,0.0729579436053279,-1.4301026868316045,0.5037603460908716,-2.523704776363831,0.3499585172573665,-2.5089368657998103,-0.883466274190092,2.0372107415808265,-1.486939718703454,-1.4197340733671795,0.5314003154315725,-1.0447809714103222,-1.2972796473142414,-0.3386052290861321,0.654722095457041,0.6124437327210023,0.24400107425056278,1.0242197931533876,-0.2286875729422369,0.7295726245331215,-1.6276322890850305,-0.6560516084641588,1.4609814280963906,0.3369367014603858,0.5428956451758109,-0.8861822481661366,0.8168416104799527,-0.28678073388702224,-0.5854803261001635,0.6363445337153499,1.1504463995635417,-1.7548349551481999,-2.215091131915552,-2.127309299662287,1.670610882642245,-1.0591934861690326,-0.6418959449096474,-1.7767347733031666,0.8330566320323071,1.1091446147142214,1.171265625398696,0.2543133046825288,-2.4240664377562524,0.3183953413080446,-1.474087146350306,-0.07986794657321561,0.5878510484545452,-1.8937063492249413,0.5434968885566462,0.05764836155262071,-0.9563572123692418,-1.8329173876224079,-0.8990532801077527,-0.934894264537857,-0.3850148406661386,-1.1163824675639706,0.6843668588533365,0.024494279337449104,-0.7519335024325622,0.5910704725883336,0.27352593053371,-1.768548316032936,-1.1498453522403904,-1.4678975112706847,-1.8919341780042989,-0.42513279457855013
0.42649078355265907,-1.6493164034614751,0.369958689054408,-2.6104927584627076,-2.8170030811810842,-1.5720453690282206,-0.4860179160571574,-0.1835131828766675,-2.343060437844843,-1.637035130959286,-1.2406564376462275,0.8945762596577459,1.2964854695654395,0.7502001798241472,-2.4862873311073463,-0.8656566505309179,1.038662220546493,0.7579095777506195,-2.2419927245281905,-0.5716107439273397,-1.9386113201071005,-2.9425306611705606,0.10577999160439724,-3.041623645697436,1.1398057704283626,-2.43481880285476,-1.725769485987515,0.06313185713242482,-0.3169904656730108,-1.5056695533739042,0.4244218476723916,-2.246324962249216,-0.021171730405832125,0.7510659750253224,0.02440606416683179,0.18800827177829094,-1.4264559342169523,-0.413112107728374,-2.0736337613605396,0.15176690821119004,0.9417886953775687,-2.2946398189461936,0.8223125016342291,0.004449910235484578,0.28388694472054565,-0.8402545187126342,-0.5452042269064415,-1.084308040962258,-1.4543812001213956,-0.1151262934835161,-2.7334711246004706,-2.030798009480636,1.4383008660529164,0.6661617890663707,-0.8548186673142004,-0.7785932704019249,-1.3936741372731047,-0.6162162628326358,-1.00184148681351,-0.7303375523406214,-2.9852673445801154,-2.222759120376234,-3.261171113632662,-1.423337371807311,-3.6626364632935955,0.16950665544221377,-2.90493970381334,0.17011383576944084,-0.3475687169754995,0.03897915822431405,0.014867361595453321,-0.701840920426216,-1.4854200585260495,-0.6448425260209374,-1.4528976702353256,-2.5066657411351305,0.8102446451682046,-0.6128835149450726,-2.1369453193730994,-0.2383223642217175,-5.177956611737713
-0.19302674734394407,0.6842228907594783,-0.051399528254962884,0.13184219970593358,0.1487273366667965,-0.3710209217617955,0.3154098822805143,1.3134754862136195,-0.6698902343190574,0.29697217771438283,-0.7365801439712262,-0.2608490442700144,0.4845006107031976,0.3498085240384427,1.3910389067033764,0.3419794674030308,-0.2540760659800156,1.2372276090850418,0.28022785650996535,0.41164673607457325,-0.4710839637632943,0.9990966663233928,1.8923761509302222,-0.13045741013696277,-0.2750860148448997,0.33706490880009937,-0.14892284610086806,-0.32894182033911773,-0.12146496738070095,0.02017041148325599,1.2835616440834838,0.5860830149005777,0.13262891940468233,0.3011724659321183,0.515412883072619,-0.8383653537032634,0.08357393815670666,1.7170970745536354,1.1900484967260447,1.4785624266498643,0.483695029088909,0.736934036977492,0.5344654461298857,-0.4501847067947381,1.5344164887917844,0.5875898171429401,-0.8114240974107628,-0.8086594788683014,-1.016922906772917,1.238190393069093,0.29600205021932835,0.3431993555633831,-0.17979253197708486,0.5730640415310638,0.8156039617641702,1.4061576086473186,1.5139137675589547,-0.9999459009416292,0.750089113778768,-0.5123004597817461,1.3591488431950292,0.6764980539954147,0.5056735941572977,1.1316359797723097,1.0255761358694773,0.07278654392683755,-0.1689806896288774,-0.9714244550107728,-0.04423140272059456,0.11006189602871169,-0.5647144261154384,0.3452405737055385,0.6508329431068731,0.7151074790627064,2.137264085762734,0.1557302904706797,-0.6219531335719343,-1.2147226227241512,0.7602937392907907,-0.29650221362122786,1.318794759369153
0.4742091419130936,1.3867738106161314,0.9333108875706619,-0.3997886568194478,1.8752546701864703,1.1166330349084466,0.0798588813722701,-0.34159110475538945,0.10560902487889777,0.2938837286943747,0.8114841636300317,1.0388367069354978,0.4744268270557171,1.4293803110385435,1.5663689433734702,0.055704490529140505,0.5209004592208418,-0.5593683744474752,0.6442231108618081,-0.19385999361732795,-0.0841035871497578,0.3852796200099247,0.7926958004490404,0.3596573945734375,1.1993930358095064,1.0844109579470655,-0.5359767018982879,1.1746911482313354,0.9219179890776911,1.0697649790105883,-0.46010295063332,1.5773406716467484,1.1240513242644907,-0.2609382138537062,1.0947479094754309,1.3855874493661053,-0.7799156139458299,1.2816468695433172,0.3684797331054415,0.1831288338137258,0.006140567713249445,1.4735438437603336,0.5812330688136117,0.19282351285805366,0.13195505126633544,1.413935783380762,1.2414346478426914,0.16987855016580175,0.3634773362236848,1.2557691669126745,0.7543065279833662,0.1817051930282043,0.6416894732576874,0.5136378753798626,1.7611288529948417,1.0072101566219094,0.0712929171808853,0.8015755540075165,-0.05304459931252949,0.11407387361426521,-0.3907145869462891,0.6061616974628532,0.49583055196307035,0.26626950904898267,0.8002057984154715,0.8688977659222009,0.5392491168232147,1.6914075492693657,1.4704164437395846,1.7176177078698895,0.7374942049104733,0.7110528298398,0.4678511196249368,-0.833836915666055,-0.7775827308879912,0.8715853057731092,0.7051235144088346,1.5424680098699313,-0.5741360934474989,0.8845227816895341,0.039002837714398886
-1.6953973845750543,1.350887487355585,-1.6081497779879206,-3.6354096192169196,0.2951060724844764,-0.5296806541971142,0.11821332952035715,-0.7569025683879893,-1.1393330169838285,-0.25035495495511917,-0.8471341216164754,-1.1772386794439043,-3.386050941601161,-0.21807337198198506,0.34504377628002814,0.32299242604890743,-1.8417097608339112,-1.581287114624878,-1.444978800770708,-0.8723379334673934,-3.648329361522536,-1.0117755461841642,-2.681171966805062,-1.466531904269592,-3.1587946569425567,0.9815039329215886,-2.4625438219475404,-0.7799001387662856,1.0769629388886912,1.0604335344473341,-3.717419663325207,1.3650155603238605,-0.7303547518762876,-2.3785606088033187,-0.4727721173595284,-1.0204086767564007,-1.5178645900484011,-0.7233554151528585,0.6564558035037654,-2.171930329494589,-3.090619213735933,0.6506388121887927,-1.989098030190916,-1.5755649736859636,-2.2381503296781187,0.7791206271406104,-1.1449189180428625,-1.2662854283418468,-1.6070364807651316,0.5982923256475785,0.2519301424112969,-0.34983984989700434,-3.005561656289156,0.24460294225946894,0.8387265739563841,0.11012444770376485,-0.41665909357921527,-1.5663528157165187,-2.5134182421939983,-1.1105046869093929,-2.899328440856805,-0.17829051503104876,-1.2945612622874287,-0.6721515192352763,-0.116512323075665,-0.9223597293366109,-1.2549025415576063,-0.5112498042747783,-0.8019063907213161,-0.5697457127834932,-1.0112929657214007,0.38198442700716484,0.5729280165693346,-3.2195403709256665,-2.706711164994914,0.6863110558426988,-2.4879805050149013,-1.202265104261991,-1.5737660278279118,-2.503221461075143,-0.5152581624535726
-2.3623508942981135,-2.4182395124091713,-3.3324893273055296,-1.1215808600379689,-2.4246415231740954,-2.292993582839866,-0.4877915441007724,-1.4354843633731393,-2.6328780407046306,-2.0002556968314047,-1.8730075126741639,-2.0191894149042344,-1.4808332418501333,-3.5843368452709607,-4.608438871691221,-1.0693440486339914,-0.4466147010279406,-1.944338736909336,-4.511448880486122,-1.668132971125447,-1.5801729126250865,-1.858900856150698,-2.855117250770882,-2.0389529883825137,-1.1307527039988425,-3.0822321327312854,-0.5451719690578614,-0.3257882130567455,-1.038399546123472,-1.5104317164480685,-1.2116502770017277,-2.197932765137501,-0.9392462145180092,0.1677291293856703,-0.18796719295923348,-1.0471047909499216,-0.5034231321177202,-3.8101236837358696,-3.69962073976479,-0.30734622888822133,-0.9336398182652377,-3.5859984644744687,-1.907782127349647,-0.13025210371538895,-1.877937907365705,-3.494973491297011,-1.2426644031841383,-2.1404871680717976,-1.6402660254323032,-3.750731176336982,-3.436369713763818,-1.9533879107188488,0.7188726703274964,-1.4500436237507377,-2.8417165666346786,-3.1489390152971186,-4.5265403115616,-1.0157247430510206,0.9400802540306588,-1.193114559770842,-1.4838056886988031,-1.5049310372444584,-5.355697937035022,-1.2408384003681348,-3.9340769287295845,-2.866219684359172,-1.9152347421362177,-1.6496664909854744,-1.352764307021645,-2.2386215827158993,-0.7855353503099943,-0.6323155619134389,-2.5051421615343976,0.16223914763011932,-3.2381876814045105,-2.026095297414379,0.4933129276276997,-1.0604000234564759,-1.6039807434285973,-0.8529252831536888,-6.0405944465562005
2.735234374667273,2.8970782356822022,3.067906909155808,1.0198509303688157,2.8689934858006874,2.8281782402506663,1.770735900241717,0.9578457930446231,0.8347861702877695,1.1616576880525997,3.11708472937947,2.8023150072304572,1.9394732334039233,4.1538410650770805,2.685521947237088,0.39715565671215813,2.6748938679786787,0.776158319808102,2.499127752216661,0.6926493637369384,2.155764688199165,1.4841768171275151,3.158402566865138,1.585270560454628,3.072245240917204,1.7725670029787886,0.8924162156589511,2.068827360823142,1.8058299268673026,1.959085421006032,0.7812538319213403,1.4675668654490945,2.351190692042036,-0.012576216508652316,0.9396743126113725,2.635929467303863,0.6554415687882251,3.0258143665519803,1.9299701545218895,1.5172415726780892,1.5350892393391793,2.3463654984206843,1.4622371239152077,0.3526025891638096,1.422359345850432,2.7313952742384036,1.955304157135462,2.0500034885173624,1.945490437101886,2.984282060824734,2.183033771818927,0.4795275127659097,1.4860227854928565,1.170638707896786,2.3118633533369723,3.7666156609754866,1.6620187672295774,1.4475947942100627,0.5102541295257679,0.7329356752981504,1.068027723112498,2.2524583495567483,2.5681740475171275,1.7065303978577029,2.0736457134487076,2.986178078555485,2.5083876964408427,3.0560536775494156,3.3146395100292905,3.7930679846054436,2.438335203865059,1.727980281108034,0.9987168542815681,-0.128272982224235,1.3839354092696252,2.7824277871295555,1.3723358212417909,3.2752480953877274,-0.35009908207342477,2.010736689738478,2.3198321220836493
-1.0662238578238397,-1.2933296608892875,-1.94643455159702,-1.8948049338788355,-0.8484368434551808,-0.4298977614542664,-1.104403192184581,-2.0620550167391785,-0.3357152222246862,-0.41926247359583346,-2.1971662043580493,-1.984085218700078,-2.673738693809349,-2.6384319870556467,-1.1133427540977463,-0.46979902118940353,-1.7237060555547123,-1.5897308320307324,-1.4907089220801883,-1.1540486320499328,-1.9468621627323335,-1.6780735581726545,-4.505328206450494,-0.44315215445180567,-3.173511206301785,-0.7717506379172013,-1.2913565079928988,-0.6185487692849464,-0.7122491165559401,-0.5669828843251041,-2.721366573382677,-1.0332147007236265,-1.6316150818962623,-1.7208110319721022,-1.6865347195469544,-1.8545651806519525,-1.2424135575056572,-3.487718673712803,-0.9905319101096104,-3.300411922139351,-2.1389056894604415,-1.083929847626096,-2.3662553575891603,-1.4105953864181477,-2.9963402984229783,-1.7169905638491318,-0.9068171931315308,-0.4975360189088548,-1.049114058136924,-1.476558208898654,-1.2298816891227575,-0.8045265670975411,-2.6023289991283303,-0.6302268039259157,-1.0992602035354686,-2.442762483179649,-0.9801145343843035,-1.5325198201358883,-2.611104053574905,-0.26665124818309577,-2.453602514898392,-1.7476222446468632,-1.0876712078042594,-1.642325796626645,-0.7840551279725104,-2.2449654617660713,-0.8851328032168393,-1.3977989148310421,-1.8582832003277052,-2.4029015447918765,-0.9961749484967749,-0.8742431794583052,-0.8080016659888583,-2.61454282528683,-2.278329507441909,-0.5753576343541751,-1.6838994349567935,-1.681255793447109,-0.44424435877684537,-1.9823909000087219,-0.7968977555919614
0.9808262391177256,2.715595466024654,1.8825147443878971,-2.484757583860661,1.9752532180095792,1.2248058287348513,0.7507727291797388,0.0733727242490505,-0.067345562148027,0.015011641597168834,2.062489817504754,2.2999446069882072,0.27445426011682283,2.8852990337026863,2.071027705459817,0.1728847941030156,1.1488638964261542,-0.4861378957744358,0.1327923709909976,0.36299375127050726,-1.6676772207430144,0.7310620822104017,1.3499831063214525,0.1204176805422624,0.7600641721534589,2.0027817272101993,-1.5196207892543407,1.4866691043336302,1.6743528947915305,1.8134742073318213,-1.1331294317546348,1.7375464965192937,1.4246806436807793,-1.7647160161036646,0.3719118178327862,1.8972116954164022,-1.4764999434433188,2.0753438239806425,1.1703906745118435,-0.060919554771209465,-0.2664428414227346,2.8560872472652843,0.3010411855043913,-0.47745961387456093,-0.1634384818865125,2.9578108114764974,1.3587209613308682,0.36013587650312406,0.019887149473146015,3.212073994067614,1.7582123147439919,0.8145619171208467,-0.1283349947913326,1.8095774487968765,1.894365762866077,1.9822255254707812,0.8659620414027956,0.23753625801987083,-1.410877833021451,-0.1530355299365673,-0.7993277593739271,1.2351438923890123,0.6749690380998704,1.1200075164306953,1.365253962792576,1.3048378648741912,0.7635139866860516,2.8130199221564767,3.0926247874154464,3.4952123513517264,1.498867423255424,1.0506519553550213,1.274891719205024,-1.79938605552299,-0.9487183635090289,2.0431207746050055,-0.27625905052170824,1.8451060534209112,-0.9680394320097442,-1.0127369036298748,0.09396826189079832
1.9234803577365085,-0.08685539524108343,1.8753784298842555,-3.1715803715774236,-1.329788867154421,-0.023180631594472076,-1.1532863588520308,-0.7428581199057094,-1.0162893035471723,-1.0134547514442023,-0.30326226279562496,0.910413820519115,-0.1687565999777229,0.9717461631662481,-0.7042274446729059,-0.11433914416280044,0.5004949970763708,-1.288726324755885,-0.271578786320088,-0.9742834519698045,-1.6797771537280326,-2.8280324301290243,-1.8534049123649503,-0.910134288564582,-0.8180862834045225,-1.0252485979404546,-2.0435414298929677,0.7948239933919865,0.31129156127717744,-0.6983122780136478,-2.387175676156265,-0.6346093650520815,-1.0561576832185422,-1.5736748433925998,-1.7274905683757404,1.350270000840115,-2.1733837909244533,-1.869699661351384,-0.5908989147688269,-2.3107013437666675,-0.08383715158516669,-0.24144973420832358,-0.16060507973094978,-0.2865200297254056,-1.104672799513013,0.6175303871798956,0.2980607442457781,-0.14478446613544202,0.07193539399447173,0.10961338050354796,-1.0833710866196606,-0.8459743660435136,-0.9902792301617726,-0.08242460447073496,0.07961732877297628,-0.909468739856927,-0.03793910800098711,1.3030148020534071,-3.350371742032369,0.2386294902168921,-3.9744106156207,-2.064363183889912,-0.656081124443799,-1.8620731160122062,-1.6364748020011863,1.8616564029571512,-0.7136150886999107,1.3411223099236902,0.45448152670628933,1.1172591577312567,1.4244881767880913,-1.1650001664789664,-0.7209844899342677,-3.2941743421536467,-2.2310575574157987,-1.2114499116668236,0.43735645588694927,0.34389638386973376,-2.433634268860355,-0.9118596443637574,-1.2219204669864372
-0.0024524458197777606,-1.9552423365249598,0.12466323275253671,-0.9221991154978348,-1.959735592017377,-1.3734043901977808,-0.49581347996402014,-1.0942993476035514,-0.4139103791604466,-0.9880575053356241,-0.8862154010591301,-0.04651241207227877,-0.6737831327028625,-1.0537030972555472,-1.8312128235803615,-0.42732024179385275,-0.41587288905163605,-0.7221018871393973,-0.471908557523065,-0.7085072962622906,-0.8068129344202533,-1.985147612150404,-3.051779711412005,-1.1690164550615263,-0.5822171705011003,-1.7002053315973924,-0.7480948464014019,-0.9509967071854082,-1.0699861101732455,-2.161341601257844,-1.2867632604119053,-1.630553588141274,-1.9059722046865746,-1.0378664194825202,-1.2387643968332496,-0.319715507967238,-1.8217672361940727,-3.2550849086865856,-1.080791517465073,-2.477398874009645,-0.23898783441036206,-1.9953629815616594,-0.4428965265780318,0.3375861551106638,-1.6867397597098965,-1.773179898696453,0.20922816860168414,-0.33243285997529304,0.15541756379063415,-1.6069503068574318,-1.843181213713385,-0.970756515038719,-0.5059079288785234,-0.4569639516290358,-1.827676491782868,-2.028147768766897,-1.1457652465987263,0.4952390922204961,-2.0762598957660408,0.34006349296687166,-2.4043909205038108,-2.5244104498342512,-1.2082508464671533,-2.1170667787013,-1.7741580537316604,-0.4637943920070386,-0.5741239354289294,-0.7616985651354438,-0.8519694101090243,-1.5056943894298052,0.43560694715066817,-1.7468280944980996,-1.6073530231422661,-1.5071820443387656,-2.145541385934812,-2.3525162876414467,-0.026630415657001055,-0.5999327946901883,-1.1325190156585445,-0.060325142596872244,-2.763626768202847
0.4528908749826551,0.6387958597246088,0.08128105274339996,0.1413393345047319,0.4223180520749804,0.07310455578357247,1.0793800485763891,0.7984854808697219,-0.14350449690300954,-0.3059480652048905,-0.5031845476243283,-0.609731808019513,1.218489396290552,0.12364397677586969,0.6594965136063277,0.36238105333710074,0.12458908427725018,1.6690473502706897,-0.29137955318106185,0.10956572483958832,0.08644985619891013,0.2693711075581121,2.91447576395199,0.0011494522435530063,1.3597812448156867,0.24711462764190034,0.5066960760595796,0.26128229866658864,0.20403654796234486,0.2805075922595208,2.4528264496969405,-0.01423577842528101,1.0938005254437373,1.1924776620295687,1.7464408515884997,-0.19740627837336866,1.0640359165485695,2.421183075362017,0.5534497211072256,2.252960754951837,1.1227812097474166,0.6171224208987226,0.6623736329483427,-0.10012996422975157,1.6897131227855862,1.0147862128218441,-0.5019959285835178,-0.6156764776261372,-0.34297038210841035,0.801255193506229,-0.02397707184694569,-0.6734462179546794,0.9349895252393727,0.18627201561892467,0.5345117336443491,1.7515731144894224,0.20981621978967974,-0.7123564914053541,2.386443132576901,-0.07104213737516524,2.12284581990967,0.823894389534009,-0.1277702106328545,1.386973484377093,0.05911410953688814,0.33107274887841104,-0.23328767502754594,0.08483157677555471,0.4616833487725233,0.05208616669006352,-0.33389997220511247,0.9475532532002815,0.34070485712325654,1.43409605418364,1.5370184497283588,0.564546252475878,0.7794208490118889,-0.05225986613080619,0.6082798423709931,-0.3144514894430472,0.8955731707773252
1.2668058028124205,-0.15106501233987513,1.7442670014471346,-0.723747702748571,-2.142600810441155,-1.1340612663201712,0.25931076050642776,1.2528621384695209,-1.3176027679741014,-1.5686692127282436,-1.382956756765846,0.9477275298343674,1.4519432374934476,2.1445668078132387,-1.0587951212284659,-0.6595109638923097,0.5802881712490469,2.2080761782722425,-1.3142908057259515,0.21453984957171138,0.025343972301523854,-1.0682417381486928,2.940574428904176,-1.8026506589627953,1.5610037417555316,-2.0825709524891787,-0.32872725430883687,-0.23089813078249155,0.025198662113337378,-1.4084437462081032,2.4143115564774074,-0.8872062329685486,0.21074698507235634,2.0865987368157017,0.19645901589331233,0.3201444038276769,-0.1549946298460935,1.6870179485386538,0.5730230339461893,1.2243884905901439,2.1242238105325453,-0.710956943184926,1.5315360384733474,0.7753008028137273,2.612240441687957,0.4481300204769243,-0.31884312741530907,-1.3306935864196454,-1.251761338702442,0.6561187429842774,-2.041022705814164,-1.96382514554545,1.9187899021846249,0.06137466257456622,0.6891254940558433,0.8645116306288164,0.7528551050296401,-0.3984576001660525,0.6730179952440801,-0.13275697317285146,-0.7376236491122524,-1.2817214736538256,-0.6847519033014724,-0.46944524026341644,-1.5183433014383412,1.863946153972508,-2.6897170912652344,-0.30168999973119137,0.06316623376634585,1.1582443787036767,0.4124181950813567,-0.12306782215260235,-0.6237595771505914,0.9555272767939573,1.2127419341374108,-1.4317204103620904,0.46421794963625507,-0.216812512534113,-1.040056412875837,0.08906701886522772,-2.054164420742601
0.405208540767869,2.709518156835824,0.7629100833723107,1.6707865846335233,2.2748588268504544,2.102585975285841,1.7573499158578585,2.315710965270876,-0.14360267540500712,0.9922620568554457,1.7169870221829262,0.9742441118198882,2.274113284055313,2.219630421743246,1.8008766259092954,0.9344800970086838,2.1391398769482337,2.2882588743287227,-0.3086898066382207,0.34961774847634,1.5727313413410045,3.4951410505426304,5.765102891171709,0.630453993993433,4.407129156610279,2.731058039774473,1.6392723942324732,0.9706537882180621,1.837954025872419,1.786685468291898,3.2070635781075962,2.8154872126563846,3.477375476353142,2.4645044603409394,2.841926106266394,0.9471407873754424,2.1471913102327562,4.920132831820594,1.38052538186998,5.291533340223099,2.286256949755055,2.4589594890035418,1.7920568712978955,0.8807239636029913,3.851636178887164,3.236154001913903,0.9116711052271341,-0.33322165141463744,0.18705078537093034,3.0849451621249036,2.2987712151762647,0.6823156194382235,1.9710071112112852,1.8965809283255166,3.1658059469977298,4.220014823848336,0.566593359358243,0.2147467000844558,4.33869897639182,0.08474820424946043,4.2834884263531245,3.8029874226865075,0.12143029281410825,3.5547608178626975,1.7362743391759345,0.5632878130913828,1.7568463436960389,2.2768292070207634,2.2264317188001383,3.1189819610579783,1.0930108287792164,3.0945953256292738,0.8527261765985008,2.49578668612337,2.753468481237647,2.4281030180067047,1.5561583569106894,1.785235996180507,0.5210773731194537,1.1377758957505215,0.08766886128458051
0.992954408365411,-0.5996068938759587,1.434386376950289,0.7892897189033505,-1.4297816060841688,-0.37435491098032536,-0.42193858565895415,0.9909820369212927,0.03789906838683016,-0.417497670068666,-0.7675264021193609,-0.3876724693979953,1.1986882131076602,-0.15046089861728962,0.9332365086885512,-0.7943599516385456,-0.465470855294343,1.4931520674869743,1.5663956082063706,0.6255566131428527,0.3429785260410281,-0.335358993812045,1.084533727242316,0.32760057581884483,-0.3370251918471116,-1.148666025249057,0.2761837129309947,-0.970049317528896,-0.5812134788547467,-0.4403276984809422,0.8494464558068313,-1.260279236736919,-0.32772577842061423,1.2892503505288133,-0.5730076802355236,-0.5082272515061821,0.697959180194812,0.8960109895505607,0.5167090420758853,-0.012893629782454792,1.1181576986098078,0.19011513400516789,0.9588729319460747,0.3963387358104112,1.421440661070654,-0.5659606301948822,-0.5906528242091345,0.3129422672033196,-0.07319204764615521,0.8100279687683443,-0.7508295569779673,0.3847580369130693,0.563567413830204,-0.0498098952767973,-0.6515959822819047,0.2889650732303169,1.367386593709138,-0.33428305285932014,-0.16495747416620546,0.2694097156384753,-0.05252642471771683,-0.6142743292167924,1.8084593526935502,-0.29678354281823793,0.45783207196391557,1.143248031580083,-0.2552638832069286,-1.0584826056455672,-1.4225016397320918,0.016675377421276116,0.042005704902479464,-0.9162661177970381,0.3633046292075134,0.6090719369910318,1.7186651817410423,-0.6663902004673758,0.14993875786743313,-0.5749704949899889,0.2975896004775935,0.848303529781588,1.275304303320337
-0.8951548255166085,-2.5984251145292996,-2.539648107064388,-2.449159802620222,-2.815974891283161,-2.253312875571274,-2.2368634111687347,-3.152636409550978,-0.5240011755455445,-0.7366498686864047,-2.8631236606128434,-2.484500108481355,-3.6781909247787437,-3.702680080035981,-2.0630722388199136,-0.23630172332408012,-3.7044041340155123,-2.2035246119479233,-1.3732767704167503,-0.8252367949754721,-2.818434331561195,-2.31440395150285,-6.270317085973074,-0.5013130346306192,-5.493363952100047,-2.0105000750129274,-1.745078455304983,-1.8627356988461925,-1.4428904802232507,-1.477850008534212,-4.141349857581424,-2.105819266969302,-3.5428079085332147,-2.2650011800437424,-3.0156630431235234,-1.605194227214669,-1.901145304163957,-5.178087297710125,-1.5651220094310587,-5.067724365491448,-2.946370283649723,-2.2522262803402646,-3.0488524206391214,-1.591816404224149,-3.2927660374327345,-2.6756944261791733,-1.5461642548828152,-0.7466015730142784,-0.908892986234798,-2.7942420056181487,-2.0538675429509063,-0.5864305892463315,-3.7327892128500606,-1.1943344113112218,-2.0995053535430435,-3.888066944681981,-0.6107275380331469,-0.7424991119683453,-4.480556362056869,-0.29622429022732133,-4.014204342341864,-2.8391530118812986,-1.1005931204795114,-3.6032926803011383,-1.135080910039096,-2.4045729605889026,-1.3781491422825995,-4.305015617172138,-2.809515952651311,-3.1214030558766956,-1.959134655958685,-2.6443713812733938,-1.4017762103701608,-2.947623536084332,-3.435066961820347,-1.920225635286057,-2.12279349828533,-1.7213013852458106,-0.7813585834944413,-1.5754802163933264,-0.9873199289418273
-0.977750020784838,2.365240100644853,-1.179617264298422,0.23906733303444674,1.233154225494323,1.0204536960822315,2.2345772275063718,1.9235569736075293,-1.0351246808547259,0.6013802420073844,0.4530581325234547,-0.7322992895557253,-0.054384991921045456,1.1404018365434172,0.944998241870729,0.6286470268739015,0.4171542189925722,0.7623926237693419,-2.0772720960572064,-0.11403406678968644,-1.748799624863584,2.1197094924793327,3.487210280827355,-0.3982884285564018,0.8691913635911738,2.2387327255461726,0.5020479206394232,0.557368181803797,1.5718361725279957,1.9336301121532589,1.1042379214653992,1.8842301253824556,2.9875417430004823,0.9341638560872387,3.0204633569079657,0.2753212170713454,0.9874181907216244,3.0731339113303275,-0.09131093714685207,3.4102420694411215,-0.2177504134883313,1.797996847422953,-0.5829482986287156,-0.005468326412400221,1.731377377556852,2.447958097724379,-0.4902494421505845,-1.7990422331829725,-1.658752084635711,2.078245740539073,1.3617493924856465,0.6523656091568866,-0.2968530523771499,1.6017154269314162,1.8436819608362256,2.7050512805110314,-0.6207959213627008,-1.533958433084458,2.6172001030951186,-0.8092234029232901,2.567330297462656,2.55271911513794,-1.232043303953506,3.221568308093288,0.8011756404868922,-0.7830643688163507,0.044635374090920665,0.9013198374030971,1.3965981720703988,1.465227457722998,-0.48683609525704086,2.418815343906588,1.164399987701645,1.1509795300712802,0.9304416882691618,2.519471052282844,-0.23553666652097277,-0.0794305896102052,0.4203496526825128,-0.6212700410432616,-1.3504237421357832
0.07779642221514307,-0.4784075438471235,-0.4856829378886921,1.09936641690758,0.3420402021154116,-0.15516379431183902,0.10648066796437428,-0.29463508865361054,0.8789226683764915,0.35738311925895866,0.6527731490184645,-0.17651850823779958,0.3894966813180926,-0.031113168448971416,-0.46906974915445454,0.2069171090067391,0.6354604722971698,-0.15478893975585115,0.7303447209740447,-0.11896839565484463,1.314136527158212,0.1217080824203575,-0.8153417859253161,0.37333740973682866,0.6616546899550008,0.5775483864180657,0.6641214414595198,0.2965285497020678,0.0343402219887832,-0.2967527579213635,-0.0988674127486506,-0.3363274541244721,0.22906202073381504,0.05941910062981605,0.21308125682277848,0.4898453665435174,0.34228209119865827,-0.8654496787329887,0.13782928816022672,-0.5061381264347977,1.15424510415796,-0.4425415775204177,0.6554891758211497,0.443902456525772,-0.549072713670991,-0.7348108325552275,0.4675259036866104,1.2065321546387646,1.5504440148389191,-0.6063183665847305,0.6332011550514882,0.04155877601800123,0.3242022190432985,-0.055552560421900654,-0.30900657362923417,-0.6696409258665861,-0.4923085731616266,0.9630273274889581,0.10329874751331265,0.0752483592220583,1.2598406987595534,-0.15045902337897143,0.7416391804350442,0.2045450270525279,0.2284560311943924,0.3344014948825966,0.9504940796169201,0.4493860529791504,0.507578740689077,0.1778415640640849,0.2246894878147476,-0.41724979758445657,-0.19228572241940028,0.13696539464553892,-0.03536373387386714,-0.022566133322846002,1.0806886050220024,0.265318491047068,0.6906969352163609,1.3457753426048535,-0.17957949888157465
3.8503270406332235,-0.8862467868241485,4.315591408930005,1.268196198325682,-0.5485749297470841,1.4085444500103081,-0.7888795158391965,-0.11611309915876772,1.4431817066188646,-0.9315883536832323,2.1839778098511182,3.780258101231676,3.2156675063782587,3.0074700343618552,-0.2489252469032421,-0.4497645724534773,2.2535254997317202,0.8139883509845661,2.558005427797284,0.3192424749076581,3.531000745173418,-1.3234801175334765,0.06407655845907968,0.6786606993251991,2.8239405635937738,-2.5793681151340815,1.2224855399972898,0.2654908993423404,-0.25240883583441803,-1.3994270627747218,0.7464272686984889,-1.7268080841528957,-0.3177837376086712,0.3756598566614115,-0.6364560440971887,2.466675796349097,-0.5199172010917619,0.38054631742505357,0.058679174414549784,-1.0587405648385642,3.878541798112764,-0.9895922485530624,3.187831224120824,1.9177527579488278,0.9148154634415737,-0.28940953983841244,2.1691669075006503,2.6857086555787832,2.6882340191367824,0.43290915146774633,-0.7280952350278017,-0.7441256782923243,3.2722318100534613,-0.7619166387660503,-0.576369378297285,-0.21644749742065877,1.233040823297372,2.951348933478728,-0.9125037912789492,1.6629115087035173,-1.4278741254690117,-1.9682612415678984,2.365523324089283,-2.0114563725128094,-0.20540215136201995,3.975268747971678,1.343536134852236,2.3164373407912326,0.8397660906675055,2.0645776204437167,3.1585245233353687,-1.129486942113771,-0.2611425907383006,-0.3758295439529292,1.341926899291313,-1.8889520118808916,2.8794340068107114,1.800665363772447,-0.7718702615670252,2.5010117718873466,1.4893834604063179
1.0448643689154866,1.3001781762619458,1.4812598955681349,0.814905598445912,0.3813063296215134,0.3276288422253347,-0.4524967778857328,1.2465616329727882,0.27452213232497247,-0.23572875819472508,0.281807413549261,1.224770657064655,1.6957569035659903,1.0289700354902935,2.060188890663215,-0.17878782640145963,0.13699827129543152,1.3074856467527831,1.839256328470373,1.2390263055656012,0.5243074192394824,0.5287083453001105,3.1218747552863055,-9.147071793597084e-05,0.5207322373038386,0.20854426485197916,0.7783451070254115,-0.6072706761337735,-0.12382216956705275,0.526982585644916,2.065766185601738,0.2770858966559905,0.3230230903259981,1.5696340150696817,0.4423687127393332,0.49479846891723017,0.7294088658466207,2.870752046064755,1.894534907910984,0.9648616751996202,0.8258128734346653,0.9819848377241522,1.5871645935598417,-0.2702396054132725,1.941040883362608,1.0952672747492955,0.14410237947267396,0.596523642915763,0.19842484081471165,2.1155771374364223,0.3401935438791088,0.595320200082712,-0.017862998079011094,0.8419832052282767,1.1208743450766272,1.9206224259120321,1.5102485461012733,0.42416117139865056,1.184530778725587,0.2658381232975289,1.3177030737364201,0.9242767172263491,1.888676147557177,0.4456239150602428,1.2369856562388175,1.5073799637466945,0.16464704340341388,-0.13515303228247896,0.10901926488320172,1.1744428523949397,0.14038639458762353,0.6094450078801055,0.7790091372930287,0.9616414417705103,2.5399454918606925,0.017365092754522582,0.3804764799293223,0.5586416223553156,0.5682369066476883,0.23756229653068997,2.7094317531412075
-0.12422759372691271,-0.09921475346291328,-0.29632046217738184,-0.7040840655445813,0.02529912041174065,1.20588551073813,-0.297975237151663,-1.1849025831129714,0.46546116921158914,-0.2152984622101284,0.8997096088214576,1.0424521875343589,-0.7555870097972522,0.1621283043153339,-0.9821184184382039,-0.34681611068846996,0.8940666451299119,-1.6436219641091978,-0.3110802764363285,-0.822983927668778,-0.23212682532695827,-0.5902569808683497,-1.7864886954526258,0.5729697759834721,0.6459965061949868,0.45537028854292083,-0.9418422285478334,1.1457138097193231,0.593206961754269,0.14482367069214094,-2.3538427552167587,0.6313743993497811,0.3567548527233244,-1.0861344290315145,-0.39370897621734546,1.413032294552707,-0.9262608184391508,-1.6571195835036963,-0.4524059222129816,-1.3878431189403617,0.3132497077737505,-0.07374882687232888,-0.7469945096164388,-0.6561843042866272,-1.7489396702809563,0.5674066897236719,0.7439494210253619,0.7468199256595708,0.8230284325765247,-0.8769547432285143,0.9412825397671086,-0.07589260676978146,-0.35791237353086164,0.3533109760356311,-0.1934186590205783,-0.7425190322678737,-0.9976897625425537,0.4716330951100932,-1.099173798185391,0.2411267412331261,-1.2235928853480338,-0.25178915754825487,-0.522243224335965,0.21017088341512935,-0.3452269087990927,-0.23572465426071132,0.23287030618222904,1.217234136906193,0.7856462805231192,0.8584920285167907,0.7849012367779765,0.1361000147422713,-0.9864468930992061,-1.2436959888931896,-1.870677125622457,0.40952472626795133,0.9602748355960322,1.0581709555472139,-0.7452441730298888,-0.21182424403960376,-1.7414936220308348
0.26631237509042577,0.5328855483432485,0.017212733805675562,1.3260900578852912,0.7552040159188632,-0.06658954673839912,0.16708726049992073,0.06103402883464626,1.1506550777809135,0.867221387926123,-0.04055545261900395,-0.20159843314131853,0.4500065061758596,-0.5790116293586247,0.8079985772362075,0.07609076563027045,-0.7045507064002361,0.5983023524679426,1.9711230000429425,1.310689901474336,1.892965272998635,1.7890624484213011,0.41152808091843573,1.2485809189449844,-0.15878737969272705,0.31636327107326057,0.8112882461259732,-0.1324568313958288,-0.30595506958879787,0.2843108820134684,1.0631883362565304,0.1649494510440097,-0.28410878454387134,0.6865915435234743,-0.31744299743185467,-1.2317862350309468,1.6676569161566852,0.6493471884194458,0.8833940802642417,0.9048208661549928,0.09673074272723386,0.4501605412664048,0.46316973367644343,0.07285338229265281,0.6369250016090271,0.5546676926263536,0.14635439190765892,0.9802532103942033,0.40329900447801886,0.7313299130645039,0.5456751225513892,0.6176328784256824,0.19453470727038652,0.3471871146313548,-0.08542658447470546,0.1084881076239706,0.5375265410172902,-0.1585987419185967,0.8433640894951153,0.738349849336492,2.1568510629242885,0.7088230176837771,1.9807016003681979,0.7464456124520604,1.7859297378683885,0.16993873525305375,1.048401320403104,-1.3575090487444792,-0.8539949356214311,-0.6156253483362326,-0.14055545840886788,-0.07399672818277206,0.1750924716665297,1.0476381675504154,2.1183973102415448,0.7286258127311812,-0.4244446653289181,0.011470902862005243,1.2356852955952315,0.48197230061163215,2.6535801547606415
-3.0699572402502002,-1.0653543917687789,-4.805465415072571,-1.1499973619722927,-0.031637173443850974,-1.1760929687413955,-0.60621661748651,-2.79315445671969,0.41412144522687266,1.0775612840377797,-1.9322957074524993,-3.1362370798949715,-4.819702228196102,-4.581142915863854,-1.4231394301102613,0.38506608665970693,-3.2282976527434686,-3.1076522951963126,-1.6061950823554396,-2.174197222994243,-1.9969552214768587,-0.17279077084119882,-6.004748278994481,-0.23792122303372382,-4.139146600796069,0.6194818578618461,-1.634254551699632,-1.5035660510460436,-1.0708833282557748,0.4058110342322009,-4.5246170642983685,-0.12296507562933345,-2.0234778961071287,-2.908929419060753,-1.571434104132989,-1.8717036926332187,-0.9221032559091557,-4.9897468897503465,-1.3910854317118773,-4.025386712707246,-4.049673481357273,-1.4987762421809492,-3.6866022067032658,-1.650970145664136,-4.4852993240734,-1.7596651096715035,-1.1940298419036242,-0.6400917776330056,-0.9329188709265147,-2.356495215229891,0.6314188042089008,1.1000169876082733,-3.1838746840923116,-1.4021420753411835,-1.8457872111237892,-2.5029648044542077,-2.1542774348547273,-1.0993516126699303,-3.315266847645265,-0.7351987898532202,-1.5160443643732369,-1.3238998659774905,-0.9250663853122965,-1.6604813503743099,-0.22233406838798142,-3.5454152115056083,0.1571793362573109,-2.577030285689019,-2.129397773772872,-2.8848663848429426,-2.790055172322084,-1.035340184704759,-0.6668386156710275,-2.3183943732070915,-3.8704187262189125,0.1361672396350749,-2.065116076403955,-1.8146575993259635,-0.40025603262638404,-1.8114449735998688,-0.2661646468644193
-2.195685258144877,-0.19091784778508936,-2.8949733591770928,-1.3150477677992574,-0.030887087150877957,-2.2345929962620295,-0.7340810809203753,-1.1141634900926538,0.017996164365612438,0.6623931339171064,-3.2146142698167646,-3.248023154469085,-3.143278548262365,-3.091522602973436,1.423510884336282,0.4328503171403338,-4.651229465044496,-0.08430960815072835,0.11293692499517805,0.6469269666772486,-3.332848548952455,-0.14225659797628068,-1.8810969265400637,-0.398394846412922,-6.488879342001609,0.42916212600144255,-1.5527878817685141,-2.3974770071024905,-2.1669582779048877,-0.6303912525154217,-1.2052200748625133,-0.29569046646287733,-2.7693044777656057,-1.4544162025297187,-1.593152052073789,-3.315704216960372,-0.21873064947824888,-0.6143973898200707,1.4224182031257602,-2.428613033297853,-3.9002210076778794,0.13530794732753942,-2.46588424785532,-2.4627565922899386,-0.9893831480347115,-0.0604701341828236,-2.717016234885934,-1.7129577685474315,-2.356496452763133,0.13723378027475225,-0.8973204036517206,0.9030856845488849,-4.834581387272192,-0.5492480889053257,-0.48648865856760903,-0.6004572656284839,1.199361351782688,-3.3157211453530397,-2.0071902652936213,-1.615005787957954,-0.6039344097629216,-0.6022636346221997,1.5323161168011072,-1.3534716864005014,1.4938863774211706,-1.7147704913750836,-1.3975623050746118,-5.353272266595695,-3.705195826481976,-2.74117287143733,-3.2923878057798532,-1.798916363295902,0.7459314568513608,-1.0772078221602939,0.577387669058143,0.23726066604753504,-4.110596938144767,-3.712385256580293,0.14800562799514633,-2.6722889960364618,4.524937374227581
2.5265837631173382,2.270854669235702,3.562357488948084,-1.2635037980053125,-0.28605302764324353,0.40852931336439413,-0.3703314144565305,0.8477523998836926,-0.6041075141999201,-0.3567815595924497,0.4526726010423107,2.6942166223397783,1.8348440489508764,2.9279833133996034,2.753274842528083,-0.443432471797305,0.8522975169646708,1.521165672551863,1.6917200257736764,1.2260897872147247,-0.7120200486617672,-0.9057140474987648,3.2701506718563977,-0.7420102758341623,0.5834575144849466,0.12064664857743412,-0.7149859584840671,0.9165725797822829,0.221736751671903,0.17082277929881384,1.5125111978957013,0.6572562052905578,0.2711214488956103,0.5068590606456865,0.3066967380091904,1.071024207248801,-0.6216731658458694,3.7179283459507864,2.076223707068298,0.17080169421781055,2.0088870363446083,1.5527618622584611,2.4272664922877425,-0.04953385048680721,2.291515154892205,2.783886433493064,0.39512051090827094,-0.37578932860834724,-0.11229228314528975,3.218032229474498,-0.0615649290449137,0.03344434026713472,0.22010501363847854,1.4314905435421852,2.440668800408603,3.0708926363946523,2.7305743010932986,0.11186300972993338,-0.9558858627626847,0.4469784747335092,-1.0549898460750537,-0.27652859918439043,2.6372859700629228,0.09234941790096779,1.1939500309695326,3.0858312824539453,-0.26530045031304184,0.8136712357893909,1.0444710919123663,2.5308734429427187,1.2817456923446375,0.33500282386068536,0.6186905770661899,-1.6152786494526254,2.17926329173853,-0.16380430349317607,0.16591802249030663,0.39813386034903675,-1.7359220331436336,-0.8206263249360644,1.9742460554981291
0.6595048949813205,-0.8592587865341487,1.3526415170594512,-1.8084599782501216,-1.5759653132585651,-0.3424205437008776,0.13034912824967881,-0.3370719919730225,-1.9340103145855991,-1.1873478635216217,-0.8909036648071393,1.2404170644154955,0.49969578807279796,0.2751017239730946,-1.9488106613649825,-0.8309970742351317,1.475581284007204,-0.016887329159717468,-1.4521426873860581,-1.1462666784255253,-1.2728969256110065,-2.179761662849208,-0.2628105642154484,-1.6106822504345637,1.2530381639556722,-1.3131959269828766,-0.8702389283423105,0.6976682525923161,-0.07322943602020282,-0.8945022121404171,-0.8728257361868387,-0.5916423363173426,-0.04438620499229845,-0.19019180704398553,-0.049054229709813,0.6741419583503268,-0.9157555407642679,-0.030800750018180945,-1.1649431517761824,0.10170636709368591,0.4038763417046558,-1.1718541723293765,0.5533356937564697,0.9577679798647203,-0.2502274501832227,-0.45905592633422954,-0.1956155230732001,-0.6073888155880287,-0.6700564893613935,-0.10562790171700553,-1.750028720352032,-1.5191965554851554,1.0085276892574266,-0.8167002976327616,-0.3417941232165951,-0.03672214664441209,-0.6657800174283377,0.2712414933068365,-0.4778454577908162,-0.154236606416541,-1.856757914610308,-1.4732366592382353,-2.0908735764159183,-0.5994256679885308,-2.316779300143403,0.0072610325432719836,-0.9062922257456768,1.3077633153532875,1.0233265128920954,0.6071886661972169,0.9277431635427145,0.11378826363312236,-0.8388984806677092,-1.0392543119460436,-1.789627837014939,-0.8783730037234299,0.6346283222586847,0.391818893081022,-1.1274058075586253,-0.38891160786850126,-3.9082276071051414
2.3606679952158265,-0.844700086049442,3.5150355514258362,1.6510036598312618,0.6952819688388105,1.3763079799074245,0.1392773649017845,0.24114769018782234,1.9277490875565744,-0.6614285230837863,1.5032658622839414,1.9423346753324944,3.3936126962354294,1.6481063509148095,0.46041465131499726,-0.3545670334398573,2.0554885964998113,1.6276048873113118,2.9114357950512257,1.071436243859828,3.3211256108332807,0.6464878022565703,1.2335392190015986,0.8396370262875088,3.0619350755153745,-0.7005102446300169,2.083594968222282,0.5713194419922597,0.015959765147092755,-0.628157798405369,1.760893614222655,-0.7006068617434368,0.2728111602881198,1.1171284876390364,0.09198293704050942,1.5123672757037123,1.2710971939173317,0.8443192984329198,0.7007251385918294,0.5385040929777811,3.1723293377916644,-0.2069817720362641,2.119209774847257,1.320962435835404,1.4917354067158892,-0.7555359586504666,2.4088021518753266,2.102039424369604,2.6312817948195373,-0.041146640267750466,1.0302196089227285,0.4398779343021861,2.6293996856974635,-0.18212800599980525,-0.7172996288915829,0.17639627697431903,0.9785601271052289,2.395132855061727,1.3825245935262005,1.4451165794784673,1.4635373735217576,-0.15827787167669444,2.1707934180718365,-0.36918377361792776,0.015123854609168763,2.455426129696703,1.2978157481081372,1.4555056184861372,0.4969241967288614,1.408738881898398,1.575967000709453,-0.0717005939010642,-0.2735238191743407,1.1971428902566648,2.422726245042624,-0.5734740658942216,2.288610911510202,1.6818933099248117,0.9503815311566849,2.2857176643795833,1.929174388976286
0.10616396618103652,0.48804840459362764,0.4893201531754068,-0.7877904336571078,1.465409448201745,1.2704818959572097,0.3914202871618431,-0.3759257664883926,-0.20236958234030797,-0.06827411680628342,1.9832827170873406,1.932544319191904,-0.08459667753695,1.7969232074594665,-0.17504565413538992,0.04882171213342609,2.0195153427989965,-0.9636757665655307,-0.506790607448833,-1.143733405386882,0.1509760268764166,-0.4539412427906978,0.4461749110156584,0.20633339938193224,2.452956464248176,0.9978117541634005,-0.2627282942606993,2.188820759760716,1.32461395137525,0.8208895555477187,-1.2522330962302621,1.3533480359561296,2.0341792141025357,-0.6653356894758987,0.9851520431329678,2.3024278835250955,-0.4665035936664754,0.02390177005611993,-0.7885506771324096,0.7410678031504954,0.7349903864174733,0.20616157670479063,0.05473054944246453,1.0185540158486313,-1.3968785920318356,1.3956179929287391,1.022729762871293,0.5775598514591103,0.5881625795587192,0.5283940706425834,0.8369540600504574,-0.21405751466594108,1.1415231576852847,1.0983078628126932,0.7687317714773904,0.8801828397609981,-1.4073010744071264,1.3742236561910732,0.20008468713488703,0.9011380670206686,-0.3054350752502505,1.208467228326249,-1.7923381477951088,1.4374231222792813,-0.7472070484561785,-0.1542330858288593,0.6108940373109961,3.591828388082297,2.8196921326605224,2.155871019917189,1.611111608395636,1.4354271457423933,-0.0010443113696428502,-1.1571151425483812,-1.9193740446185554,0.6932950635526582,0.9979452581721487,2.4169768803791563,-1.4450262974330035,0.7987699683326227,-3.095159229861145
3.0324353503303567,0.5790316503531407,3.831733304585629,0.6727168944526969,0.5096876684720885,1.4697218430309409,0.18660320682683582,0.9856361019314078,-0.04855272942341288,-0.7094184487329533,2.202685728496563,3.069786909205837,3.1511388142743235,3.584441408621036,1.4708191087384095,-0.5210719365201424,1.96720023914664,1.597830715076189,2.2152762320282244,0.7463887769299761,1.4965477908827751,-0.16691251687585862,2.2951043609226494,0.5937778041478567,2.4419027820037953,-0.22726380120353662,0.3796082594447515,0.864749737021889,0.4777905290346294,-0.05845957742039912,1.6507184094633294,-0.21102162347375278,0.3079654600309678,0.5834695422586305,0.5730376254232681,2.3397591368836324,0.07492692097454864,2.467112680897261,0.8944752656630756,0.9999807542445422,3.398974122663026,1.170593321824462,2.7378763384598988,1.3512821762536664,1.7972728998169973,1.3749661648935008,1.2562913567974703,1.448722393300877,1.6368472152254478,2.1935198999956986,0.16779569550315432,-0.19979804191007156,2.224026029335725,0.4336125474558947,0.9962764234628763,2.0185423588688884,2.321373027743917,1.7992490099940672,-0.014616800344443848,0.5486441984710884,-0.1691411134098253,-0.343543636473874,2.082029784035299,0.40115842067803387,0.803761487907607,3.1951301731127133,0.7347416184265375,1.8221191784030966,1.7188201048035316,2.288503337247436,1.748191650727832,0.16907245512336602,0.5548836944878897,0.18729922652106412,1.6606198174235922,-0.24107400732706202,1.859232656161109,1.945481845739451,-0.10748538376512726,1.857481331115062,0.7723061699223178
-2.6936908680519136,-1.307766338418808,-3.6020037229175714,-0.6175848057905621,-1.7702252717894156,-2.121793980991019,-0.07421726733227509,-0.8082550711896279,-1.659136272457292,-0.40222742224893454,-3.198549309276714,-3.316407213601787,-2.19500550059447,-3.1599254402714276,-1.7319018196211091,-0.7322283667188079,-1.8996246573147364,-0.4730175202236615,-2.944094738518348,-0.8635437075740564,-2.587777809367263,-0.3472519298749864,-1.1559401525942756,-1.1270053164875833,-1.8517988146459887,-1.0064165905922313,-1.285640245703634,-1.306413011570069,-1.1745158354903764,-0.13615703786774314,-0.22278946293553745,-0.6248367514215737,-0.7031552044084463,-0.19699520519756802,-0.4556818066489751,-2.497276092013486,0.17128488142809412,-1.5057103903739362,-1.05262625212815,0.6007178238669864,-1.8765412675940563,-1.523279522528307,-2.1444454902989754,-0.389234625783508,-1.2161844742161703,-1.3681103954766962,-2.1533553634022766,-1.8696163694603332,-2.1433588789172844,-1.863306433703909,-1.7992318280157789,-0.4575669273984102,-1.2447012856873525,-0.8166893279966726,-1.4639467352723021,-1.1640616080432633,-1.2449904045369573,-1.4326712450854218,0.19986315492432286,-1.437503811804323,-0.011481595799076705,-0.8991699619660078,-2.3675654064253084,-0.45912921330543205,-1.888295131277969,-2.840571168481534,-2.086675843537074,-2.6603063185827875,-2.3919822458280247,-2.3638066966949753,-1.4242406495543234,0.037550300308802576,-0.6684610061131906,0.26957046240428467,-0.8076783048234338,-0.6244832162501901,-1.7358940296791576,-2.6412548168587433,-0.1938423505004507,-1.5202861063369868,-1.7606608041224683
-1.6936688510796136,1.3634844672377697,-2.2966787989833977,-2.4828491389930547,2.1869287977052743,0.8661053230786651,-0.1430815158832504,-0.9257596033530832,0.5023239843795113,1.0944484486215225,0.19757031325738622,-0.719338948665707,-3.456851571976593,0.03516867248675992,1.058859940492736,0.42930879526515126,-1.0344522617899194,-2.0518725754623692,0.2725708149713422,-0.8697244988979668,-2.453458379514656,0.21424897916216373,-3.161365747391891,0.9941966261930291,-2.160619474003086,2.253310531563299,-1.6124893509775045,0.33467190669225655,0.2722918357220828,1.565650532833926,-3.571001033180028,1.7043659059377547,0.04740148394304372,-3.132062084458879,-0.6949163647041665,-0.051654940272750874,-1.2253359989181354,-2.095658379610352,0.32315549651661984,-2.3239393060676075,-2.887390941238027,1.6549140987570408,-2.8869873893251943,-1.541171829430807,-2.7513409149472507,1.0518661823219448,0.5979800422934308,-0.16014113666554922,-0.7594183456714216,0.31417727378350374,1.7964795296593847,0.8701756789821613,-2.7632046225408167,0.42524250705775574,1.181287174109492,0.1446889742151815,-0.5930653555603103,-0.708046529079784,-2.3707224155283355,-0.06291133831446563,-1.6424928725327443,1.0003950195112856,0.17657172183503678,-0.4809677938289823,1.6951413670426552,-1.2804601657316368,0.3452096559326844,-0.10116181223774956,1.0877621854556931,0.05648196187617027,-0.5755516316884578,0.13434123322772012,1.0643720860322263,-3.4061907733675008,-2.7363777715224105,1.7047011516242636,-2.3649427776932153,-0.21284412412042458,-0.9756794106260063,-1.7694280575168246,0.021347758782430226
-0.9754618934354582,-0.9944480370459995,-1.4603043843213814,-2.568220258241197,-1.6430802589548126,-1.7548319907246102,-0.4434836143866083,-0.5744280281086892,-2.2982918210996903,-1.1228534495464453,-1.1162154430244966,-0.024061306871702826,-1.4243085157890492,-0.6849313792385094,-2.3691788674004055,-0.5000699941930147,-0.04492519535925682,-0.6425160436544844,-3.6493459728216626,-1.2383475209171997,-3.4243090297782444,-1.7725897542283078,-0.5808571905870874,-2.5446905306721703,-0.24912397796993813,-0.9075689108398403,-1.690250648944608,-0.0612904481138449,0.22372380449880133,-0.5805069312080181,-0.8098112371676105,-0.2988399111613138,0.879742236510646,-0.013408963647602579,0.05626837210922977,-0.3733019132780555,-1.4455698155356644,-0.6929648246478157,-1.388002501972473,-0.46990424629064,-1.6302565202127397,-1.3937979406196468,-1.6196060357068944,-0.43785808454701086,-0.9330820087388588,-1.0384749155865922,-1.4938980684947953,-1.8907285467500536,-1.7639568506992007,-0.6317806233685638,-2.025128022481408,-1.362496020986071,-0.36035773704653234,-0.23900388785292692,-0.3083388607676143,-0.7755126362346686,-2.066178645562012,-1.3251281885447959,-0.8820754530201675,-0.9293516149175368,-2.548597556270105,-1.2185942175104956,-3.481383243332199,-0.5277889213008244,-3.402551582890501,-0.6341490457758594,-2.402774571709514,-0.04630151915067768,0.05084704383266587,-0.5129246202251959,-0.3125840977559665,0.25146347127473984,-0.9060135911825739,-0.8464404212293066,-2.466324079077278,-1.3310615912982513,-0.16032342347391654,-1.4847758135914877,-1.8767015177705,-2.0308045092776017,-3.960367115085962
0.8757707428202358,-1.082446764404215,0.8194234931838094,1.0454046353214501,-1.5871586919944434,-0.37295919545948797,-0.5628837248601772,0.25204235202535896,0.0779937569060195,-0.36461303398150435,0.14314766145701074,0.7542397589830258,1.406566237200228,0.22350353814803986,-0.9227201799846639,-0.800365703899449,0.12060664980380587,0.40238359047312305,0.6066556822944981,0.062412374692646266,1.357538446762996,-0.7424732835712194,-0.6670250455257553,0.13052969087811428,0.6802481575717262,-1.9299851317099406,0.7535137953961973,-0.43367962570631513,-0.3813816797585021,-0.6369321891266281,0.9267926731361231,-1.455549423224218,-0.7548156780747417,0.8100672393104806,-0.5894811031696814,-0.13299828480826276,0.5032054360419873,0.02454418437882583,-0.4677790585222982,0.31028278286329253,1.4181319732685587,-1.4897535332117975,0.7666888513702835,0.2732646480737419,0.7588438434518872,-1.1872200420474381,0.3322311286972913,0.36251307571397473,0.22420756366004996,-1.067819789274685,-1.107264178583999,-0.6827659928759039,1.0469102769295544,-0.8972821157775549,-0.548969655757252,-0.7709136498896493,0.17779849428505767,0.5707399786929876,0.10207612872663105,0.8722719848793785,-0.17332454300846664,-0.8785985837708712,0.2418711460139973,-0.647614585077062,-0.9532498806800362,0.3245333385531297,-0.1577576304083208,-0.5205553000994287,-0.7964525281932611,-0.5611098986456933,0.23897316864432175,-0.8242227076016535,-0.3335669852378097,1.1908548731117112,0.5277670933396752,-1.529854917874994,1.0503519868672704,0.8864131190796956,0.4384948662634306,1.0931141625118648,0.25143719629460426
0.17321913888797838,0.9975108542236198,0.6048112831329128,2.0306432070128064,1.1317128769424658,-0.20726811761536934,0.859965622041647,1.409042753984811,0.8328123242949247,-0.24805121952335824,0.263636808744279,0.7741842956921894,2.7304989528512267,0.8204675547939945,1.60557915265454,0.22097434138137814,0.8757817403541077,2.211182863064055,0.9217700962830399,1.2502951777663873,2.1536182627886244,2.103145952402818,4.3424877656948695,0.15416154823590433,2.5570753995226987,0.44090449899264583,2.4803552387579817,0.1829454222007238,0.05813087865815453,0.3884934367304804,3.6969058855295396,0.4908734027879648,1.412735970400515,2.7129482662043887,1.1829522647332529,0.5654746736250341,2.5681107835778754,3.160046635829967,0.47025936234660665,4.04857352648537,2.0418406711170616,1.0699140693309663,1.537593397767979,1.1755699734222982,2.667757163758071,0.5827076970535362,0.3131374573872759,0.5889666264521101,0.45161059182627405,1.0811094519188464,-0.2748726501161858,0.7429695944152528,1.9015878847378591,0.2270941277591185,0.16835044609176497,1.7558554692920074,0.7028489204240413,0.4398301201719861,3.5512897919161506,-0.3662278598842824,3.056343299962122,2.1450036813852584,1.0882593033476164,1.826610580210265,1.637780750343121,1.2500854218135653,0.6607873274544083,0.12376306645101406,0.4465517848535997,1.0149217654125722,0.012396761011531032,1.2134520462030924,0.5223561086241804,2.548288684816458,3.496822048403333,1.3540910022650858,0.6449658224914772,0.7645427830247301,1.3283548805987926,0.8957601469409753,1.0389138141162362
-1.2979098006692986,-1.8577949467952037,-2.6212850997696244,-2.423968843581381,-2.677557562750401,-1.855049792994357,-1.241305371311044,-2.0582930001223136,-1.2581902002669683,-0.9096461160863025,-2.542767273077411,-1.970120103191593,-3.024193365970943,-2.824992258526034,-2.127615105608594,-0.19220957335580696,-2.0672145796348453,-1.1698385100114561,-1.834336093129111,-1.046616819791655,-2.2178041007705107,-2.4960150709259485,-4.193720954067742,-1.655143305584864,-3.250391898272162,-2.2489014134420002,-1.2386255764792828,-1.3034539782403431,-1.4124279328799028,-0.8011659775755493,-2.340644967484397,-1.661588404828353,-2.7206532139827004,-2.402387398547285,-1.8358222379068319,-1.8107556080568974,-0.8216666443175553,-3.455389083100804,-0.7630179820069918,-3.538218542144633,-2.4312752017946107,-2.465001851912523,-2.1916196980046383,-0.9550153156701735,-2.4457199134692535,-1.6247358932950418,-1.3974105439821252,-1.1583923381972498,-1.5197311274474972,-2.534408973575753,-1.9716793661995415,-0.748908873642265,-2.1363656132107676,-1.3187223448076693,-1.8013726176755362,-2.7540628693547644,-1.2699429407836433,-1.3106568816083672,-2.5477124504114146,-1.320042034402892,-2.803203110773046,-2.480545511820846,-2.2438143054548885,-2.569955194483816,-1.7355834989911694,-1.8540159494424746,-1.4111703185395226,-2.248001604946292,-2.2308000385092672,-2.332708030757534,-0.985384446312642,-1.615719959169568,-0.28403275672686534,-2.3970934742653203,-2.685624808951485,-1.8615938142740465,-1.7312440850081958,-1.6756798596886036,-1.3534506475329389,-1.4269982807222268,-2.0089961579369264
0.8018308991257785,0.3669304057766569,1.3684940039521813,-0.22755134872235194,0.4902223058121198,0.35084895974720703,-0.4127037419720277,-0.21159967029794335,0.2522739731676368,-0.0037024095182716446,1.3059035178359155,1.3667775691062671,0.18572789848794125,1.5779968154035235,0.08473112312595943,-0.3969123393715582,1.0592051118263175,-0.4182980233519731,0.9520908630409639,0.4076242457724739,0.3666646154114769,-0.2642052678962609,-0.7895711744911394,0.6223122022944174,0.37345182461018633,0.26984457000818385,-0.010407521016654958,0.29121592588334994,0.5873048970610146,0.019907881516581377,-1.0342709559458036,-0.11353049784048795,-0.015300484043550583,-0.6008374041876366,-0.11423279487929688,0.9470405425768837,-0.7186802318502444,-0.1651568787342113,0.7498989967815363,-1.1952754054232488,0.8962287825193287,0.43225549280830644,0.38918965009563894,0.46495428553142426,-0.5461435605881862,0.6222409849457229,1.2865849247727323,0.621202066171928,1.0223990694056622,0.40118491727805466,0.3886850069692025,-0.4893863781051882,0.23038777600097188,0.07505382920607548,0.3371674038959651,0.9053026746743578,0.682137920398892,1.5674828499829083,-1.231055480336219,0.8831409535694232,-1.3873026466201508,-0.5779184890886455,1.2958703465055428,0.3357125450288865,0.1709458059870311,1.4060133408231155,1.2611164958146248,1.549534690291046,0.42757767743960784,1.1054956155647861,0.4992149152628662,0.2514941503836486,-0.20937670762197455,-0.9551672194034935,-0.7161659492721213,0.16210544360740106,0.8258276820946346,0.9366394353287072,-0.1827509061106996,0.8919950542199615,0.0868516221781171
-0.0645361407141341,-0.4619199608586576,0.07229584784007707,1.7153468568470462,0.13155579241824622,0.12617203011013503,-0.40078963153438146,-0.3325589146603602,1.0836305650866311,0.3690581168676517,-0.4877109227353511,-0.004668394528117736,0.128473439694283,-0.6190405490821271,-0.3166530970791168,-0.04051375987767271,-0.23692002491821054,0.46106437887833274,1.2365589359309574,0.39806226650455134,1.875510086831981,0.5003279642774117,0.34042361843397195,0.2812964476312674,0.3574271094668793,-0.19485196978441222,0.8494002821269202,-0.11672338188524004,-0.7069454466518401,0.2090702633242712,0.8989807675000527,-1.0635473971261449,-0.38220248451133526,0.5290972821549803,0.3963770875591405,-0.6116985818157168,0.8928699357697032,-0.26968478727603995,0.23473620918718557,0.03078743097336334,0.4345918738738777,-0.7861426376479687,0.3675163523076691,1.271607794986566,-0.14533122089018968,-0.7838082639340195,0.7123858007082208,0.8323216759335789,0.5462725621910678,-0.7374049124148719,0.5586214158066537,-0.12898090410300406,0.6150922748139236,-0.6702048196811446,-0.7286248078185789,-1.2932680666728666,0.4730029983296997,0.5680073131555029,0.16177394725003297,0.7342483715481651,1.0352061633863476,0.3415391690632543,0.8090986646161341,0.07181897278452345,0.670479002370495,-0.4229645029022164,1.1840514846459702,-0.19617122589837427,-1.0003188549626745,-1.03367195477586,-0.009385420611100537,0.16687508032857679,-0.2792943816041714,1.1299235424943472,1.5365320844562338,-0.22495186613266321,0.49914621478373833,0.12959957018764656,0.9490425353021367,0.49034320651253394,1.319291244120035
-0.03850888348078538,-0.9384812711348676,0.2621271158626803,-2.646153678668295,-1.5410887431471585,-0.751253111781251,-0.15330320454447252,-0.28348742163398033,-1.5228381725742215,-1.081462337554198,-1.2443085305677986,0.072456391806442,-0.133149023402793,0.3010284598083397,-1.0141343987158253,-0.1252170953343158,-0.04717211465464495,-0.6451000008226937,-2.0231930947378856,-0.8737519796564438,-2.464292439712156,-2.143383223260196,-1.33036508509379,-1.7978213219064647,-0.10824514650264971,-0.7521934402016437,-2.0011779538215158,0.01799004996714637,0.07528674785128806,-0.29246337507221004,-1.4216609435903327,-0.17303711510762454,-0.3810439802063735,-1.1948024879221881,-0.37456072927710304,-0.1367478127336958,-1.4250994605658907,-1.0929460125138162,-0.8343260774592407,-1.1895303954187222,-0.5457602367222237,-0.33429022096394073,-0.5547533675057108,-0.11231610992328316,-0.7326305521349293,0.4005429023067071,-0.6355985312473896,-1.651917583880007,-1.1194935523939589,0.39872103960908056,-1.0178091576863626,-1.6673594044413877,-0.7795269288765493,0.7517779296243268,0.4992799355565992,0.21726657991920273,-1.297577002997619,-0.3206997692525932,-1.6092189895653433,-0.5633411877640081,-3.043625746112956,-1.1190665791626562,-1.772999988145284,-1.4932471281961661,-2.3559981391538756,0.41042837693959217,-1.2723902843620314,0.7047995792817157,0.8436967973991664,0.34342078112764896,-0.0948917869612323,0.17747745418870364,-0.29108472827610754,-1.6814253129339414,-2.6940017146348207,-0.9762878368732748,-0.39940915338312516,-0.5687953720042799,-1.9037477566795464,-1.0658946296782092,-3.1002133518129478
1.487784274531097,1.7459979470080624,2.3709105151278567,-1.4679413502978256,0.11900664402087636,0.7531142804971958,0.9361934716787375,0.9638223361142857,-1.3877990988564892,-0.6183940408730721,0.38664880847936756,1.4781009058708225,1.2094897226571382,3.087917501831339,1.2947356084258659,-0.1817233135875583,0.33589915567811546,0.5828684681263556,-1.1583672346850156,0.38514088501274013,-1.8706024888101074,-0.9251337442847326,2.5981570448822198,-1.654662321447924,1.9352106801289934,0.0505947878418217,-1.3092711453805477,1.0737875292059047,1.6068523435605164,0.6908848557829128,0.4919524841108623,1.1399225411119143,1.527102509440937,0.1825472662472841,1.4044767879781936,1.0011589961494183,-1.068196354462308,3.191517512525014,0.876129799317226,1.1953817254844141,1.451810990951698,1.6030055655852775,1.679079351567436,-0.2364497939353854,1.9248962422728109,2.1767284009108443,0.12122147200924786,-0.9331655649627908,-0.6747892180879822,2.8718238149585686,-0.24955628858000473,-0.567115945608942,0.4680760013884907,1.3544942376347446,2.640731321180279,2.6874783152667776,0.7185805337182383,-0.3573698417052239,-0.32630267997463724,-0.25634534073202475,-1.2052672593899267,0.6142572963657769,-0.18011571042875682,0.19366097377218044,-0.2512501591070149,1.9531723762396185,-0.8754517942256834,2.206727058452606,2.0170053455502455,2.880159211269364,1.168365395142017,1.6053522691303344,0.9270568183844341,-1.0276271778882289,-0.5194474061268468,0.5942285944638105,0.3542316745407655,0.2551107871049778,-1.270873667732318,-0.36549765144673857,-1.4781102771882135
-0.1622378421046296,-2.7679054395944287,-1.0232886061450768,-3.8472933149900843,-3.3086558757608437,-1.604976583791842,-0.6949118481185074,-1.7757145740535738,-2.2000930995554384,-2.13373917214505,-0.8757830793894307,0.5193523032291787,-1.2655981261273335,-1.0081936475407787,-3.4874971585147514,-1.172558524816449,0.0651063530804,-1.7000438712927024,-3.7072195520323374,-2.5319961522959273,-3.118158694333006,-4.438937568684482,-3.4474489381479856,-2.9211347803954597,-0.19673680007624741,-1.996864962372143,-2.8044518824822786,0.14839326455870827,0.31028436085411926,-1.7100774273536032,-2.532091442733336,-1.2320107874557893,-1.364516808066714,-1.7361182611488748,-1.0769931156741657,0.6659082591226685,-2.6390819793753284,-3.1539900148835494,-2.03293311088992,-2.607257188905221,-1.5303712211991,-2.415060293779646,-1.0849241080555503,0.026635503676312386,-2.2996856386738127,-1.0917952593904976,-1.264410090720318,-1.4990836209303087,-1.6848226696580084,-2.1345648906169195,-2.7686760890198303,-2.5562178364163692,-0.5377173538390165,-0.5325500811582903,-1.2590538885287652,-1.9541227321269072,-2.7920225619884933,-0.7592930432625098,-2.725679111061975,-0.31470452504941393,-5.135998812758233,-3.5335694998674407,-4.399380647694125,-2.1565225852400594,-4.2145402607970235,-0.6602934816742694,-2.846446792969825,0.15289800182322932,-0.21129381464945335,-0.3522038977555879,0.04845631020140315,-1.164783719764882,-1.7271059945274505,-2.8512097553173366,-4.561760205283378,-2.4646111118405765,0.3411578554876231,-0.7733044110627846,-3.0405876944544343,-1.1460487146153688,-7.251494995109037
0.35294124095311535,-0.9777801284517715,0.749398298798861,3.8043362991334693,1.7144363691202031,1.9840859110239228,-0.637902244486643,-1.2147837956631862,3.5234748430785983,1.443526800620545,2.709199257263819,1.4824889134933166,0.6313935949597504,-0.23617063580031483,-0.20556730186098912,0.762824278252892,1.2959008063902029,-1.1943106915121928,3.2834571980197893,0.3326697147646693,5.630263429744139,1.7894656111685494,-2.007855926686312,3.2354630741615265,1.7542235693272321,0.3931144291447341,2.761817940519232,0.5143445325116818,0.12866682398441542,-0.014252289699062254,-0.7215538152988049,-0.419697146480678,-0.08941702857227568,-0.7351341147471616,-0.21066338355893016,1.5880408442035265,1.603234342799479,-2.3227390480676093,-0.46524521780792677,-0.44596520075061385,1.3686870076191022,-1.0548432479507177,0.7008883300037902,0.9037238248857338,-1.5678787924336424,-1.7897976874941908,2.4777380209417075,3.4489013547590925,3.6752437525412898,-2.4311423251914195,1.9184098507982577,1.480811679348505,1.7905717408392063,-1.2575235912795522,-2.2538727225749122,-1.462594190707298,-0.3141801191335657,3.4747272001604004,0.6291393466326296,1.875885777757204,2.285661976564188,1.1283386475158017,2.280091100731353,0.5866814128429652,1.9752773440124989,-0.3426096134250698,3.46335313210758,1.2370190327901984,0.5361400858517471,-0.13147625761263904,0.6786750822290517,-1.168115803360593,0.08437247625340563,1.1994659031419177,0.33109675990950516,0.34307201901319373,1.6867404397474794,2.8452596547947526,1.8230001610157294,2.43713883891613,2.5041826495509656
-0.884147727215613,2.0348174609990775,-1.547006920480121,-3.0992092875226316,0.388652388842577,-0.4723016920627702,0.7303132205680287,-0.10283058629375591,-2.1624917921358113,-0.9780220172683,-0.8242627502524658,-1.0656962169598918,-2.7692891280725433,0.7571893081144055,1.2536984274985228,0.1578328034206658,-1.2618679977544147,-1.3635009636982909,-3.40874646551947,-1.1603481293143028,-4.850082188619751,-0.6192623130080854,-0.0943028203099891,-1.8088789871456488,-1.9234525608440356,1.542058034769799,-2.7756830391886416,-0.11701943498301182,1.3317185923281238,1.403695581983974,-2.231292743607537,2.535056264764599,0.6645372242994985,-1.5350115089597578,0.06643124258515085,-0.3248410439449918,-2.2470966722987438,0.7570564860511715,0.16384325684511622,-0.951948821036914,-2.690376986550559,1.5810410107368962,-1.800211886108552,-1.623800448872504,-0.5530470127022566,2.890804287814011,-1.52934923166313,-2.0660405841889786,-2.5808365213088016,2.5781919236829385,0.24038570156641498,-0.2757140755808692,-3.0519922828219883,1.3883172547883573,2.7411827556980115,1.7843372288806614,0.051113756366740315,-2.308947281912435,-2.2358627962405153,-1.7337197686999932,-2.3158590255530034,0.2907661929093718,-2.3896290603735064,0.6395109698246229,-0.5668139340182361,-0.9764165855277335,-1.4285276665861701,0.3103755443844616,1.0134584244348261,1.0763831285389598,-0.5882592844533057,1.0794975429747464,0.01851554289918267,-2.924475238142245,-3.3846656480897828,1.0189241742768544,-2.3756696430482456,-0.6132201950146277,-2.0114930902511103,-3.1504227033892116,-1.9280760093373117
-2.238933372830563,0.8833074781079027,-2.774573203425699,-1.1646222098822312,-0.5019622179880016,-0.7398342868269421,0.09562526938021687,-0.020461566258296954,-1.7322438464585923,-0.21448603909169137,-1.4521252911349387,-1.9875351678315123,-2.1023933772717847,-1.8791795467754886,0.2869582420721225,0.4876024150007461,-1.434099819502688,0.09432243902072113,-2.8005148425257738,-0.5962638810716904,-3.0393589147658955,0.42787678924674055,0.22009337727053663,-1.495687214327087,-1.3132190342636574,1.028860395707864,-1.2947305702586587,-0.2612325684147411,-0.632571606424564,0.9538967769158144,-0.15935262034841885,0.8180746942448719,0.5542996917759621,0.1868272220070587,0.6898252686300352,-1.0374574319791285,-0.11437038549384462,-0.24647044785803485,0.2141686568622408,0.9061845735002849,-2.4021733099281395,0.5172091777803209,-2.2795870624049286,-1.249072578228471,-0.2546197518606829,1.2701855396824921,-1.8141939824335043,-2.6944806743745735,-2.4057549777845404,0.40705271571719503,-0.5662253418339465,-0.05505828197682221,-1.3746688883103964,-0.029917301271354724,0.06877656305088442,0.4607368847392995,-0.05591187115173868,-2.346106637412081,0.779505539077306,-1.4816831028275605,0.3465966486563867,0.6735529312848167,-2.503878391224645,1.0423915679946163,-0.4194637775828597,-2.149605994434095,-1.3423345334025476,-1.2375321999460531,-0.8817274308780363,-0.9394714458571715,-2.513248479306899,0.9123408795584244,0.5217423414957729,-0.28627323955232414,-0.419114151533077,0.7670517196496169,-1.8297685160918529,-2.1328981808660563,-0.7044721977525451,-2.310397245675256,-1.5753270536022772
-1.707769409296636,1.8932921133293226,-1.5872694450989064,-0.4965879972648995,2.2807796914377207,1.250105702205279,0.8282206219448977,-0.346100700852772,0.23730440466635355,1.0819581552528366,1.4724289919665072,-0.660468505086114,-0.9624399894595718,-0.16974172948132385,1.361938902780889,0.8082577598936077,-0.17885785365397908,-0.8956380830814695,-0.21190385208659196,-0.056232397345000074,-0.780573929197071,1.108756211322403,-0.3827353757875386,1.134168009041579,-0.440246254687426,1.9526068502128777,0.03852135201496515,0.3239372298024512,1.2537342994483598,1.734043944318937,-1.682530454850395,1.728495346647208,0.6079746096789251,-0.9923596088001903,0.3450309642271258,-0.014317143166965668,-0.3570762139979966,-0.21471330548381162,0.2823651661442393,0.45765819492705684,-1.501082802408278,1.8924459743483233,-1.460517870978601,-0.85093577022616,-0.7595670541860181,0.6724251395611237,-0.3818555610063359,-0.013430117044357731,-1.006209181674047,0.5928093133989226,1.4763241624404255,1.0991604104340813,-0.980807750350903,0.36564116548030934,1.4172458080625696,0.8977114214840084,-0.6125956004910399,-0.49265585001068046,0.334771725829215,0.018744288622830285,0.7608962032431206,1.75435560910409,0.2075791187552155,1.7800257835715776,1.0111480782139797,-1.3933169668266754,1.0495548933202716,0.495359835175321,0.7306084778982811,0.4492911962748248,-0.5030399532554973,0.9659874725028244,0.6836439400317008,-0.20149702464796043,-0.8938773663951538,2.4279839482340577,-0.8767058323609435,0.3524968461386732,0.16138824833211374,-0.4234216618648422,0.2998784042483762
0.6083677409555003,1.3490295659258396,1.2921134148632865,-0.6745541680823126,1.2191350795304186,1.231679034400317,-0.2958177788512754,-0.5082956460051292,1.0359018236140767,0.3385748895178107,1.370351404309879,1.4319254169503202,0.18163457470399008,1.5438850777502835,1.4549547612468259,0.26863877042755707,-0.38390937646337064,-0.8704490229853511,2.1045706333336067,0.3489321131048246,-0.22028985487809088,0.04848841350580836,-0.6440675575414354,1.2608722171618805,-0.593831166544557,0.9431311076767187,-0.5546261009112713,1.0324133237334123,0.7382969606813756,0.7186998356409332,-1.536051046484558,0.5634270425576654,-0.4234477088828049,-1.9798299272644975,-1.5543277351204106,0.9100827418410735,-1.0165066613864813,-0.07233896511664573,1.6973305522021365,-1.7488509161211647,0.11877119602106473,1.9820597175474046,-0.21837673511019745,-0.6857937652883264,-0.911556969666033,1.0452538856201583,1.1549216795643682,1.7490212234429037,1.7723739159276237,1.5594179274353934,1.3847923529804003,0.6999661582824057,-1.351864148048204,0.26395791987993994,1.186920891042013,0.4536462987960656,1.105659631516546,0.810850022475423,-1.7668424843838113,0.3017423941337732,-0.8379868077652202,0.2748397659641373,2.03809917826338,-0.7399854017802641,1.2267642373885939,1.7936840649240486,1.3817634018139981,1.4296508421010727,1.4034160085855318,1.702525682218753,0.9597833605115366,-0.6938860419070774,1.2656085717137946,-1.960272331300649,-0.510891340415735,1.0639844247200878,-0.2059956092129235,1.5344493599077158,-0.7408507251642076,0.21233351802729714,1.9171933713519502
-0.6308508576318885,-2.3130511564408,-0.8131661627159281,-1.1308522693986298,-3.4881220689451222,-3.0050917617450494,-0.8467687586088581,-0.38904260315322814,-1.7114733156050157,-1.2991799178410084,-3.2202035526683637,-1.3698447301571908,-0.46239188173465684,-1.8821439061265026,-2.301757659797176,-0.7841369291670776,-1.6487860094608757,0.7018955875113158,-1.9717289112342182,-0.20605040891042406,-2.5366871918277742,-2.3884455677810927,-0.7348557463441234,-2.6786735001728843,-2.2553115621351245,-2.8614217614428408,-1.4242226484909444,-1.690695151554028,-1.2864434452646063,-2.274917712624493,0.8617573982788366,-2.9501565942898065,-1.9287453540002237,0.14302995776215915,-0.4227267516120386,-2.362900227208905,-0.3082615871926099,-0.9579033132276322,-1.3640924882696963,-0.9581656943933226,-0.06725823177312862,-2.2981324241059062,-0.2608542150744825,0.09229035633808907,0.2489804282876018,-1.8580377678132212,-2.4765427163231335,-1.5215392068688676,-1.8055073710184888,-0.895636719647398,-2.8911309101984597,-2.291708953518373,-0.14229142749465123,-1.02076922111718,-1.7989638662333707,-1.2584445581920116,-0.0393747098456681,-1.7817913883263123,-0.7330548909078759,-1.1361938305414314,-2.7173241169812865,-2.414285393647948,-1.3031694291235638,-2.0018877126013406,-1.982864470692509,-0.19639767578282946,-2.616109661829962,-2.8917948507811673,-3.2354449695445355,-2.5942603597506846,-1.678605603790379,-0.8977992658453688,-1.8547990345903376,-0.21692254808280617,-0.27210149054842014,-2.4507097366865014,-0.5521068042614694,-2.830120902352492,-0.42033493183235765,-2.096001488560122,-1.623705757078831
2.023302704353319,0.36492910958904545,2.9173512603159053,-1.84768135682898,-0.9616315655451296,0.05146694068961577,0.2368342003386779,0.32694664462224077,-0.3973861413896886,-0.8086226235962514,1.5579389545618487,2.704647059748061,1.7543520742009084,2.6795688587759656,-0.12431387931242172,-0.28339498737360214,1.3668895629034565,0.05871786527944145,-0.4016485261065604,-0.7723856049902689,-0.4652297895349129,-0.8208905901746479,0.4011160523343169,-0.7940358322177248,1.974577718448506,0.07021336857342209,-0.9411243761554225,1.0779150748586723,0.942577865068332,-0.149783786682691,-0.15794784669340953,0.21797742139110493,0.4486238101135106,-0.41232271679867694,-0.46998684802143004,2.214561237804608,-1.6051721885142196,1.2154671891250608,0.22190831943874342,-0.8170028454255186,1.557177074175547,0.5979958639015304,1.3071361317960433,0.8546384836227129,-0.4672960400773727,0.9120641394642829,0.9372903705657699,0.40466140075213775,0.7350323683200476,1.2323412938685876,-0.5969278850841232,-1.111182059412842,1.5570293159430018,0.7643157952043431,0.8174500085335362,0.6438709211165147,0.0598181665450733,0.4040861599402602,-1.8620811530195671,0.4539357272726685,-2.441972729413641,-1.2483193230631007,0.2331221906534351,-0.8781280162495635,-1.1439555108585864,2.1121429027073098,0.1117558995581191,2.786215573246967,1.4498391164367281,2.9672937855243915,2.3033958161517765,0.6508689094573958,-0.04686017838701245,-1.3857453270570477,-1.50325349859007,-0.520885110096007,1.151867497395214,1.364773766983486,-1.3736274658720211,0.17464785421967832,-0.22528631330531046
0.478611234259478,0.029995681016366238,0.8293882107586831,-1.3289532710686438,-0.12467826044265148,0.4537680189830704,-0.6197371979475425,-0.21606131433487846,-0.0671989894318333,-0.26253612253968467,0.0344555840109424,0.7696576413080489,-0.28712603910285134,0.5920130967561812,-0.22037423810491402,0.2473124632174515,0.645378356200888,-0.4880535957133962,-0.5452896197163292,-0.7206726312534658,-0.803494862936059,-0.6613935707229524,-0.6415048989513074,-0.6065594855329679,-0.10540402382550002,0.08186962955270903,-0.5584934545214918,1.0676902871881568,0.44994590821949176,0.42498593706935023,-0.7631534671285417,0.584933794044962,0.28256201948817716,-0.21477279482176592,-0.5002331578490796,1.3955011461415476,-0.5957673357192379,-0.07552489724154493,0.5312536079941965,-0.6897710664570884,0.3082811817978203,0.011664311058994611,0.18733832306919634,0.021737137984167723,-0.6289456052496657,0.3720855765322605,-0.01677171838773811,-0.22816722777183407,0.10450558293106073,-0.13995556325072023,0.4287856234367942,-0.14494432184657471,-0.3491181455540562,-0.3065004830655493,0.3260393361740791,0.3478192590641669,-0.2202090888562331,0.5313958055416153,-0.5273984347527452,0.28567788088490287,-1.3506365200673456,-0.15318853565167956,-0.4611763857079077,-0.015463065788406338,-0.5562429103117783,0.9914989239259545,0.2576311139416517,0.9886045002388174,0.8394632687095285,0.716837862824126,0.4211237210179509,0.41381488263671595,-0.19991351306352362,-0.4694804349455831,-1.4622608468054707,-0.0019533200412411335,-0.00933545236931932,0.6893503296781198,-0.6483046648251601,0.10723050751124771,-0.24585977180951135
-2.8273236313957284,1.3140438717966552,-3.677470921840203,-2.1755380437859007,0.0031949844490072044,-1.7659478194078666,0.00501664520112699,-0.4231022430009341,-2.1841877728262906,-0.8878668128357528,-1.8464531446112482,-2.3945948244553894,-4.214531946670197,-1.4452325043549734,0.07806722260350385,0.16266443200879374,-2.749553978849707,-1.0139047654376436,-2.9723635632849152,-0.28400731761135667,-4.943475478405613,-0.2611212563166354,-0.6252830850404829,-1.7739662561118263,-3.376392860084176,1.9328745312656734,-2.0351149228892336,-0.6135139194465299,0.09006729295361932,1.047579579901578,-2.2545635203111742,1.8224416998610613,0.7073760864920029,-1.2578623133365356,-0.05257091258968444,-2.384493288610514,-0.9144682045787665,0.06361429790517178,-0.06372259607079135,-0.5374942714075855,-3.538798591078573,1.457394221529172,-3.4720168251339096,-1.8242651775300842,-1.1453291698954016,1.350804383631419,-2.5203531841578224,-3.5607005907369524,-3.981896188553587,1.1164360091608556,-0.40814030349992736,0.5857755308673829,-4.491530393034513,0.8009550496756983,1.821037626360733,0.6270182733020183,-0.9080576280534142,-3.67634882837773,-0.679012432624966,-2.075086092822152,-0.8043891685478364,0.7947012937341383,-2.459060428143313,0.6456635796515817,-0.1424079193795886,-2.904645369017646,-1.9642355185977074,-1.6119305508062585,-0.02817524487471179,-1.0266215151724043,-2.2452895457265507,1.2803431428975018,0.5502489631656818,-1.861903692460792,-2.2836124927541843,1.2516770372357944,-3.4309497606579393,-2.1659110023772823,-1.5911437885964865,-3.204811471826347,-1.8285664031336812
1.90477003247442,2.014033272134993,3.4597900203634686,0.06944893031151488,1.69837514952856,0.82109122657434,-0.9181849452283811,0.1229882045573254,1.5178898787709225,0.9356630990294322,0.22400802926493263,0.9960995196378113,0.6148571759887316,1.8023110000549603,3.6384559518819017,0.4499263263240863,-1.3521793447565496,0.2699599846003444,3.755044321311995,1.9813834912653527,0.6813666600359969,0.8070687767052538,0.303352748474068,2.05979058877367,-2.8487564366581477,1.2067839992415488,-0.337384930357509,-0.11984977172444017,-0.37661781974400027,0.2458795006774648,-0.6385737915445592,-0.10565269749890926,-1.5752647510154396,-1.8345417008822855,-1.8820750595548759,-0.7809612197798966,-0.1807496309178674,1.2083219426450968,2.9026150839769365,-2.2770017819024924,-0.2228469234833216,2.0839945310606387,0.8576586941941997,-0.8045878691052641,0.6875401272071692,1.7619595112605508,0.7552462157644224,1.022949255032756,1.3686539281038659,3.3332149286640336,1.7057676490204157,1.7380346254550794,-2.093580809503477,0.13619089676629081,2.4975575402253063,0.7050514988838079,3.2270535124784785,0.6397871161927859,-2.8502614647608384,0.3229746365642649,-1.2438446555109068,-0.5457104095299065,5.276046194221803,-1.3132545576824846,3.303336828133943,2.705219703211385,1.319091771490668,-1.4730775070394144,-0.6640276741814098,1.1024392894987887,0.23668438146621537,-1.0775566363524898,1.8257200823756157,-1.6532969092523213,1.6809176656961662,0.5875646384975959,-0.8148577742942431,0.22407271451366584,0.2808689051501254,-0.09879719647487477,6.784180045383673
0.6608958744124986,-1.8699162952575976,0.7201298774465292,0.24056466301726134,-1.617298222546477,-0.8118433037913324,-0.5892055163921641,0.005813895422620979,0.008691479404531157,-0.12018630828366461,-0.6100087627234526,0.29789313585041494,1.202772165611299,-1.2325889702504549,-1.6831611601666472,-0.5517222332747875,0.030920391391843396,0.33985578885366413,0.148454426742538,-0.3353251561720568,0.5338049629371797,-1.5518058010651097,-0.7713886162046072,0.3225157497518121,0.940975439493583,-1.709907437934401,0.6791277164456627,-0.4687065798215058,-0.8474005553589725,-1.3121800804173505,-0.0024401098415504086,-1.1224252767504561,-0.6087345050723847,0.6712000432304596,0.07416373466658321,0.1660493259331259,0.2049285218454778,-0.7401348048049796,-1.148970250672011,-0.7320213499543823,0.7155032213620804,-1.6340015631780087,0.7988635195796482,0.6623341341312803,0.5802579815589851,-1.898390661145087,0.1260448387171548,0.10747571959196542,0.19024615270452025,-1.9065254575532349,-1.6062347403879202,-1.1119704731975841,1.4605567477275974,-1.0490533433380589,-1.2275516182001613,-1.545431117919775,-0.3444205425315097,0.6423495997630189,-0.2798652321305662,0.6446845139799089,-0.7497451174632207,-1.626851828190455,-0.704971704418553,-1.083417320590574,-1.4664463310906672,0.33490350479914144,-0.8269970355705084,-1.0962848217840566,-1.2222974077500717,-1.0245142169884243,0.058503422929295334,-1.1367591451739916,-0.79278681084307,0.529310076904927,0.3079923360531566,-2.195426185739447,0.9415581624707297,-0.539864843302858,-0.2678099978492753,0.49312693767098265,-2.2875513599605073
-0.08772412166112326,2.7459312193055387,0.4232829721969081,-1.6732401939345851,0.848067028843927,1.2512828607275264,1.587720194949995,1.4678845399557712,-2.0430033294202947,-0.7487412939396648,0.25762042082546954,0.569318750851125,0.7561488340675206,2.883413110496197,1.264150859566427,0.4496669429873936,1.090811446928504,0.6284469550602026,-2.1702566847297406,0.12233770366483165,-2.42719242516259,0.10673823839036083,3.4800586359110026,-1.7889715953301857,1.4485601958790397,1.28172120855041,-1.2456272130080013,1.4079845965327393,1.9169171286398026,1.9489460043460651,1.0904014067095034,2.058375631203992,3.056093387266968,0.3989651533879563,2.4227322204275215,0.7121170431284485,-0.7434329562255388,3.5694733998471135,1.0388605423956725,2.722524581876232,0.04238687050552711,1.546692096418309,0.7010130438176974,0.038739541400228616,1.2793752046371738,2.8482848421879408,-0.026037845985210528,-1.9685514820742755,-1.6741813314221958,3.2481686892935167,0.4400420711935478,-0.5631139177068202,0.2353590667623955,2.2305084229165484,3.049203397828834,3.0983885668742923,0.08636661538718965,-1.1660024772136781,1.152267888933752,-1.0884345231355435,0.0021780707497937313,1.7509300320806693,-1.5358757404390653,1.3304006487915112,-0.505810767011919,0.5043428773194486,-1.2156312153494908,1.37128583756198,2.8442091212486202,2.5235595059027336,1.018014442914799,2.126988245739415,0.5509849276130072,-0.6047323979805662,-0.49562250149135045,1.5365663865203307,-0.4051976377073674,0.19533247762887343,-1.2719651934067149,-1.5860487862088892,-1.4056690656039323
-0.23136261623975785,-1.7537725602707546,0.5454716021063133,-0.2233433880636282,-2.6836296678063483,-2.489986147653279,-1.320932607864843,-0.3300451706426936,-0.36539616573187234,-1.3845747178502603,-2.5503848899655237,-0.22528855230960199,0.16611523002333847,-1.7892740721011189,-1.2381322391227283,-1.0249155143842419,-1.4887445674752895,0.17069108732274285,-0.08942192562615081,0.4824568112047447,-0.942646007063649,-1.0687520705479017,-0.7460126169758472,-1.1193070245865129,-2.137865544345061,-2.2453301536431667,-0.5643576244103469,-1.487223642129284,-2.158440556065277,-1.7022668902302018,0.46576312294763067,-2.534162725101231,-2.09145241174511,0.6393192010058218,-1.7729137617366861,-1.6032143222870436,0.059476481213208865,-1.1378055888400822,-0.4903083057015135,-1.2084985620343658,0.36276033685905895,-2.2087640257590673,0.07449751631164692,-0.16595771008828328,0.19998684322845944,-2.0406256408253207,-0.6949021369344572,-0.6594461881766561,-0.6732286126174971,-1.2928809257648044,-2.3023542012143436,-1.2998357252904538,-0.5719826740089059,-1.328810857415403,-1.5552278485297049,-1.2153260245659239,1.0869130410196075,-1.104850733686654,-0.8296442983926753,-0.4479952953862151,-1.204146500743919,-2.4234372507512028,0.5104981453564527,-2.8294314077473626,-1.1647252387882314,-0.457973444668987,-1.450739695003201,-2.492346620375761,-3.0606439343112433,-1.988010954637648,-0.07261020503040261,-1.0246531629187554,-0.8436164107760327,-0.30092028120823466,0.8259268952752862,-2.440768462029126,0.07383620242295391,-2.2374731224902025,-0.7258681115544359,-0.40854957073050974,1.0321813985252057
0.12618371162968262,2.577547253743677,1.0992822486424378,1.4789429587212812,4.3409070072157965,3.5888902343443716,0.9924872424360583,-0.10465476467746745,3.2869300949615576,2.696284018737899,3.5390761177620926,1.4998344669168526,-0.5771470050507821,2.134994108492455,3.394495371467966,1.6265753108733896,1.288054608402706,-1.3435220997108208,2.9635348890788373,0.7369733789834929,2.5365017744571015,3.1360914669998907,-0.07267240894235963,3.3349976880531687,0.982999252153021,3.5248576750527723,0.5791633117103074,1.8410733342479015,1.5483395572825596,2.559458074309805,-1.7323938080783883,3.563288329724182,1.674918981934002,-1.1349056331889944,0.3935759742463599,2.3275425551125015,0.056797951625043475,0.37266163467057634,1.5072507882123651,0.03164790508847942,-0.36697730394418154,3.316792068962945,-0.28878141131770524,0.18715366075145395,-1.139622910768785,1.8861379452158002,2.053297913402323,2.3240475552588253,2.5488679365210762,1.7328159426749195,4.70553526071293,2.740254124795868,0.23699422675327403,1.2809640935446005,2.219942155556297,1.1968139039919725,0.6978795214057258,1.9333903666902734,0.15580989250712515,0.7976404080397924,2.6200632657334224,2.7937921050302967,2.616642315621471,2.5590465351039584,3.54799861596886,0.33139872507104057,4.009259380336073,3.142125226999192,2.8383939722995546,2.1311003866056795,1.374126232404762,1.1281223346059268,1.7547352180631732,-0.49163718726004735,0.21010855774392437,4.277735984169971,0.1041843824939324,2.5307512226769138,0.563987345487399,1.3228684079326312,3.1624769405664077
-0.9795712593542605,0.12328994278744973,-0.9842360115093819,1.7119176713604964,0.49547355523788267,0.6764045798688669,0.8512372195821706,0.8256173160444633,0.023655128766492117,0.3637531389590996,0.1058091131281392,-0.6379203954076883,0.1692249955027803,-1.0987490999763243,-0.4339943032390569,0.3257022078430002,-0.2723663948199543,0.7660458306177964,-0.3898339579605752,-0.062433761398154194,0.7749801212002503,0.8884217479234254,0.7643919617846338,0.3478647668022676,1.5072086222452354,1.0109719042959597,1.3944798564127514,-0.28081319530724286,0.6318238463871809,0.3021107618579918,1.040617225893625,0.5859298416931622,1.1460477351724911,0.21995190324389735,0.7677550291284132,-0.22972498335700592,1.4916015615468516,0.6224982002981287,-0.9091203034562163,2.063796063377052,-0.2790522797047206,-0.6107487814439586,-0.2835262273473372,0.4620350064544982,0.1529005238459963,-0.8140357690664952,0.3595817567645949,0.08385545130167564,-0.3180724946724495,-0.8237452400392983,0.5307735591981048,0.6534087369764059,0.02379839468218381,0.28223497765717254,-0.7474875546274535,-0.4628932632905607,-1.314106583499294,-0.04254631982674209,2.3005358865871606,-0.31682028581844046,1.9012118057021747,1.5398130874826708,-0.8759276483663342,1.2913549530275497,-0.1878815749190103,-1.7595688534063094,-0.18704138071093396,0.012600714837027072,0.0717989731349328,-0.5672486237860769,-0.2494360320032551,0.5047465745518754,-0.0046460805089781065,1.929484192444286,0.8653368792048413,0.6570248996327664,0.8443321684956502,-0.13841608951159012,1.373243163283465,0.66618844522121,-1.38062418565328
0.2750826998744778,-1.700086903007187,-0.496178219706636,-3.019437057265913,-2.853294898042015,-1.9361343277274388,-0.6280659166489236,-1.0614537195199332,-1.9841373570258485,-1.559994595468156,-2.041172970339938,-0.9745188148147477,-0.2764991291931853,-0.734833837225636,-1.6256662646264708,-1.365003519069699,-1.2556444367983453,-0.18549396060092985,-2.523275147476566,-1.1774171463950782,-2.6685891711863667,-3.374101265485675,-1.622123364775836,-2.582045960007217,-2.143122800175761,-2.6987782547752053,-1.3922725278548163,-1.0045904867997404,-1.013456931323067,-2.256849796732667,-0.3339716104618773,-1.344881882067757,-1.0722958732608814,-0.23350928374585123,-0.6980227476912964,-0.6136615141613295,-1.5199059644834505,-1.3809292004036229,-0.8320423925923065,-1.5091252880492079,-0.8841924401794068,-2.103209434509532,0.17653820076146443,-0.13672950982778384,-0.3495848939283665,-1.180004178027844,-1.8133417398998284,-2.024730869474266,-1.4581083760293332,-0.719762886881665,-3.4136434784817626,-1.73127576861651,-0.5078111160528409,-0.6018130634430241,-1.5600488720890744,-1.2589597882487769,-0.9382141865438034,-1.2228528350616237,-2.378849936326981,-0.666151353174812,-3.743913064264651,-3.073549902830738,-2.55253284614601,-2.508836147144208,-2.9514688501386313,0.38492881192681405,-2.9241472087393783,-1.445956433754252,-1.5320305004094048,-1.6367872685542757,0.1003225678794527,-0.6956267033674965,-1.0640081657646037,-0.9398759054245064,-1.8216619183961993,-2.849219355888434,-0.4086503388502752,-1.4453003559974575,-1.6380142290195332,-1.188962748408465,-3.9879032596505586
-4.121775506329212,-1.0498994836041393,-5.71211515959184,-3.8408033360064477,-2.5705409645936776,-3.371819722714923,0.07639547601834747,-1.04644281464777,-3.4005535202472044,-1.2933748276211994,-4.179067271901908,-4.326484029265146,-4.587702143014689,-4.095972930568546,-2.71295563202152,-0.08045710707799258,-3.0977343876226064,-2.1705948467777967,-6.5247647294406645,-2.301838438191908,-6.777819969458798,-1.6834940651175723,-2.2227222818968255,-3.9296795643323263,-4.002798727138636,-1.6152041517689304,-2.9081586354456,-1.459777149459049,-0.7352317340520659,-0.4927829347097522,-2.671644429506437,-0.025009554598568948,-0.4032469075119287,-1.4033272080205816,0.07348083116372181,-2.174063158457372,-0.9522207266184878,-2.4883965892209594,-1.8105011818743193,-1.0392680260958664,-4.109096079091548,-1.361212407958236,-4.408975826056781,-2.026231141021403,-1.8600321993196731,-0.6834517509096425,-3.1926065813725146,-4.607417613350444,-5.086945050010105,-1.4388961074500033,-2.471334856046206,-1.233077455170152,-3.580587651923562,-0.3912455259608867,-0.6956321478909232,-1.3570954891596612,-3.510326952365808,-3.8771477248437978,-1.451867088012837,-2.6175838351668,-2.353027481704329,-0.6745924083792452,-5.1928546075944615,-0.5907646810818374,-2.9053726199796275,-4.014145227140962,-4.03362524673788,-3.3486031837420924,-1.5983368369611952,-2.545128825410401,-2.990959462903934,0.6305650351016479,-1.2403053802089046,-2.2833483928121283,-4.129161061945741,-1.1358100362898063,-3.60110664290222,-4.18491594228348,-1.9752296550155262,-3.9225381941046447,-5.61259300977234
0.33569620162943525,-0.6698139253420334,1.8776800686384356,0.611107704451395,0.36105487105801054,0.731944437158804,-1.6271113555725196,-1.6179558831088432,1.5206476252668695,0.5834482543986963,1.0227189433692305,1.3219647727616533,-0.5469276359238586,0.10585371774496527,0.19316998365132465,0.6849548704246791,0.02755675990298486,-1.3384368322004898,1.8983382841265206,-0.21469494622325352,1.5727902615721319,-0.43382899509077716,-2.4162738246479294,1.730889688078234,-0.07415758366129133,-0.41805228089557916,0.487153244506175,0.03731731181464343,-0.5365893548107996,0.11214758785997148,-1.6731014487442522,-0.7527054969488459,-1.8515526413098407,-1.8477996186415546,-1.783812091102746,1.044887150087099,-0.11600323733567225,-1.8713094758810915,0.34795974943944524,-2.6668401215132156,-0.1141131033542872,-0.38554395137648684,-0.08109437083472604,0.5354062149305783,-1.5064031324721758,-0.9365680544536151,0.8734845082297036,1.5984898554300304,2.4343461893509026,-0.0988723121983906,1.0486015018065271,0.8035552540096206,0.15918319762386157,-0.438756461500194,-0.46216779516381734,-1.6777906273701522,0.36923717094318304,1.3024937307160225,-2.7484951523678633,1.1669517122818667,-1.7285487242128135,-1.5478302922603162,1.3675688343859762,-1.0847835165104223,0.5557648504414148,1.4193731703443957,1.037587269669585,0.30726790351003164,-0.29928421046946224,0.42064351821224966,1.1825243133395353,-1.468583499208183,-0.3140298493787961,-1.5024570481515631,-0.4946090419632506,-0.41212755045460037,0.33816760454614064,1.0041623117609972,-0.3438429782721075,1.054733784352327,1.9335723392963728
1.3319799457978223,1.9131371285875722,2.6442259653903673,0.9320461050889419,1.1290843403324058,0.5396250083765615,0.6744343393104033,2.193986424659156,1.0192488145196978,0.5885564708751063,0.6479253417815114,1.4234309016788487,2.3506282693049148,2.9991770164763456,3.302062300340306,0.5906846664009457,0.03903513025891292,2.2612263625835767,2.322977812761053,1.9417956206712976,0.5081205843093384,0.8536367098159201,4.698259957318727,0.3271277940857372,0.7412414381381943,1.0953037930287184,0.8392923079859715,0.1346516756694145,0.39840102845895287,0.24723734365334127,3.3511115240643363,0.5534052327131558,0.4619264181576527,1.1307119064100137,0.6607844817577931,0.0990248141487495,0.8109003273713187,4.527741989701,2.168076373563962,1.7025164807565487,1.825699399251117,2.2381504787162467,3.0378296754692284,-0.11144033528132599,3.1177187190722706,2.6405231024287064,-0.09453009352533509,0.08020276647841657,0.8039748662969688,3.4274194393293684,0.6717074683599286,0.8380895822236081,0.5368072213446672,0.9113584750263034,1.9778584600763456,3.741467967721084,3.3686203365837266,-0.5834443498208314,0.745153044631031,0.19517912822944272,1.3632471681544143,1.0717248526448535,3.472365750527115,1.2155608123634836,2.1967586239157777,2.5671082348796297,0.682086490229384,0.7098134320604055,0.6035976324874764,2.1145419586074765,1.0399244745121636,0.4876824582947315,1.5853947943054207,1.1440575801979471,3.5757279197535095,1.0986358614639808,-0.09466197258079467,0.531830359122901,0.22536567736603058,0.1472416999485816,4.61840067795061
-0.1674007813438327,2.2150798673618026,-0.12072386171004651,0.22927415806968615,2.8892907351642165,1.5689365511300104,1.0742353277716503,1.1136024884156481,0.6008571883771849,1.4332927464998328,1.0241091607181574,-0.25894612724755084,0.0005421724603194567,1.3831422856991047,2.685598799171559,1.209923529055769,0.28917242133858334,0.549222528652406,0.8829943519586905,0.8111683110778674,-0.056457521162930374,1.6476163095276455,1.6148862440765492,1.553631000839039,-0.3632349169638615,2.4104929560534334,0.31411105694493024,0.8506144299086088,0.6920005531046756,1.3961549607933066,0.35600118333545366,1.5407674113993366,1.0590770424908633,-0.2779135470469572,0.4685521596345945,0.2646173091645082,0.2347441177344598,1.8591047368219404,1.9926431588976756,0.6476311998335502,-0.11331661801923082,2.4490422744420295,-0.21158029936649247,-0.3789793212758774,0.2139133697879661,2.0631265338907108,0.674632790938843,0.8258110269102181,0.7452786644826261,2.118671369222717,1.7218136383094098,1.5672296667321919,-0.6821463106982434,1.3577497117648847,1.9064941098939263,1.826682758655384,1.1189634408622746,0.2610808136940987,0.8986738550315608,0.6618926065917962,1.5279967460009756,1.8933341761634646,1.6253363394380416,2.220752587020795,3.067950680790153,-0.005084097087775741,1.3168697237313434,1.4235951130073305,0.6839085833014158,0.9218155223019598,0.25368571765582637,0.8930562117827395,2.228872389212987,-0.33747668851086854,0.10584118848670299,2.3020162650013085,-1.001837218744337,0.2918828399172455,0.4936633628945986,-0.5583678279714965,2.6144011054579046
0.0661699675761036,2.421128798364228,0.3646313792645852,-1.4543128969539603,0.7531369531137307,0.5041695294486651,1.101045849564745,1.0589124446946332,-0.7582629779411846,0.815927279635855,0.7355195347433305,0.8391685609032167,-0.4683344926462759,2.5502313573697792,2.035723336694897,0.42495510591942776,0.21437390428332376,0.21416545516077953,-0.37134879525994524,0.6789878805552872,-2.0517871296275727,0.2796767990226293,1.3996473750769494,-0.2820780881132667,0.26152412032036115,1.9044825609662612,-1.224661710886411,1.2154705736288625,1.077917268967561,1.183951550402854,0.38777842893565484,1.7704451137861534,1.7336755171167124,-0.7702215001412128,1.3439177429347549,0.34723449989576094,-0.7072480496268135,2.3853143850723932,0.9891721182511917,0.8109931184193417,-0.7044236752414099,1.9397622451104866,-0.5040060232969843,-0.34126152489318606,1.2888162728467378,2.8427152394600705,0.1654845797161093,-0.8411915040491211,-0.5889293370837732,2.5143214780535543,1.1012285614441772,0.3332792253708575,-1.3060175347415937,1.6435031197155248,2.7470880106294384,2.596197026357518,1.0365976940254582,-1.002376570100411,0.7947651577185888,-0.7620091515250551,-0.05323935639718411,1.0603947710012014,-0.1472975089022672,1.3789191220492678,1.5559639467846087,0.3060042942669262,-0.321263260689523,1.4760662769342874,1.6716521878883128,1.6136640022957747,0.4725141501967379,1.3335355680176197,1.5518977246698697,-0.9865027345694853,0.11183908560012559,1.8320749615464393,0.06258765002638245,0.27980383204189063,-0.8146771920058752,-0.8240375880394138,0.7113756560027658
-1.1769071701665208,0.9463167838073812,-1.2590310494544399,-2.4263240871194203,0.8789117961977376,0.4172917049895713,-0.40510165895130584,-1.2590085065509546,-0.3880850865585242,0.9413493359191681,0.3754637706181619,-0.9873440438136886,-2.8065591229642997,-0.17171227020428498,1.5573695368199885,-0.01692291939737528,-1.4984104933805544,-1.6948840960729614,0.2074978057760931,-0.7044498526484382,-2.478316347527899,-0.15197156481290294,-2.4322932202405387,0.196564866606213,-2.684879065795938,1.362476338136139,-1.3008139718967717,-0.12077830607395157,0.7391217339296582,1.3445777360915663,-3.4090607080616557,1.7989074901955782,-0.42856632977848524,-2.441124625696777,-0.8003492261544185,0.0234036115893545,-2.016933112359882,-1.6630604682008385,0.019918072026798628,-3.007726442077776,-2.9147016696324326,1.2147941057786433,-2.433539707271831,-1.602622591560539,-2.052884967915907,0.9666820934861693,-0.03676371615426571,-1.1049678435193409,-0.7236021108632663,0.24462456079861206,1.020075139272676,0.5565338534572464,-2.6937289005543827,0.27892376410716446,1.0466005282862716,0.08845769516955762,-0.7443339149485205,-1.3258266859323005,-2.4652375589207156,-0.9730502894767165,-0.9865774204922861,0.017722812189491788,-0.3824345296362027,-0.35711538955243405,0.6627745643079455,-0.5404711819156477,0.2686531371478302,0.06540836954663531,0.34422922077511997,0.5378811032389332,-1.1538097955599638,0.4133970991052125,-0.2814449236141877,-3.2773999739841204,-2.644899384308531,1.5011933110122957,-1.9290854773981858,0.34670680463489945,-0.5959077902948897,-1.6499381406448743,0.4442997679163697
-2.1558892597979744,-2.898361955457235,-3.3802867116113684,-2.1559306973207333,-2.389754135520822,-2.2223361529999757,-0.8248653620683304,-2.866890590174137,-1.1864179649659519,-1.556949249375514,-1.029245812286432,-1.5839449534706596,-2.9854281520313792,-4.434203927237031,-4.392676486967479,-1.2117038431221994,-1.2931573625026431,-2.5790563704111396,-2.7942436772013224,-3.0435309621057227,-1.8965613001738377,-2.1269404269592442,-5.428220720003622,-1.6343294794788517,-1.8822080070368814,-2.4372918126384966,-1.300400778021555,-1.0496600479212765,-1.1395417036596205,-1.3489658019728834,-3.858841582291872,-1.5020048397366361,-1.5184246993815878,-1.5421679095970093,-1.284581542755157,-1.379367757546909,-1.9005872650289826,-5.3976792968769605,-3.4486781223979412,-3.1971836853903532,-2.570865511917223,-3.4243539177930504,-3.601205294162983,-0.7266709159047299,-4.018997077955557,-3.0311874712652527,-0.954734896083466,-0.8191832897395144,-0.6416018316292155,-3.928344827774854,-2.2252476456275816,-0.842215357139217,-0.8897745279750406,-1.527213936469236,-2.6896047084787313,-3.8038814043810287,-3.3868579013603033,-0.8197874826135235,-2.5486349495202907,-0.8189395179718262,-3.3142190675367953,-2.0510382198891883,-3.8694657760093443,-2.357834364930766,-3.469722311613115,-3.144132614713313,-1.6236020748921547,-1.0943887175876177,-1.1173627500110488,-1.632893398303058,-1.272014448434517,-1.5495139249192678,-2.040525370437833,-2.043384413074274,-4.290510832139207,-1.730944551996596,-0.5228523671733675,-1.2419500373899222,-1.3166753699905909,-1.023410723920757,-4.630968996421768
0.7737828552825223,-1.4121828722052538,0.8204159508473089,1.767835672119904,0.18062818756125726,0.8435277870836999,-0.5027539862965891,-0.6685982567734112,2.102056030213608,0.7592451534674394,1.119212878824623,0.7708555056871216,1.0023393169619874,-0.08651424017895006,-0.048672184870776514,0.09030418108493145,0.6192096771051127,-0.10894876424710861,2.711358842453984,0.41389600327692105,3.1542812815822,0.7653293412701909,-1.6245754253756208,2.6230446339176536,1.019806541982345,-0.49545114077208496,1.2629829884332429,-0.5197721173476018,-0.22270145419123444,-0.41328551718522794,-0.10238475039894143,-0.9179207841476816,-0.5948966069804158,-0.1275560946424344,-1.6786264327288039,0.40042841285951103,0.5223942940300074,-1.8050035409973575,-0.26435223581452716,-1.0591065148695147,1.0702801240008,-0.9176592076423593,0.7312966832023932,0.5932611749335591,-1.0808002687529887,-1.674031094883183,1.3395997101405952,2.3484463173604015,2.3035349407244397,-0.8778917186297642,0.8334197597451093,0.7894115642228388,0.6731624908368427,-0.9568921814598083,-1.9544560807320355,-1.5348634450660725,0.09993963583408783,2.3996382829907845,-0.4170807503772906,1.0853016434015719,0.6553039631463272,-0.44022254476812295,2.0916170395934675,-1.0652052062029644,0.3088406606158865,0.06269534796164022,1.4723248319856455,0.18698516985286923,-0.37297836843704696,0.037035781432788795,0.17820262636390982,-0.7190263066279088,0.06611167754507524,0.02311233709235405,0.2798592629890601,-1.0010596194115147,1.085390042654534,0.5606397073511522,0.9992066285496689,1.3881774996811833,0.8134991010735049
0.2081435144063544,-0.29889473908164665,-0.5874662885916901,-0.9583184007620422,0.2615784288856235,0.49183840638049553,0.7875064868694991,-0.6147880420656717,-0.517937176719456,-0.3374316055655809,0.4179954726334226,0.6106495454214911,-0.10452834408567763,0.9243805628684546,-1.2283657581253244,-0.32239599755780146,1.1444459965994545,-1.3391374968087522,-1.5166347362416244,-0.43111341583227647,0.004143884136453613,-0.7622070782472277,-0.7229107660464634,-0.9730006826886228,1.2889446030990026,-0.061474639327869215,-0.9200811235542805,1.4251697468330278,1.0105231596806936,0.4378373570729138,-1.2433060951718482,0.03489194220776026,1.1721143728428989,-0.7979491172793833,0.26149966964590315,1.2265176857789672,-0.9371681982119525,-0.9871115788990205,-1.5373421743891116,-0.03756119295640958,0.30183317583333064,-0.055822902535971886,-0.13345548137382446,0.213475808916981,-1.5252364871204587,0.006825164749921827,0.5101606965405039,-0.22578514981010964,-0.6176181801732337,-0.3572895646820628,-0.4058011587231893,-0.6757983264899661,-0.05976133473557543,0.3044663423924739,0.6954708782859683,-0.49399251312014236,-1.345355592908248,-0.24508893457469996,-0.1958665454459511,-0.23815148578991527,-1.3681264654228444,-0.45941023496489675,-2.107643346384696,0.22584572894017418,-1.1710899546871252,-0.11073361653241537,-0.44749831427875963,1.5315755119001884,1.7281164469881323,0.9918754035994493,0.07300401419874464,0.5004396264930984,-0.6118874943498426,-1.0765376309476595,-2.2896625320112514,0.4657440199128747,0.49600179484001383,0.9286201719437763,-1.4396460016886317,0.4057392742888972,-3.9349527433607125
0.17457580020655108,-0.9015322703978128,0.4518659009350404,-0.6446698139814652,-1.6892708453272394,-1.2834149994091237,-1.0103737319162278,-0.22141679719040858,-0.05608875471294959,-0.0460710519051748,-1.0362529493110901,0.054712263831741825,0.20316064455377153,-0.115072394810312,-0.7309003869123514,-0.677158804488958,-0.3637806672651315,0.8514616123156755,-0.25563729729408685,0.7321791925974348,0.09737234066960221,-1.3800812386856451,-0.39914538330953514,-0.4181724717964882,-1.40759248979649,-1.5748843213970354,-0.03761934276717123,-0.796206176550733,-0.6801106082590109,-1.7125056327172654,0.8238700240793039,-1.3673155157363666,-1.0497804486571571,-0.08860198860976445,-0.22246200804463956,-1.1841221135702222,-0.652352673722095,-0.6846916964120795,-0.003034566658600274,-0.4318106092490036,-0.1718790569591429,-1.0437454894364908,0.15904222519810052,-0.5867892100462304,0.5461341946850986,-0.5650281161249986,-0.5412256748873444,-0.6088322375741824,0.18336808620535,-0.10945280178976238,-1.3973723487314045,-0.5399381416479035,0.05477219462010652,-0.35054943938137906,-1.2359631470640893,-0.8045078063443636,1.0799651927090366,0.4342961467713303,-1.2211669201209605,-0.13810123731253657,-0.8072616006518922,-1.9906416624024315,1.0503367074596943,-2.0567649018772602,-0.46834816972820653,1.0643161750637853,-0.662264235843941,-1.6366983696384727,-1.4133247386318761,-0.7839580360577486,-0.28975124473864333,-0.33509725154962267,-0.4399561180628965,-0.3220371886087949,0.4474180926343067,-1.7626911638383114,0.051020064385011776,-1.2925865092901259,-0.12788965466457955,-0.010195769176606362,0.8430260535999436
-2.6273065666724005,0.15921252137507957,-3.655244436726859,-2.17237269859578,-1.5866042318629372,-1.6834611396370744,0.29584716287093193,-1.1159327775931767,-1.7576020078694237,-0.9788538081119464,-1.3666417424547812,-2.222616301830396,-3.2188321905308,-1.5495407825648795,-1.8526578402766367,-0.2031119073594949,-1.0983294308036158,-1.6871507106200352,-4.4599252496750275,-2.1247671444477847,-3.605936917437611,-1.579148458932422,-1.6698689914788702,-2.3602483322020653,-0.9447336232765564,0.26555039214948684,-2.2684742899468677,-0.001723251646856494,0.21034750899624097,0.45107060922232517,-2.200443494257436,0.705206512053038,-0.000912257038782005,-0.5817335484441979,0.6826359103962063,-0.6205771037314107,-1.3779690069785593,-1.7482836443196506,-1.5396772935937817,0.22834808945818807,-2.298674010849065,-0.6093864784673308,-2.620865428155779,-1.0306641790751756,-1.8329998327155173,-0.45688237735692167,-1.3019229020671035,-1.7228002932434032,-2.059728623683304,-1.2883195485059318,-1.213535129560243,-0.434823920734026,-1.5571867777820794,0.16341376270241453,-0.9798474028205362,-0.8508158210203554,-2.3817651266238395,-2.3182663538539665,-0.7108308569317983,-0.94633814785676,-1.2684843827004815,-0.853967772612354,-3.8360748878022024,-0.32569228439553266,-2.0510431652331302,-2.375165138218063,-2.2664584302804456,-0.9469517143408093,-0.107864925417154,-1.5218699461216831,-1.6980605147720114,0.6423325674328693,-0.9842142010840128,-1.1775106862274427,-3.0911323604564442,0.2049386753785562,-1.882968817771753,-1.1998033042004166,-1.266338227219114,-2.0939270864888027,-4.237214377561173
0.15209555054489302,-2.7580788943125842,1.007164063831083,-2.2147964365519366,-4.184696450613979,-2.8428413800413566,-1.961377759621061,-1.2258798912975741,-0.7377821338004087,-0.6075266043286198,-3.5812388840498097,-1.796855049375774,-1.3618640382223335,-2.5665976345818384,-0.7030794025700673,-0.7271887582505466,-3.1626072557547986,-0.06015314630562563,0.20559683361977155,0.4101081206184366,-2.7707046355218155,-3.0945430778265197,-3.401845966223194,-0.9812400906541089,-5.170748612823356,-3.5530524470692897,-1.4278271546995243,-2.6474865565969132,-1.417813248429986,-2.738797490368349,-1.1458643101542774,-3.063220665400938,-4.010928250247159,-1.8132246603337203,-3.55424035167992,-2.0556128715458666,-1.4430684972863659,-2.785302961802805,-0.11984399873734228,-3.7746169444204143,-1.1672005373440761,-2.4879036932782053,-0.4026181653114404,-1.1203715459938972,-1.5805171379084382,-1.883507660228633,-1.8449070806857493,-1.4269591645477466,-1.2163667164981804,-1.2910637340872626,-2.752483286399205,-0.5156564185182517,-2.783864369699745,-1.5564955366961286,-2.060872635207913,-2.3400740918237215,1.8373479264345818,-1.1657605643419215,-3.431955386070743,-0.28243591763373305,-4.406143576399754,-4.321857787028004,0.9810677322291554,-4.14693413961258,-0.5151351921091745,0.7097220632945846,-2.7432341997645695,-4.249405591136375,-3.6503547662257883,-2.511994819294264,-1.3919501679247324,-2.8688778760844516,-0.7296433670917145,-2.427130651732872,-1.0115900429506588,-3.283142783941623,-2.133538165498524,-3.175170751614542,-1.0945637428146906,-1.979205190751793,2.4399352752111594
-1.3683351733412132,2.2400921896591246,-0.9663331022304941,0.3565598519893797,1.6012505466456215,1.0153948558457966,0.15051774363004622,-0.479416666165209,0.9595549331415685,1.9072237238942926,0.395218336158087,-1.0358095275031773,-1.5843766135727608,0.14662541306448917,2.0659007391757647,0.39718354155528235,-1.1293688553970316,-0.9643384959454722,0.9790644351527847,0.42522584298617994,-0.2678420329178945,1.4116893657350453,-0.5895990857940041,1.793754329844505,-2.3990184843821645,2.459502876348303,-0.4012391045210208,-0.14796933720305253,0.51485989609712,1.9137129664901698,-1.3375960097346038,1.7651313068117687,-0.2762197165008447,-0.8966606410939352,-0.3513846269702119,-0.7957023130582233,0.041774932091874994,0.10656018529939154,1.464746591529094,-0.38781176877157186,-2.0311883971345357,2.131664199164391,-1.9156205165460838,-0.8207589977359255,-0.741761171897161,0.9540577045056207,0.1988483247534406,0.31459985838554616,-0.32202334693784473,1.5327885782157415,2.207136462193489,1.356234219561805,-2.3757011659970453,1.0004354516687701,0.8799660724452334,0.5249933211940805,0.9702027399464646,-0.7495579906638528,-0.8591377102140341,-0.04384703200298706,1.1149774287023906,1.4189547141887624,1.6733079463285034,0.6759339407735272,2.7400961768889784,-0.43566738166740543,0.9084093276843397,-1.0304041975891016,0.1835143668829351,-0.3600100460009496,-0.754668372513159,0.49747530006133134,0.9503779079682659,-0.9138366602683919,0.011001514441192572,2.185310332364939,-1.9346408393798733,-0.06867722264080116,0.5059321319790487,-0.3373669517447494,3.2641203166261636
0.45101924367472257,0.9912448559100071,0.6995091308569272,0.18261942637151057,1.403381374562717,0.9226304684518316,-0.009976504660684893,-0.08345060674930788,1.5345155188953714,1.3904541367803762,1.4003568757604006,0.8729318102174715,0.004982209977505897,0.746156339272239,0.9844329593945311,0.24113402206507334,0.6086821726031458,-0.05568543278506905,0.773089402583416,-0.17409113501095733,0.6448354496122288,0.8888500506772993,0.17057615580313518,0.7860814740996642,0.15649456841587361,1.1871847014655057,0.4758779537222617,0.7284436831736385,0.6962955272624407,0.4784578474972676,-0.14310634647977863,0.7195411762667225,0.19539637748085747,-0.246042995039012,-0.06076489648135591,0.6161261410290356,-0.025752040534268106,0.6363242948581422,0.3075360860369305,0.5130673650338087,0.15579994880071668,1.3865089695032633,-0.21390468322052042,0.286467604643346,0.5217467372014063,0.9731800207422185,0.26336188720418763,0.7803654851949887,0.5886311849012668,1.307731726114241,0.9517423232181299,0.5336027857782848,0.2682774289441799,0.20390373648354904,0.7453071907289122,1.3366646982945214,0.6959792661912135,0.6535933978509613,0.06851877507288687,1.054590909474878,0.581357925023881,0.9587631483354496,1.015550779591094,0.6715330760881372,1.264864579567182,0.365040672766841,1.0090911770977244,1.399928824091108,1.1301341781881322,0.590120370399019,0.5621701201086265,0.3720414172124954,0.930488267083948,-0.1409367006196693,0.4102902905982114,1.0376508457342677,0.6501257676311223,0.8481377673506478,0.3945063877034702,0.15896079601081448,0.6772488979045006
-1.6131979540389256,1.7319081161153635,-1.9850621582213392,-2.085647510727697,0.2811093481612327,-1.1743384685717118,0.11047992338032057,-0.6268712236920121,-1.131586522336736,0.22712627938027022,-2.1663988868848074,-2.5432885336698763,-3.1547131582951833,-0.7462528979364772,1.2516458149050247,0.8213129854877892,-2.8986304837254453,-0.6062479917144211,-1.4869696023812098,-0.009826350803868247,-3.9545092440324985,-0.07110616038112474,0.4293715625051244,-0.8617674877560791,-4.610562189729973,0.8090129750172529,-2.259042850139328,-0.9066694068227592,-0.5070983420965393,1.0072980954040986,-1.4611563414105457,1.4454292273360354,-0.8147299444225177,-1.6389094919476905,-0.08157574508120913,-1.7728987939188514,-1.3875675897030109,0.7060019457736098,1.1497219160791254,-0.7777655501423051,-3.1585549673692843,2.0595196629740142,-2.2798012655290454,-2.936780843564402,-0.6270030231069439,1.4574111010219548,-1.9688024032013258,-2.1503742759666933,-3.1099876219640854,2.348553542275849,-0.25194602000121546,0.572040656734063,-4.078009255356161,0.5265844382103663,1.648103334246706,1.0099703226066585,0.7459896400330344,-2.678305302681341,-1.7621196523178184,-1.743409059588821,-1.6179660822989965,-0.4550761905986288,0.10180615387089836,0.34305382980868593,1.43825630997855,-1.9729408656259158,-1.6437621318375064,-2.1444322374485894,-1.7643828523459568,-1.1527183378379462,-2.059186933286274,-0.3580562864028232,0.9180441000316906,-2.232037457945303,-1.094884338253397,1.3087469639681721,-3.5381232673993543,-2.134440090537221,-0.36990981757699415,-2.2152469269161417,0.5054049813087048
1.0612318592388772,-0.1528382224712353,1.6537671101688816,-0.19764318966806638,-0.28699869417651064,-0.5735819760061021,-1.2403068169708917,-0.80902918989666,1.0664493787955942,0.37517706921462424,-0.16368200340055988,-0.10793314124587738,-0.9888586979692904,-0.08231365423071041,0.7856355324865185,-0.3458529087456033,-1.7118341724491128,-0.6197430125242205,2.1917602613974068,0.8035875301236217,0.19637516012815287,-1.2627975019729036,-2.7471909151402776,1.1856721827112542,-3.0510571539577738,-0.953136204067075,-0.597591617854499,-0.3587679807646269,-0.8818696852841585,-0.5246721649367873,-1.7386044590918874,-1.899414286219674,-1.9978733272027107,-2.2691020668779993,-2.1863995688703985,-0.5801498532215229,-0.3440612141837862,-1.2345584329210675,1.7436430230211888,-2.7241668748014556,-0.48965832516543584,0.05546118701843741,-0.17975037189268162,-0.4429848146671991,-0.445505376920094,-0.12895384681568356,-0.15914842014383201,1.5468763024675027,1.3616318513310788,0.5503919179342797,0.14708806439907368,0.5982484447660562,-1.991476946420796,-1.3798690050040547,-0.4233732602865977,-0.9359313866612032,1.6701551328844915,0.3483513194759522,-2.9750111894545603,0.03485469646542927,-1.778871325909332,-1.7291075190316252,2.7014768912215352,-1.8723526405412518,1.1778852329324787,1.5075244233236702,0.6724237060850757,-0.6947587735411709,-1.5462582126288134,0.0019965877016426825,0.41910164560874064,-1.7993550316220297,0.13990981707236022,-2.2240882464518505,-0.2346674017843487,-0.4596335092307835,-0.6157312260312072,-0.299549195640531,-0.15449954728818824,-0.2997174032395561,4.216860317232501
1.0814139976870731,2.314063821599578,1.0390063625694739,0.7327043392763355,1.8272012679044092,0.13583186675691367,0.260912967945837,1.397076576079667,0.3510070064994091,0.9563204576015962,0.15627343112426428,0.33864293843337584,0.9319297756958693,1.3002070266501498,3.578018006185843,0.8021550592784594,-1.0158838480891743,1.2971125557790057,1.5154751947192893,1.0830281822864283,-0.1539250670993516,1.1177656278557602,2.3471409715442055,0.7069483531052663,-1.5299425468810297,1.5492591858358442,-0.10921843979290452,0.5059150900810139,0.5022365147700213,1.4572698198441476,0.7813627078036032,1.2454047199970362,0.2636463524806413,0.09192925459351509,-0.09874983357324518,-0.24623187853123873,0.5736844477516626,3.0373934803602536,2.2316408730891233,0.8499512567204326,0.08823122540901542,2.7464985383381006,0.5131873302182894,-0.9217672246562284,2.0660122125994493,2.0670721853246783,-0.1274301599284381,0.04431638016492183,-0.6693663695219144,2.8526652261662853,1.0110997333964948,0.8617168814116519,-0.8050477526641112,1.0157545518482982,1.8621756930416995,2.0197430881024743,2.954231273823985,0.38348251273077055,0.009684546966304441,0.054929966699002464,1.0645069579096618,1.5944827404968875,2.5771833190360414,0.6996261490585476,3.0712226966292597,1.4035393374611873,1.2339212868634204,-1.1625998433762348,0.2452074004494042,0.9034467272841901,-0.15127444743800691,0.29348701500921265,1.9473216423856514,-0.30328538189570303,2.7293258138591527,1.769436533881787,-1.2275824297015492,-0.30686185490729806,0.9704226907394449,0.08836430722225513,4.282972948755292
